,L4/5 IT CTX,L2/3 IT CTX-1,L6 IT CTX,L6b CTX,L6 CT CTX,Vip,L5 IT CTX,L5 NP CTX,Lamp5,Sst,L5 PT CTX
400_27600,0.0,0.0,0.0,0.6149597,0.0,0.0,0.018927122,0.263828,0.0,0.08341889,0.0
400_28400,0.0,0.0,0.07300763,0.27280778,0.032708656,0.101838246,0.070576504,0.326145,0.0,0.11719786,0.0
400_29200,0.0,0.0,0.12007947,0.48687202,0.017580705,0.06878913,0.079357274,0.10050916,0.0,0.124219514,0.0
400_30000,0.010733525,0.0,0.011382933,0.2954453,0.08527931,0.15097924,0.109916404,0.2947754,0.0,0.024703853,0.0
400_30800,0.0,0.0,0.0,0.25533998,0.016823573,0.028510882,0.084095396,0.5939921,0.0,0.0,0.0
400_31600,0.0,0.0,0.0,0.73811704,0.010501439,0.03498895,0.0,0.0,0.0,0.20650896,0.0
400_32400,0.0,0.0,0.0,0.22446914,0.02613579,0.243792,0.0,0.0,0.0,0.49638468,0.0
400_33200,0.0,0.014414418,0.04519872,0.1184217,0.5536026,0.07709535,0.0,0.010930046,0.0,0.16379888,0.0
400_34000,0.0,0.03405861,0.038538635,0.08511761,0.7332595,0.09378561,0.0,0.0,0.0,0.0,0.0
400_34800,0.0,0.046584312,0.038533114,0.09087077,0.5229683,0.087856494,0.0,0.0,0.010320997,0.18834186,0.0
400_35600,0.0,0.035309106,0.1603009,0.11028151,0.53633505,0.0,0.028250694,0.018500447,0.031605802,0.062454555,0.0
400_36400,0.0,0.015162816,0.06075622,0.2513312,0.08128127,0.0,0.095574945,0.15847103,0.10625353,0.20860653,0.013548035
400_37200,0.012538361,0.07997031,0.054574456,0.23188052,0.06364357,0.0,0.10003727,0.21252444,0.15139556,0.011891828,0.0769231
400_38000,0.0,0.09439882,0.019758048,0.25815588,0.030331792,0.0,0.04496489,0.27453724,0.07836939,0.0,0.18632579
400_38800,0.0,0.0,0.012094914,0.32827464,0.021881167,0.0,0.017772159,0.087605804,0.03790412,0.49072337,0.0
400_39600,0.021684807,0.034619678,0.1681523,0.10614949,0.040932477,0.15170623,0.10989312,0.084299766,0.027725432,0.24198753,0.012849073
400_40400,0.3368133,0.038474023,0.063570626,0.2287568,0.05665851,0.039949704,0.08005409,0.09434283,0.012793942,0.044286612,0.0
400_41200,0.1304011,0.0,0.064645514,0.1288143,0.08560418,0.20658277,0.08203477,0.04928409,0.0,0.24217445,0.0
400_42000,0.25920117,0.0,0.041046567,0.35659027,0.039059192,0.03369133,0.12449033,0.14196192,0.0,0.0,0.0
400_42800,0.20333523,0.08406346,0.09976476,0.20527078,0.016500996,0.0,0.16174443,0.21554495,0.0,0.0,0.0
400_43600,0.022311512,0.26486152,0.05115118,0.23530808,0.018074308,0.0,0.10680963,0.23875368,0.011592747,0.0,0.043271683
400_44400,0.026786745,0.14082539,0.07994878,0.1192236,0.21690314,0.12434948,0.046002664,0.057293113,0.020152941,0.08625649,0.08225765
400_45200,0.0,0.36258602,0.2224743,0.23541354,0.044789024,0.0,0.0,0.0,0.013327047,0.110169,0.0
400_46000,0.0,0.30165768,0.21787524,0.24972636,0.057104994,0.041819397,0.011603573,0.0,0.07541742,0.030363603,0.0
400_46800,0.0,0.31730726,0.024815938,0.48496515,0.06626856,0.0,0.0,0.0649816,0.015610147,0.010980141,0.0
400_47600,0.0,0.0,0.0,0.28824973,0.0113828005,0.0,0.041581694,0.64949656,0.0,0.0,0.0
1200_26000,0.0,0.0,0.01589656,0.55297244,0.2432404,0.08895518,0.016145132,0.045356438,0.0,0.035626836,0.0
1200_26800,0.014543421,0.0,0.011486467,0.37490737,0.082707696,0.27738464,0.06282834,0.16071391,0.0,0.0,0.0
1200_27600,0.0,0.0,0.0,0.43074566,0.031183003,0.06724907,0.09006289,0.30260262,0.032976277,0.019486059,0.0
1200_28400,0.0,0.02228929,0.3579151,0.15827386,0.15917198,0.0139673455,0.0,0.0,0.07202167,0.2005576,0.0
1200_29200,0.0,0.0,0.033286892,0.16217431,0.046154592,0.041839287,0.0380808,0.15963238,0.0,0.5110054,0.0
1200_30000,0.0,0.0,0.019996796,0.18964787,0.12497401,0.19573793,0.05617345,0.360454,0.0,0.033388454,0.0
1200_30800,0.0,0.0,0.0,0.6357984,0.0,0.0,0.017236166,0.24387717,0.0,0.08991563,0.0
1200_31600,0.0,0.0,0.0,0.68405277,0.0,0.085697055,0.014723771,0.15441248,0.0,0.054411497,0.0
1200_32400,0.0,0.0,0.020649647,0.3193293,0.29842222,0.0717056,0.0,0.0,0.0,0.284371,0.0
1200_33200,0.0,0.026631529,0.06332325,0.15176047,0.49073854,0.03406562,0.0,0.0,0.0,0.21710838,0.0
1200_34000,0.0,0.019186659,0.045215458,0.08610867,0.5380405,0.0,0.0,0.0,0.0,0.28904974,0.0
1200_34800,0.0,0.020142438,0.22802447,0.10363433,0.4264368,0.079692185,0.01431473,0.0,0.0,0.11275257,0.0
1200_35600,0.0,0.015061653,0.33527103,0.08339861,0.5181152,0.0,0.028225867,0.0,0.0,0.0,0.0
1200_36400,0.010331805,0.03747258,0.11234613,0.10693885,0.04458059,0.015719753,0.113752276,0.12965612,0.15790561,0.23458086,0.03671544
1200_37200,0.0,0.1337314,0.14753215,0.29151925,0.039784953,0.020080397,0.12085998,0.1722793,0.015807202,0.0,0.042720206
1200_38000,0.0,0.0,0.39426643,0.22231437,0.023924923,0.0,0.022345958,0.025270484,0.0,0.3040394,0.0
1200_38800,0.0,0.0,0.15974057,0.65377754,0.03254487,0.0,0.03287146,0.06377841,0.0,0.046330396,0.0
1200_39600,0.19674611,0.06466271,0.21898384,0.1685697,0.0598776,0.08074144,0.09618401,0.039003074,0.019307958,0.048507575,0.0
1200_40400,0.22859268,0.01488706,0.22590834,0.14422795,0.053548634,0.019114312,0.098575935,0.053513374,0.0,0.15728948,0.0
1200_41200,0.13058713,0.0,0.08464449,0.17178467,0.09204311,0.12371134,0.14504462,0.08689402,0.0,0.16020834,0.0
1200_42000,0.06023456,0.0,0.062372304,0.28802794,0.032289747,0.11413841,0.22782902,0.17369902,0.01023777,0.028124452,0.0
1200_42800,0.16691507,0.023287702,0.07529579,0.24975634,0.09074994,0.035010457,0.13430189,0.15727669,0.04658897,0.01511619,0.0
1200_43600,0.11766835,0.3630226,0.0931396,0.19088767,0.06880859,0.034974325,0.03965014,0.031467803,0.0,0.04027513,0.012730307
1200_44400,0.012867184,0.2820417,0.14253789,0.10904608,0.16252756,0.034127183,0.026889132,0.017682387,0.025798947,0.17235565,0.01412622
1200_45200,0.0,0.41883683,0.07679985,0.14312495,0.04995979,0.013699718,0.0108327195,0.012119404,0.02866245,0.22797464,0.0124323135
1200_46000,0.0,0.41908875,0.14695281,0.12626353,0.05196748,0.029938972,0.0,0.0,0.0,0.19749792,0.0
1200_46800,0.0,0.2196628,0.08680349,0.16495526,0.3867002,0.019612156,0.017885184,0.014439726,0.029180018,0.044117276,0.0
1200_47600,0.011045995,0.0,0.04598578,0.4764973,0.059642594,0.115459815,0.121511534,0.14513238,0.0,0.011241609,0.0
2000_25200,0.0,0.0,0.02778505,0.5165559,0.020276338,0.045019265,0.050899968,0.21578118,0.012518021,0.102109745,0.0
2000_26000,0.0,0.0,0.0,0.5105279,0.113474675,0.11462597,0.02640653,0.2237002,0.0,0.0,0.0
2000_26800,0.0,0.0,0.0,0.6161258,0.01796053,0.0,0.01354146,0.3423956,0.0,0.0,0.0
2000_28400,0.0,0.0,0.116304904,0.10504843,0.010615685,0.0,0.1370969,0.20482758,0.0,0.4063031,0.0
2000_29200,0.0,0.0,0.0,0.35598415,0.12101315,0.0,0.0,0.01356656,0.022393618,0.4651481,0.0
2000_30000,0.0,0.0,0.0,0.609956,0.01039316,0.060021553,0.02538773,0.17487705,0.0,0.11363311,0.0
2000_30800,0.0,0.0,0.0,0.530018,0.025078207,0.20035043,0.0,0.036206648,0.0,0.19301023,0.0
2000_31600,0.0,0.0,0.014705768,0.20710655,0.06525165,0.22389494,0.012352878,0.026872426,0.0,0.44678852,0.0
2000_32400,0.0,0.0,0.048107762,0.1506398,0.4607834,0.1262324,0.0,0.0,0.0,0.20189567,0.0
2000_33200,0.0,0.028358769,0.076776,0.07142407,0.798582,0.0,0.0,0.0,0.0,0.0,0.0
2000_34000,0.0,0.03825838,0.07159487,0.08749497,0.54123443,0.0,0.0,0.0,0.0,0.24229069,0.0
2000_34800,0.0,0.011576577,0.0250304,0.09394107,0.5331471,0.0,0.0,0.0,0.01498533,0.30592772,0.0
2000_35600,0.0,0.0,0.12537844,0.46719638,0.026533244,0.0,0.10890739,0.20661704,0.0,0.05923672,0.0
2000_36400,0.0,0.027112205,0.010746136,0.18711904,0.06546805,0.0,0.023742214,0.053362247,0.30945796,0.24510045,0.06973376
2000_37200,0.0,0.03212265,0.026238075,0.1327697,0.10834985,0.0,0.03419478,0.04228828,0.27260798,0.29418448,0.043432515
2000_38000,0.0,0.3456737,0.11487182,0.30706063,0.03865061,0.0,0.026292354,0.049151722,0.013372426,0.068275616,0.03378461
2000_38800,0.0,0.0,0.045969956,0.15496095,0.0,0.0,0.11997778,0.37839454,0.07102586,0.20387237,0.0
2000_39600,0.17959073,0.0,0.080510534,0.1394962,0.02030177,0.011479745,0.21633862,0.18057638,0.0,0.15547585,0.0
2000_40400,0.3362657,0.0,0.06223179,0.21158822,0.047319826,0.04463913,0.13415721,0.09068644,0.0,0.059886858,0.0
2000_41200,0.25348443,0.011038522,0.06142408,0.09755826,0.16526207,0.16604447,0.06356626,0.04364117,0.011306364,0.12088178,0.0
2000_42000,0.3642337,0.0,0.18840492,0.0942614,0.0,0.0,0.21832612,0.08357207,0.0,0.041931376,0.0
2000_42800,0.18717329,0.097663745,0.14215204,0.10430072,0.070423305,0.011471927,0.10844802,0.05659964,0.057292413,0.12864238,0.035832483
2000_43600,0.10854572,0.37772977,0.19282158,0.13961358,0.0,0.0,0.13465719,0.023728002,0.0,0.0,0.016324572
2000_44400,0.0,0.37004867,0.18897267,0.3192336,0.030642174,0.0,0.025769357,0.02036857,0.0,0.02594545,0.0
2000_45200,0.0,0.24845718,0.09442132,0.13131918,0.06664337,0.05754528,0.04192984,0.040031485,0.123605706,0.13904849,0.049628943
2000_46000,0.011062677,0.27209416,0.12673798,0.20060506,0.064742334,0.026040643,0.047720708,0.031038992,0.17389737,0.025305357,0.02075474
2000_46800,0.0,0.34260482,0.041130427,0.1417583,0.0,0.01603889,0.06699611,0.23019662,0.03335115,0.020571316,0.104314454
2000_47600,0.0,0.0,0.0,0.33790275,0.046449143,0.11940007,0.086976714,0.3446689,0.011194526,0.033545583,0.0
2800_26000,0.0,0.0,0.015129427,0.66883856,0.088148594,0.18362631,0.0,0.01897067,0.0,0.020040812,0.0
2800_26800,0.05363382,0.022205744,0.07106265,0.18314715,0.13770257,0.16229187,0.15006201,0.13964453,0.028958147,0.031875037,0.019416464
2800_27600,0.0,0.073850125,0.29610294,0.118045785,0.029257307,0.06619047,0.079085596,0.049858987,0.0,0.25878793,0.011435152
2800_28400,0.0,0.024526952,0.35218203,0.16348565,0.057542447,0.02132911,0.017617911,0.017854173,0.0,0.3392195,0.0
2800_30000,0.0,0.0,0.0,0.25694755,0.0,0.17260998,0.07083072,0.3723804,0.0,0.1197428,0.0
2800_30800,0.0,0.0,0.0,0.16973154,0.042087376,0.017596342,0.0,0.03416281,0.0,0.71854514,0.0
2800_31600,0.0,0.0,0.0,0.67090493,0.041168407,0.0888448,0.0,0.01194528,0.0,0.18231034,0.0
2800_32400,0.0,0.03176673,0.17543894,0.11297614,0.55977714,0.0840515,0.0,0.0,0.0,0.033578847,0.0
2800_33200,0.0,0.034873888,0.08685948,0.08056149,0.53371346,0.0,0.0,0.0,0.0,0.24623068,0.0
2800_34000,0.0,0.018592395,0.17121048,0.088116534,0.49600792,0.15558234,0.017179126,0.0110863205,0.0,0.03414179,0.0
2800_34800,0.0,0.016546935,0.1610797,0.10956602,0.3915633,0.0,0.02581356,0.021845585,0.0,0.25690827,0.0
2800_35600,0.032401994,0.09673754,0.26419753,0.2289664,0.07238952,0.0,0.14681132,0.057542555,0.024482982,0.05487672,0.019409776
2800_36400,0.01317841,0.20665601,0.061547082,0.18849024,0.07933176,0.08490848,0.044091232,0.056935534,0.15064901,0.014912638,0.09929958
2800_37200,0.0,0.23505816,0.09593697,0.3024116,0.024678964,0.0,0.011458539,0.024106095,0.07695225,0.22280534,0.0
2800_38000,0.0,0.0,0.18516697,0.27438748,0.08332549,0.0,0.061402418,0.091109395,0.0,0.2903294,0.0
2800_38800,0.0,0.17910083,0.16702573,0.080928884,0.16624568,0.1331139,0.0119081205,0.0,0.020625828,0.21919927,0.0
2800_39600,0.15864293,0.0,0.10734035,0.103021346,0.106582485,0.13984954,0.09566162,0.05859812,0.0,0.21556641,0.0
2800_40400,0.27014408,0.011573481,0.15073033,0.22628379,0.034576394,0.03111604,0.14904584,0.095060185,0.0,0.026607886,0.0
2800_41200,0.30000332,0.0,0.059821524,0.11307927,0.014640314,0.027839232,0.20996924,0.17366885,0.012168456,0.08496419,0.0
2800_42000,0.24838075,0.10286251,0.10438895,0.18504137,0.070696376,0.08147812,0.08663301,0.053589877,0.027759658,0.025416626,0.01375279
2800_42800,0.13626015,0.18290995,0.20354082,0.121856675,0.053672317,0.0,0.07201909,0.027614541,0.14466292,0.036260843,0.020067023
2800_43600,0.0,0.28753343,0.3315941,0.059120078,0.22787651,0.0,0.0,0.0,0.014056722,0.06588841,0.0
2800_44400,0.05190127,0.16765182,0.17402722,0.07372265,0.04033212,0.10206755,0.070691004,0.03642521,0.064121835,0.18525502,0.03380433
2800_45200,0.0,0.45231768,0.21928564,0.19920918,0.010927466,0.0,0.017892152,0.011008172,0.05164645,0.028526803,0.0
2800_46000,0.0,0.14673394,0.14519964,0.07137254,0.36605716,0.0,0.0,0.0,0.027037868,0.2280728,0.0
2800_46800,0.0,0.0,0.024902927,0.14043601,0.07190882,0.45955592,0.0,0.0,0.08613742,0.20907728,0.0
2800_47600,0.019898716,0.0,0.01352857,0.21358334,0.0981497,0.21628562,0.078674585,0.16171806,0.118946426,0.055410683,0.020354798
3600_25200,0.018657474,0.0,0.014540602,0.31123358,0.122198835,0.16992623,0.123183966,0.21904413,0.0,0.0,0.0
3600_26000,0.0,0.0,0.0,0.5926719,0.0,0.13799395,0.017676655,0.22785068,0.0,0.011666577,0.0
3600_26800,0.0,0.0,0.0,0.72941846,0.04217508,0.11847836,0.0,0.0,0.0,0.102884695,0.0
3600_27600,0.0,0.0,0.21182999,0.20214377,0.057753146,0.04186556,0.100792006,0.10290965,0.0,0.26376015,0.0
3600_28400,0.0,0.0,0.012972138,0.13398685,0.0102835065,0.0487347,0.054212615,0.24106513,0.012535553,0.4837634,0.0
3600_30000,0.0,0.0,0.0,0.73232967,0.0,0.25950235,0.0,0.0,0.0,0.0,0.0
3600_31600,0.0,0.0,0.04285335,0.14400876,0.41807774,0.2102218,0.020615473,0.025543787,0.0,0.13368472,0.0
3600_32400,0.0,0.1693991,0.051624723,0.10642175,0.5794908,0.0377866,0.0,0.0,0.0,0.047745768,0.0
3600_33200,0.0,0.0,0.035317067,0.0953886,0.4888007,0.0,0.0,0.0,0.010434512,0.34667048,0.0
3600_34000,0.0,0.015489489,0.22848773,0.09409147,0.35299784,0.0,0.010315468,0.0,0.0,0.2853454,0.0
3600_34800,0.043188497,0.0,0.12752266,0.14365286,0.169597,0.097175986,0.16100596,0.10151744,0.0,0.14159755,0.0
3600_35600,0.0401795,0.123437285,0.27872264,0.2103353,0.026710486,0.0,0.20167461,0.07618093,0.0,0.0,0.036159627
3600_36400,0.022280093,0.14906996,0.14239816,0.24815395,0.053108066,0.05123161,0.14185394,0.12356261,0.0,0.010973764,0.05211176
3600_37200,0.0,0.022474054,0.0,0.24468857,0.041635573,0.0,0.030817159,0.113227315,0.152735,0.018311696,0.36479288
3600_38000,0.0,0.14038894,0.06431325,0.19264933,0.11274541,0.0,0.0,0.011857377,0.25126103,0.2003773,0.017906677
3600_38800,0.05552117,0.011320158,0.07780227,0.12632488,0.21890816,0.0,0.14379054,0.08623585,0.0,0.25859913,0.010851475
3600_39600,0.3708693,0.0,0.11658135,0.03347555,0.0,0.0,0.17418326,0.120500885,0.0,0.17091024,0.0
3600_40400,0.22548485,0.0,0.121115535,0.1540967,0.039731532,0.08723302,0.1322678,0.0676791,0.0,0.16757528,0.0
3600_41200,0.18480387,0.0113752475,0.12090566,0.12355123,0.05261666,0.14413798,0.105290085,0.058948807,0.011034355,0.18385121,0.0
3600_42000,0.31767753,0.24037923,0.1352586,0.10223462,0.035225872,0.0,0.024093766,0.011259745,0.0,0.10969076,0.0
3600_42800,0.16037725,0.3001082,0.14046685,0.1112296,0.052557457,0.0,0.047045223,0.023371879,0.0,0.13503619,0.01961471
3600_43600,0.01243702,0.473041,0.15087599,0.062420424,0.0,0.0,0.0303297,0.016215472,0.0,0.21952891,0.020978088
3600_44400,0.0,0.3348843,0.29686314,0.1193376,0.026481094,0.0,0.0,0.0,0.0,0.1995645,0.0
3600_45200,0.0,0.19521081,0.20176433,0.08042018,0.032622166,0.04998834,0.026992654,0.016998649,0.08398478,0.29166403,0.014358811
3600_46000,0.0,0.2099401,0.1503319,0.078714035,0.113273114,0.0,0.0,0.0,0.18555693,0.2501305,0.0
3600_46800,0.0,0.0,0.0,0.4246867,0.025475515,0.044885486,0.05072233,0.4102372,0.02425613,0.0,0.0
3600_47600,0.015288179,0.0,0.027301844,0.27681482,0.07779728,0.0,0.087054074,0.10201109,0.37518212,0.0,0.019850962
4400_25200,0.015607346,0.0,0.012663393,0.18465756,0.30279058,0.17135365,0.09820104,0.20112434,0.0,0.0,0.0
4400_26000,0.0,0.0,0.019222558,0.51711005,0.09468707,0.036143523,0.047262497,0.23456642,0.0,0.03622541,0.0
4400_27600,0.0,0.0,0.29626575,0.38561958,0.027313253,0.02611835,0.03393678,0.04136729,0.0,0.1863996,0.0
4400_28400,0.0,0.0,0.0,0.3193259,0.030155241,0.0,0.012860074,0.05250093,0.017508423,0.55700296,0.0
4400_29200,0.0,0.0,0.0,0.7687512,0.0,0.0,0.0,0.15149797,0.0,0.06532494,0.0
4400_30000,0.018547805,0.0,0.0,0.3407498,0.049145855,0.16324204,0.08610149,0.29075179,0.0,0.011170393,0.022636043
4400_30800,0.0,0.0,0.0,0.6765287,0.01577196,0.097973265,0.0,0.053019416,0.0,0.1477141,0.0
4400_31600,0.0,0.01756103,0.16488619,0.13609542,0.42400855,0.051667336,0.0,0.0,0.0,0.19820644,0.0
4400_32400,0.0,0.0,0.046083353,0.086969376,0.38265875,0.059844557,0.0,0.0,0.011644812,0.40239933,0.0
4400_33200,0.0,0.010610172,0.254698,0.11685571,0.32560256,0.20194833,0.0,0.0,0.017036533,0.059121396,0.0
4400_34000,0.0,0.017764304,0.18143533,0.11915415,0.29478467,0.14851485,0.0,0.0,0.0,0.22241746,0.0
4400_34800,0.0,0.013232263,0.39254528,0.31004462,0.054012693,0.0,0.13491318,0.080087766,0.0,0.0,0.0
4400_35600,0.0,0.07333326,0.10120336,0.15272385,0.12673694,0.0,0.03881381,0.039186053,0.21860106,0.21915688,0.025455551
4400_36400,0.0,0.06571287,0.02326842,0.29315102,0.046809256,0.0,0.061417136,0.114650644,0.050149377,0.057230115,0.28114626
4400_37200,0.043493688,0.03992653,0.019617973,0.13513067,0.23586321,0.15031108,0.052813794,0.10125134,0.123972304,0.01965163,0.07796774
4400_38000,0.013236566,0.0,0.054207213,0.13139169,0.05979429,0.18583588,0.0902782,0.097665526,0.059915535,0.29716736,0.0
4400_38800,0.26440543,0.0,0.096684985,0.17451002,0.035620872,0.011910858,0.20688637,0.12255142,0.0,0.07625895,0.0
4400_39600,0.24560973,0.0,0.039765403,0.12873311,0.023506014,0.032857127,0.19792606,0.19962631,0.010496108,0.117281474,0.0
4400_40400,0.352568,0.01878949,0.10025176,0.13783886,0.16298419,0.10111706,0.053948674,0.02641044,0.0,0.038940083,0.0
4400_41200,0.08668049,0.04499798,0.109404676,0.09446011,0.03237019,0.013282709,0.17532526,0.10207473,0.14215344,0.17494552,0.02430493
4400_42000,0.058986932,0.01228483,0.032578014,0.10170768,0.1825019,0.0,0.11547396,0.092168726,0.2221788,0.14817256,0.029155055
4400_42800,0.02840607,0.173631,0.05853279,0.12068525,0.19395618,0.16639958,0.025333656,0.019252013,0.17135447,0.018134948,0.024314005
4400_43600,0.04804698,0.31098866,0.14481375,0.09090349,0.20647562,0.074691966,0.034132116,0.014773348,0.026136948,0.031530123,0.01750696
4400_44400,0.0,0.30758297,0.18672471,0.09083674,0.06783333,0.044158265,0.0,0.0,0.047272198,0.23221138,0.0
4400_45200,0.0,0.19259769,0.26096848,0.16933632,0.037658237,0.11453917,0.0,0.0,0.040805735,0.16335127,0.0
4400_46000,0.0,0.11111503,0.07744259,0.08320436,0.18322466,0.23424213,0.0,0.0,0.041231327,0.23647662,0.0
4400_46800,0.0,0.0,0.0,0.4377456,0.031789303,0.014404945,0.043557286,0.40654516,0.017854096,0.022828735,0.015570292
5200_23600,0.0,0.0,0.0,0.890994,0.0,0.028010247,0.010669189,0.04041727,0.0,0.017463798,0.0
5200_24400,0.0,0.0,0.0,0.89269763,0.0,0.0,0.0,0.098511755,0.0,0.0,0.0
5200_25200,0.0,0.010857631,0.0,0.37014052,0.016209872,0.0,0.0,0.0,0.45581183,0.124928616,0.0
5200_26000,0.0,0.095389605,0.40196973,0.28128988,0.024359627,0.025756061,0.0,0.0,0.030264938,0.13680531,0.0
5200_26800,0.053202603,0.011394623,0.06590763,0.24440701,0.11677212,0.13581905,0.10130634,0.10364453,0.0,0.15292346,0.010232783
5200_29200,0.0,0.0,0.0,0.66909206,0.025893394,0.045333583,0.0,0.07616088,0.0,0.17619188,0.0
5200_30000,0.0,0.0,0.0,0.7299926,0.016448472,0.19663699,0.0,0.01074855,0.0,0.04274063,0.0
5200_30800,0.0,0.0,0.012308068,0.37234268,0.31575724,0.17998214,0.0,0.0,0.0,0.1172634,0.0
5200_31600,0.0,0.13683924,0.07071521,0.097287185,0.66566664,0.010520374,0.0,0.0,0.0,0.0146381175,0.0
5200_32400,0.0,0.03969233,0.2108423,0.101424836,0.56300586,0.0,0.0,0.0,0.0,0.07595617,0.0
5200_33200,0.0,0.0,0.22683303,0.12384346,0.28989455,0.16704203,0.041380454,0.022343129,0.0,0.12007194,0.0
5200_34000,0.0,0.021015154,0.27581236,0.09553853,0.45678508,0.05619966,0.030672334,0.018244106,0.0,0.035742894,0.0
5200_34800,0.013442291,0.0,0.15790935,0.22317979,0.09586893,0.110733256,0.18838005,0.15018131,0.0,0.05413894,0.0
5200_35600,0.0,0.12036656,0.2937822,0.24321727,0.1162659,0.02190477,0.05476758,0.03737977,0.05784299,0.039148197,0.0107411975
5200_36400,0.0,0.34444213,0.13908167,0.27603874,0.03843323,0.0,0.05950455,0.08098072,0.0,0.0,0.053940527
5200_37200,0.0,0.0,0.1531794,0.22072428,0.050572522,0.0,0.1374392,0.15595292,0.0,0.2709495,0.0
5200_38000,0.018236661,0.0,0.019609885,0.20689367,0.04723136,0.18661727,0.11284294,0.1782813,0.011990245,0.21461897,0.0
5200_38800,0.2657388,0.0,0.043741886,0.36360106,0.04546034,0.05714506,0.1101827,0.07629942,0.012721399,0.015294943,0.0
5200_39600,0.40656167,0.0,0.08122393,0.025571626,0.0,0.0,0.22422396,0.17892261,0.0,0.078616865,0.0
5200_40400,0.14010859,0.041975264,0.124843776,0.18263873,0.07355496,0.12578152,0.13334666,0.093504295,0.033481687,0.03364928,0.017115202
5200_41200,0.2430993,0.18570887,0.1897549,0.19879778,0.03864427,0.0,0.056606136,0.017390173,0.044941064,0.016293341,0.0
5200_42000,0.101849124,0.21696576,0.18795985,0.08256649,0.10919275,0.0,0.058810532,0.022974072,0.021351917,0.16633084,0.027340962
5200_42800,0.2589032,0.06278801,0.23293386,0.10664654,0.16468735,0.0,0.057164636,0.018073794,0.027135279,0.06382707,0.0
5200_43600,0.0,0.33323163,0.058418676,0.09623466,0.2680475,0.15902138,0.0,0.0,0.047683235,0.011237867,0.010542049
5200_44400,0.0,0.3181305,0.24421506,0.17854868,0.035606265,0.0,0.06286801,0.038748737,0.011416246,0.06851246,0.030483404
5200_45200,0.0,0.4160789,0.22437494,0.105328456,0.029072255,0.022095537,0.019500155,0.0,0.0,0.15358087,0.0
5200_46000,0.0,0.44045773,0.24757692,0.17514227,0.031777076,0.0,0.014441259,0.0,0.0,0.072985366,0.0
5200_46800,0.0,0.0,0.030981109,0.3292369,0.16697891,0.117461294,0.059227347,0.09623553,0.0,0.18877988,0.0
6000_23600,0.0,0.0,0.0,0.7124843,0.0,0.023897601,0.0,0.19523402,0.0,0.05329963,0.0
6000_25200,0.0,0.0449403,0.2650722,0.32704052,0.07056394,0.07804503,0.08462578,0.044990268,0.029921433,0.040886655,0.0
6000_26000,0.0,0.050688118,0.46163434,0.3344157,0.032765713,0.020079251,0.014237992,0.013458593,0.013410608,0.05818149,0.0
6000_26800,0.0,0.0,0.58209133,0.18004958,0.0,0.0,0.0,0.028171547,0.0,0.19617923,0.0
6000_29200,0.0,0.0,0.0,0.48178914,0.024349608,0.23629044,0.014385074,0.17983791,0.0,0.055081688,0.0
6000_30000,0.0,0.0,0.0,0.6726214,0.041610245,0.053754114,0.0,0.029529216,0.0,0.197155,0.0
6000_30800,0.0,0.0,0.024536807,0.15366559,0.36958113,0.16747367,0.0,0.0,0.034732725,0.23577449,0.0
6000_31600,0.0,0.0,0.034947302,0.09098169,0.5054679,0.1662083,0.0,0.0,0.0,0.18377648,0.0
6000_32400,0.0,0.015467714,0.24500391,0.122351006,0.3371873,0.0,0.0,0.0,0.04796755,0.2202242,0.0
6000_33200,0.0,0.01778305,0.3513602,0.09325807,0.4993047,0.0,0.0,0.0,0.0,0.027131274,0.0
6000_34000,0.0,0.0,0.117212415,0.26483324,0.040831614,0.13523306,0.03433024,0.05460078,0.0,0.348826,0.0
6000_34800,0.0,0.02113233,0.0,0.4302801,0.0,0.0,0.034927987,0.22843662,0.0,0.0,0.27124047
6000_35600,0.0117974635,0.07002443,0.015312392,0.22634828,0.06494332,0.0,0.047284916,0.092063196,0.2189953,0.0,0.24439505
6000_36400,0.015208563,0.066895336,0.07772598,0.18721376,0.077210225,0.106682345,0.110791445,0.17274229,0.09118124,0.025454033,0.06889478
6000_37200,0.10786282,0.0,0.024500713,0.26511008,0.06647955,0.021230463,0.14354052,0.3355321,0.0,0.011285106,0.0
6000_38000,0.26271236,0.11809487,0.2626841,0.05349963,0.0,0.06119946,0.15471727,0.06667281,0.0,0.0,0.012908804
6000_38800,0.24523814,0.0,0.12788072,0.116942175,0.019568158,0.10084791,0.18438339,0.1379122,0.0,0.05736216,0.0
6000_39600,0.39672807,0.019700909,0.046303652,0.21311049,0.034562934,0.08444819,0.09758152,0.058769293,0.016182467,0.026512846,0.0
6000_40400,0.23602182,0.17284088,0.165488,0.09980553,0.085062094,0.056030605,0.031213451,0.012481927,0.010079934,0.12145976,0.0
6000_41200,0.14451744,0.17418273,0.11172529,0.14254276,0.061055742,0.06419743,0.109967686,0.053074867,0.09839196,0.015034228,0.025309822
6000_42000,0.12494757,0.27216232,0.080105685,0.110064246,0.07133124,0.0865095,0.054894097,0.030647513,0.023143593,0.10156755,0.044626668
6000_42800,0.08049985,0.2968432,0.13873854,0.12475285,0.06951841,0.02319693,0.07878252,0.033181604,0.019370954,0.09576958,0.0393456
6000_43600,0.0,0.3375248,0.092743196,0.08407146,0.15617839,0.10594526,0.0,0.0,0.016447773,0.17408043,0.013529588
6000_44400,0.0,0.35605454,0.2478121,0.10509047,0.02990943,0.0,0.018915718,0.010409192,0.0,0.21319757,0.0
6000_45200,0.0129378745,0.23828137,0.11590211,0.13868485,0.11463213,0.086812556,0.04445122,0.033718746,0.14813626,0.03257098,0.03387184
6000_46000,0.0,0.0,0.0,0.64685565,0.012020689,0.06010669,0.0156005975,0.24988882,0.0,0.0100923255,0.0
6000_46800,0.026262695,0.014261033,0.024815302,0.20644322,0.31342947,0.22612049,0.051670685,0.0913241,0.01274018,0.0135199595,0.019412871
6800_23600,0.0,0.0,0.021495225,0.1581789,0.0147563685,0.04730738,0.042935383,0.15386268,0.0261408,0.5343442,0.0
6800_25200,0.0,0.0,0.29305172,0.3231415,0.054397814,0.056483086,0.025956407,0.023450723,0.041223794,0.17253727,0.0
6800_26000,0.0,0.017625561,0.36624637,0.22097011,0.024646912,0.0,0.0,0.010634971,0.0113114,0.3377209,0.0
6800_26800,0.0,0.0,0.011216079,0.22770795,0.21979791,0.018077139,0.0,0.011084749,0.024882417,0.48074114,0.0
6800_27600,0.0,0.0,0.0,0.5768367,0.016959809,0.0,0.0,0.04056833,0.0,0.35296312,0.0
6800_28400,0.0,0.0,0.0,0.40285784,0.04956831,0.18046005,0.017305281,0.10008424,0.010578325,0.22954103,0.0
6800_29200,0.0,0.0,0.0,0.8744603,0.0128293615,0.0,0.0,0.017700154,0.0,0.09058655,0.0
6800_30000,0.0,0.0,0.039009646,0.2530004,0.32451686,0.14318834,0.0,0.0,0.0,0.22961655,0.0
6800_30800,0.0,0.049741246,0.09881818,0.10479407,0.63358563,0.034487795,0.0,0.0,0.0,0.06879549,0.0
6800_31600,0.0,0.1192087,0.22906539,0.07469722,0.3949973,0.0,0.0,0.0,0.0,0.17193845,0.0
6800_32400,0.0,0.0151118245,0.19421801,0.13899216,0.6224916,0.0,0.0,0.0,0.0,0.01942083,0.0
6800_33200,0.040257398,0.010794125,0.19628295,0.08776543,0.38455757,0.0,0.16064416,0.08576149,0.0,0.028412469,0.0
6800_34000,0.12024298,0.18446976,0.08688097,0.13483505,0.11333985,0.09460101,0.07403513,0.04142969,0.09148533,0.01796524,0.040714987
6800_34800,0.03247831,0.015799446,0.14053288,0.17996648,0.08142148,0.10144913,0.14374998,0.13711743,0.0,0.142562,0.015587643
6800_35600,0.0,0.11665153,0.10013535,0.26229507,0.04829582,0.0,0.061224468,0.2266277,0.0,0.0,0.16706033
6800_36400,0.0,0.071448825,0.07818972,0.11796285,0.05829191,0.013671108,0.086563304,0.13620742,0.13995506,0.19191301,0.09911196
6800_37200,0.077733435,0.035062656,0.10969395,0.098945975,0.20618679,0.12875254,0.05330864,0.032254487,0.039017253,0.21135125,0.0
6800_38000,0.28277147,0.023908362,0.12615377,0.17430712,0.082914606,0.069816306,0.07606485,0.042267345,0.0,0.11232156,0.0
6800_38800,0.2482088,0.0,0.12007324,0.14799117,0.07393357,0.02593512,0.12335015,0.06997573,0.0,0.18013825,0.0
6800_39600,0.16742852,0.018406672,0.10544977,0.13797705,0.067032024,0.09809097,0.14542614,0.089574955,0.024484828,0.13849291,0.0
6800_40400,0.16233718,0.12680107,0.19026984,0.08389892,0.037005395,0.047347624,0.057249643,0.027017148,0.054890566,0.19937815,0.013804489
6800_41200,0.12952565,0.34292638,0.11615791,0.13325052,0.07561162,0.0317776,0.034039993,0.018900294,0.0,0.09609958,0.018395033
6800_42000,0.026083713,0.3922886,0.17029066,0.0860231,0.11834881,0.032731574,0.015056572,0.0,0.0,0.13679135,0.0
6800_42800,0.012324587,0.2275994,0.15385444,0.11076757,0.085962474,0.05093231,0.025464013,0.014930726,0.018280027,0.28461447,0.015269919
6800_43600,0.0,0.36601767,0.12427061,0.08409288,0.093970865,0.047113117,0.0,0.0,0.01302367,0.24026091,0.0
6800_44400,0.0,0.41615427,0.15954226,0.098932944,0.16732007,0.06868946,0.0,0.0,0.0,0.0756367,0.0
6800_45200,0.0,0.0,0.014214955,0.12309102,0.4369119,0.0,0.0,0.0,0.3873351,0.016382096,0.0
6800_46000,0.0,0.0,0.0,0.3392659,0.039021134,0.09835703,0.05721889,0.43322393,0.0,0.02027321,0.0
7600_22000,0.0,0.0,0.03225841,0.5632355,0.03997331,0.026193127,0.01783067,0.04018372,0.14451107,0.13490742,0.0
7600_23600,0.0,0.20897032,0.36080903,0.0929632,0.0,0.0,0.02373081,0.02469871,0.010400717,0.26462275,0.0
7600_24400,0.0,0.10089946,0.3389354,0.22974396,0.08603821,0.0,0.0,0.0,0.0,0.22459665,0.0
7600_25200,0.0,0.0,0.052934147,0.16081323,0.018330531,0.06450661,0.16668148,0.22492006,0.036853425,0.26792273,0.0
7600_26000,0.0,0.0,0.0,0.055532258,0.0,0.016308364,0.01710047,0.15077578,0.0,0.74079967,0.0
7600_27600,0.0,0.0,0.0,0.5726217,0.04152687,0.1932246,0.011185628,0.11076522,0.0,0.06242456,0.0
7600_28400,0.0,0.0,0.0,0.73882717,0.01032467,0.0,0.0,0.081147574,0.0,0.15800597,0.0
7600_29200,0.0,0.0,0.0,0.6029969,0.09566543,0.13015768,0.0,0.01093659,0.0,0.14185609,0.0
7600_30000,0.0,0.0,0.017383011,0.28864452,0.47561446,0.0,0.0,0.010442419,0.0,0.19318835,0.0
7600_30800,0.0,0.02524822,0.019887645,0.094381236,0.8292968,0.025913427,0.0,0.0,0.0,0.0,0.0
7600_31600,0.0,0.032515813,0.2128756,0.09373372,0.3865233,0.0,0.0,0.0,0.0,0.24574053,0.0
7600_32400,0.0,0.08299479,0.0490031,0.08837227,0.59812397,0.014353458,0.0,0.0,0.025915118,0.121785335,0.0
7600_33200,0.01729585,0.0,0.21473956,0.14105418,0.3456486,0.011240898,0.14510536,0.07780864,0.0,0.04258159,0.0
7600_34000,0.02814806,0.06818873,0.08913643,0.11168435,0.052749723,0.017328652,0.114725195,0.09497655,0.16311988,0.17056039,0.08938204
7600_34800,0.0,0.033477556,0.019964157,0.33907312,0.03450209,0.0,0.058000453,0.2776799,0.0,0.0,0.22726294
7600_35600,0.0,0.069264226,0.15953632,0.14242543,0.13587056,0.0120248,0.030125901,0.020611422,0.16980891,0.24837144,0.0
7600_36400,0.0,0.016794745,0.029073361,0.35852423,0.042543292,0.0,0.10393407,0.3079672,0.047625944,0.024527317,0.062648855
7600_37200,0.21144402,0.0,0.09350481,0.040750828,0.0,0.022397213,0.23704316,0.28170633,0.0,0.10143584,0.0
7600_38000,0.3157806,0.0,0.07575859,0.17203175,0.043600217,0.05627917,0.15223463,0.11911467,0.0,0.050298885,0.0
7600_38800,0.27095714,0.010140989,0.10630431,0.072180055,0.01738454,0.0,0.15058029,0.08314365,0.0,0.27686998,0.0
7600_39600,0.348516,0.21015318,0.13924582,0.13476174,0.024753451,0.0,0.048207164,0.022346478,0.012215686,0.04146823,0.010837744
7600_40400,0.21951155,0.22271384,0.0799795,0.114456125,0.040978447,0.0,0.07240281,0.040726095,0.03962221,0.12638599,0.041686587
7600_41200,0.08160333,0.06276922,0.17420489,0.061977904,0.017594956,0.17726293,0.0737768,0.035896312,0.0889589,0.2162923,0.0
7600_42000,0.032523498,0.35358346,0.23549479,0.23312248,0.032299962,0.0,0.048948895,0.019231183,0.018862082,0.014218247,0.0
7600_42800,0.0,0.25577977,0.19631174,0.14879724,0.046138104,0.0,0.048226472,0.031772647,0.0430243,0.19624937,0.02809238
7600_43600,0.0,0.30648866,0.18849267,0.10322659,0.018271107,0.010958584,0.030128462,0.01679255,0.17447634,0.13343215,0.0123036085
7600_44400,0.0,0.5848829,0.09675213,0.17824201,0.0,0.0,0.021544902,0.037813015,0.0,0.043523032,0.011312863
7600_45200,0.0,0.0,0.027619068,0.28383514,0.098006174,0.0,0.0,0.0,0.13506411,0.43342212,0.0
7600_46000,0.0,0.0,0.010646132,0.54773355,0.04048644,0.11339474,0.080346376,0.19424915,0.0,0.0,0.0
8400_22800,0.0,0.0,0.28590864,0.3716319,0.055250257,0.022033967,0.11429469,0.09501917,0.0,0.0419655,0.0
8400_23600,0.0,0.1197597,0.41690212,0.24091007,0.016671773,0.0,0.0,0.0,0.014521459,0.18208109,0.0
8400_24400,0.0,0.0,0.37495422,0.5143231,0.02404886,0.027386498,0.0,0.0,0.0,0.044595152,0.0
8400_26800,0.0,0.0,0.0,0.5349432,0.017016502,0.0,0.042190094,0.2755384,0.0,0.11844939,0.0
8400_27600,0.0,0.0,0.0,0.39544943,0.041393153,0.22503649,0.030984778,0.20204774,0.0,0.08931176,0.0
8400_28400,0.0,0.0,0.0,0.5709887,0.017363125,0.15165651,0.017981788,0.15425593,0.0,0.082999185,0.0
8400_29200,0.0,0.0,0.049169138,0.14230928,0.41927654,0.17654948,0.01741535,0.016028665,0.0,0.16015461,0.0
8400_30000,0.0,0.03151194,0.10023833,0.10711245,0.620675,0.059270132,0.0,0.0,0.0,0.07159681,0.0
8400_30800,0.0,0.11545381,0.1617138,0.10235128,0.5333069,0.060338076,0.0,0.0,0.0,0.0101546245,0.0
8400_31600,0.0,0.0,0.18630962,0.118515275,0.53045094,0.14181413,0.0,0.0,0.0,0.0,0.0
8400_32400,0.013203055,0.016225563,0.16588917,0.14957829,0.24172486,0.11606079,0.08759081,0.06161373,0.0,0.13593714,0.0
8400_33200,0.0,0.083989576,0.051548943,0.119161606,0.0836439,0.0,0.05595767,0.0860735,0.0312476,0.29163185,0.18746595
8400_34000,0.0,0.0,0.2374858,0.3134099,0.045860894,0.036995683,0.14159241,0.1412525,0.021678291,0.05255281,0.0
8400_34800,0.0,0.1765252,0.25064993,0.32456616,0.027032131,0.0,0.02816625,0.052522685,0.0,0.09779953,0.03311749
8400_35600,0.0,0.15660048,0.1259965,0.124469616,0.04557515,0.06903209,0.022281464,0.025171703,0.19478305,0.21072644,0.024116712
8400_36400,0.023012124,0.014419198,0.13081191,0.14909683,0.06321298,0.02313786,0.18299283,0.14903072,0.0,0.24770157,0.0
8400_37200,0.16452245,0.0,0.11646414,0.09553739,0.026177399,0.11559936,0.16658881,0.11008837,0.026574602,0.1695736,0.0
8400_38000,0.20242569,0.0,0.04864852,0.16369677,0.063851245,0.086493894,0.12973905,0.10386131,0.011458225,0.18281662,0.0
8400_38800,0.28091756,0.052665193,0.13392664,0.14044909,0.12977418,0.052059148,0.05962257,0.027313821,0.012085754,0.105081804,0.0
8400_39600,0.31164685,0.10462275,0.06155937,0.14609766,0.06950227,0.029730543,0.09560147,0.07084184,0.013744919,0.06527079,0.03138152
8400_40400,0.16328286,0.1857087,0.16738479,0.07768288,0.06671171,0.0,0.05475312,0.022034615,0.029608723,0.20775113,0.021712812
8400_41200,0.086027436,0.35344157,0.16501144,0.09037886,0.065485105,0.07991358,0.03803313,0.01665623,0.0,0.079948336,0.020114068
8400_42000,0.029078431,0.37014696,0.14822969,0.09655941,0.019440385,0.032587808,0.07346981,0.038370714,0.0,0.15181383,0.03341688
8400_42800,0.0,0.55423945,0.20124461,0.16169302,0.0,0.0,0.027710056,0.041791365,0.0,0.0,0.0
8400_43600,0.0,0.395599,0.259341,0.18572718,0.029101303,0.010335819,0.0,0.0,0.050947476,0.06475059,0.0
8400_44400,0.011147661,0.0,0.012161801,0.33841917,0.118680686,0.013214413,0.061646897,0.12993719,0.26329634,0.0,0.034767333
8400_45200,0.0,0.0,0.0,0.8144386,0.078562655,0.0,0.012090198,0.0736833,0.0,0.0,0.0
8400_46000,0.0,0.0,0.0,0.49039048,0.0,0.010901032,0.017795734,0.46717685,0.0,0.0,0.0
8400_46800,0.0,0.0,0.03684441,0.28007185,0.066944666,0.21803205,0.03872035,0.05579234,0.0,0.2982716,0.0
9200_21200,0.0,0.0,0.01072309,0.16295236,0.017326206,0.3120403,0.02960521,0.18190718,0.010704639,0.27115896,0.0
9200_22000,0.0,0.0,0.042242497,0.19192827,0.11466621,0.1825715,0.015054276,0.035076406,0.0,0.40141854,0.0
9200_22800,0.0,0.09838938,0.21825524,0.31407058,0.0723347,0.0,0.057878084,0.065410845,0.0,0.13093641,0.030931063
9200_23600,0.0,0.0,0.032182183,0.15359433,0.017669717,0.090501696,0.043927956,0.10279943,0.0,0.55561274,0.0
9200_24400,0.0,0.0,0.047200833,0.28162497,0.096929766,0.0,0.023602761,0.048938178,0.0,0.4920877,0.0
9200_26000,0.0,0.0,0.0,0.82595235,0.0,0.080301195,0.0,0.0,0.0,0.07824108,0.0
9200_26800,0.0,0.0,0.0,0.59255344,0.040997114,0.10295252,0.0,0.021682816,0.0,0.23356894,0.0
9200_27600,0.0,0.0,0.0,0.5251953,0.0111942245,0.37927964,0.0,0.045259748,0.021338085,0.013430869,0.0
9200_28400,0.0,0.0,0.0,0.69765747,0.034523744,0.110912696,0.013289536,0.11149604,0.0,0.0,0.010312252
9200_29200,0.0,0.026695702,0.011541956,0.32468706,0.4603742,0.155153,0.0,0.0,0.0,0.0,0.0
9200_30000,0.0,0.035627723,0.18954986,0.11919162,0.51439816,0.102495484,0.0,0.0,0.0,0.027157852,0.0
9200_30800,0.0,0.12914841,0.096168205,0.118467346,0.43056044,0.0957347,0.0,0.0,0.0,0.10786624,0.0
9200_31600,0.039461143,0.047836293,0.11136099,0.10912321,0.45032766,0.037325174,0.017728806,0.014372148,0.0,0.167625,0.0
9200_32400,0.0,0.0,0.31629276,0.41456977,0.034964867,0.0317708,0.013002764,0.0,0.0,0.17376445,0.0
9200_33200,0.0,0.0152566675,0.07465516,0.25996187,0.056686215,0.0143091455,0.09451884,0.09336143,0.14703943,0.22982153,0.0
9200_34000,0.0,0.39987373,0.01465111,0.025468001,0.0,0.0,0.0,0.019088186,0.0,0.0,0.51720124
9200_34800,0.0,0.065394,0.02240754,0.20250393,0.03841428,0.0,0.049704686,0.119589455,0.14078687,0.019703757,0.33580506
9200_35600,0.0,0.031384576,0.29815838,0.08589897,0.017901195,0.023779562,0.053428162,0.03048031,0.08890211,0.35710406,0.0
9200_36400,0.16067845,0.0145412125,0.13465546,0.060372792,0.052312497,0.1205151,0.037515998,0.018323937,0.0,0.39542308,0.0
9200_37200,0.24504936,0.023540502,0.09043953,0.13301124,0.037547898,0.08367368,0.13433987,0.10865457,0.0,0.12565945,0.0
9200_38000,0.32824683,0.08462676,0.037817594,0.17288195,0.07015929,0.07692708,0.06412678,0.054174833,0.021020262,0.061395854,0.0286228
9200_38800,0.05181075,0.1311485,0.23108087,0.23417847,0.04028296,0.0,0.17202087,0.109690376,0.0,0.0,0.020966418
9200_39600,0.13064203,0.13604338,0.11585018,0.112141624,0.0825024,0.0,0.124701686,0.11727032,0.0,0.112560324,0.054420408
9200_40400,0.23914698,0.25038454,0.1615048,0.10933521,0.040992767,0.07705975,0.04976843,0.02148987,0.013318696,0.023593387,0.013405608
9200_41200,0.028626213,0.40721375,0.24320579,0.064977534,0.0,0.022263037,0.113745384,0.06025539,0.0121792685,0.02609933,0.019133426
9200_42000,0.0,0.44590855,0.112202756,0.13041498,0.047769748,0.06446982,0.0,0.0,0.013889303,0.16035183,0.010993619
9200_42800,0.014681918,0.18417951,0.13617197,0.097453676,0.092453994,0.108804055,0.021515867,0.0112744,0.13162763,0.18902715,0.012809845
9200_43600,0.0,0.3149998,0.28033245,0.054999296,0.0,0.013855061,0.024706006,0.016549401,0.015484913,0.26122046,0.0
9200_44400,0.0,0.0,0.010313799,0.3088136,0.019491667,0.039921384,0.060200553,0.34083983,0.011203974,0.20754105,0.0
9200_45200,0.0,0.0,0.0,0.78138036,0.0,0.103279434,0.0,0.08891028,0.0,0.01170941,0.0
9200_46800,0.0,0.0,0.011874933,0.36809954,0.05515069,0.2699241,0.058194913,0.19233784,0.0,0.032349516,0.0
10000_21200,0.0,0.0,0.13902481,0.60135466,0.015652763,0.0,0.04473024,0.15546174,0.0,0.035769988,0.0
10000_22000,0.0,0.0,0.09226983,0.53171843,0.021505926,0.0,0.08016201,0.19890808,0.0,0.070533276,0.0
10000_22800,0.0,0.0,0.021750059,0.5286908,0.07804541,0.1371692,0.036181953,0.13990687,0.0,0.050659712,0.0
10000_25200,0.0,0.0,0.0,0.14202626,0.011769973,0.0,0.0,0.01803503,0.0,0.8132058,0.0
10000_26000,0.0,0.0,0.0,0.48268145,0.052991092,0.16086704,0.025945587,0.18605943,0.0,0.07834892,0.0
10000_26800,0.0,0.0,0.0,0.375097,0.0987029,0.27516285,0.026470302,0.078558736,0.0,0.12539127,0.0
10000_27600,0.0,0.02645001,0.016441584,0.41568163,0.3025185,0.123213366,0.017102739,0.03484305,0.013691354,0.035800606,0.0
10000_28400,0.0,0.0,0.011572806,0.31246278,0.33914685,0.15762004,0.0,0.011089943,0.0,0.16087928,0.0
10000_29200,0.0,0.15364994,0.055927012,0.09010992,0.647883,0.0,0.0,0.0,0.0,0.01596128,0.010196058
10000_30000,0.0,0.038050942,0.09091379,0.09144233,0.5556525,0.0,0.0,0.0,0.0,0.19695647,0.0
10000_30800,0.0,0.098917946,0.04393351,0.08935033,0.47295293,0.08254394,0.0,0.0,0.015799439,0.18117931,0.0
10000_31600,0.0,0.0,0.21377158,0.30887178,0.038181987,0.0,0.1005068,0.28859684,0.0,0.04099337,0.0
10000_32400,0.0,0.058998033,0.058510415,0.3228634,0.10953797,0.012542952,0.039334796,0.057100907,0.02619593,0.29220015,0.018966978
10000_33200,0.0,0.057363696,0.013246592,0.11524699,0.0,0.0,0.07283395,0.2772907,0.19285199,0.0,0.2574423
10000_34000,0.011433658,0.068587445,0.026419932,0.102852136,0.022548383,0.0,0.067175575,0.10386311,0.21621189,0.16323932,0.21707298
10000_34800,0.0,0.0,0.36373678,0.41323623,0.055196136,0.026614044,0.048449647,0.046085414,0.0,0.034092933,0.0
10000_35600,0.011694278,0.0110641075,0.15752083,0.17171974,0.06965915,0.01433423,0.1599123,0.16415486,0.0,0.22600192,0.0
10000_36400,0.23143968,0.024218462,0.089255236,0.14258927,0.09159462,0.111260176,0.08009704,0.044631686,0.0132026635,0.1644122,0.0
10000_37200,0.33197394,0.02649405,0.067335516,0.14672913,0.11374743,0.07214138,0.06323636,0.041141868,0.0,0.12181983,0.0
10000_38000,0.21343616,0.06578243,0.0774514,0.11178313,0.12507331,0.0,0.110482916,0.12050185,0.0,0.12185899,0.03925379
10000_38800,0.20558129,0.12540072,0.08707595,0.08515113,0.11198291,0.09822674,0.03865714,0.021511203,0.019629667,0.18690947,0.019873783
10000_39600,0.21230932,0.30681857,0.10491148,0.15986633,0.065485395,0.0,0.023530714,0.012305146,0.0,0.10237752,0.0
10000_40400,0.01649825,0.24885313,0.14501005,0.18071787,0.04943818,0.036746897,0.11484141,0.0959584,0.027514838,0.037402697,0.047018323
10000_41200,0.016174715,0.18126763,0.19812946,0.15220362,0.04386203,0.0,0.097622424,0.061791226,0.17377989,0.041553814,0.03200313
10000_42000,0.0,0.38424966,0.108659364,0.05749003,0.011682006,0.0,0.015117754,0.011611216,0.029664839,0.34679186,0.018499088
10000_42800,0.0,0.16300783,0.18470822,0.09161326,0.0673265,0.10845255,0.0105306255,0.0,0.074385054,0.284448,0.0
10000_43600,0.028985118,0.0,0.054247797,0.1915715,0.073546454,0.1832929,0.09868461,0.1671178,0.0,0.16695917,0.018994233
10000_44400,0.0,0.0,0.012987409,0.42811033,0.06480996,0.31048882,0.01375856,0.03889515,0.071743615,0.05857969,0.0
10000_45200,0.0,0.0,0.0,0.28331006,0.021534532,0.06931057,0.044664398,0.4549639,0.021291668,0.08132207,0.0148053495
10000_47600,0.014463068,0.0,0.0,0.41138607,0.04608362,0.30458108,0.031348765,0.14331526,0.0,0.030073883,0.010219817
10800_20400,0.0,0.0,0.15246049,0.8061512,0.01941289,0.0,0.0,0.0,0.0,0.0,0.0
10800_21200,0.0,0.0,0.039274734,0.29751813,0.025476718,0.010614443,0.15585499,0.31305695,0.0,0.15189433,0.0
10800_22000,0.0,0.0,0.14729705,0.42441335,0.072845645,0.0,0.0,0.0,0.0,0.3405085,0.0
10800_22800,0.0,0.0,0.010490532,0.5564351,0.014227461,0.14553802,0.011803549,0.048037834,0.0,0.2130379,0.0
10800_24400,0.0,0.0,0.0,0.86676687,0.014161838,0.028914291,0.0,0.0,0.0,0.08056402,0.0
10800_25200,0.0,0.0,0.0,0.5664055,0.02783915,0.12786838,0.013334908,0.08164631,0.0,0.1775688,0.0
10800_26000,0.0,0.0,0.0,0.6581588,0.015306845,0.07316457,0.0,0.07763404,0.0,0.16609271,0.0
10800_26800,0.027840214,0.0,0.0105120335,0.20418666,0.25571823,0.22613673,0.039685916,0.07201398,0.012779127,0.13414766,0.012659773
10800_27600,0.0,0.025864799,0.06955268,0.11868638,0.52474344,0.03914315,0.0,0.0,0.0,0.21306293,0.0
10800_28400,0.0,0.0,0.22033753,0.08750055,0.34375945,0.16563033,0.010811983,0.0,0.0,0.14808536,0.0
10800_29200,0.0,0.12710367,0.14664602,0.119921155,0.45922318,0.0,0.0,0.0,0.0,0.12927534,0.0
10800_30000,0.0,0.02464311,0.3086397,0.09415355,0.39957777,0.13011712,0.013358617,0.0,0.0,0.01728116,0.0
10800_30800,0.0,0.043285478,0.20624647,0.11284003,0.5278357,0.055463575,0.013938346,0.0,0.0,0.027412655,0.0
10800_31600,0.0,0.0,0.033279672,0.45263395,0.20534234,0.037469443,0.011218422,0.020209208,0.0,0.23726809,0.0
10800_32400,0.029454624,0.13432415,0.1425247,0.17162214,0.060551833,0.0,0.13727729,0.08704914,0.01017139,0.115945585,0.1079641
10800_33200,0.0,0.13607782,0.13476148,0.13958517,0.041053664,0.0,0.10412953,0.17734842,0.0,0.17328446,0.07620734
10800_34000,0.0,0.21130773,0.25689065,0.1845119,0.06850629,0.0,0.030615332,0.032155033,0.013925882,0.17596023,0.016459145
10800_34800,0.0,0.0,0.13141239,0.12943037,0.18175879,0.018992541,0.018233458,0.018330041,0.0,0.4929296,0.0
10800_35600,0.4804834,0.0,0.08906298,0.29356873,0.086863056,0.0,0.024572002,0.0,0.0,0.0,0.0
10800_36400,0.16790651,0.0,0.09428469,0.1277148,0.07939983,0.13518098,0.11668341,0.06908824,0.0,0.19576345,0.0
10800_37200,0.25932747,0.019519325,0.12426994,0.18431559,0.10143611,0.045341555,0.12771653,0.06884103,0.012099203,0.052073974,0.0
10800_38000,0.21388155,0.019617932,0.05114151,0.31186926,0.056470204,0.080260575,0.12379224,0.06868116,0.059409,0.0,0.0
10800_38800,0.10162606,0.26762983,0.096769765,0.18905242,0.046706125,0.0,0.12327305,0.10600722,0.012293462,0.01421057,0.03883047
10800_39600,0.23273048,0.2813013,0.09425647,0.14593294,0.048232503,0.020320542,0.061715636,0.04229031,0.010184139,0.04302815,0.020007547
10800_40400,0.019539177,0.32199007,0.13797076,0.120233364,0.17275532,0.04294417,0.026690362,0.015759267,0.014114812,0.11354688,0.014455815
10800_41200,0.0,0.37378645,0.17544375,0.1196771,0.056139074,0.019379748,0.010117371,0.0,0.012695322,0.21852593,0.0
10800_42000,0.0,0.49124238,0.26285335,0.066555806,0.0,0.08488062,0.0,0.0,0.0,0.06835329,0.0
10800_42800,0.0,0.32600278,0.19979113,0.26200843,0.070529565,0.0,0.014513822,0.0,0.0,0.098615296,0.0
10800_43600,0.0,0.0,0.0,0.22670336,0.01269408,0.0,0.0,0.0,0.40652227,0.3343819,0.0
10800_44400,0.0,0.0,0.0,0.2454983,0.19374709,0.1434705,0.040561143,0.11717982,0.074826725,0.14004637,0.02375679
10800_47600,0.039732214,0.010134241,0.018682064,0.14844398,0.21121301,0.2326171,0.031272605,0.04806673,0.010086536,0.23258598,0.017165486
11600_20400,0.0,0.0,0.0937188,0.61105514,0.01404432,0.0,0.06100429,0.19108792,0.0,0.023822263,0.0
11600_21200,0.0,0.0,0.04956775,0.12787905,0.0,0.0,0.17572448,0.55575407,0.0,0.081772715,0.0
11600_22800,0.0,0.0,0.0,0.30082458,0.046903912,0.0,0.034922644,0.067894526,0.22862153,0.28711087,0.0
11600_24400,0.0,0.0,0.0,0.7142269,0.0,0.020055817,0.0,0.23315965,0.0,0.017181398,0.0
11600_25200,0.0,0.0,0.0,0.73635685,0.0,0.0,0.0,0.2046235,0.0,0.03590808,0.0
11600_26000,0.0,0.0,0.0,0.5554782,0.05173953,0.13380475,0.0,0.014774662,0.0,0.2368247,0.0
11600_26800,0.0,0.0,0.0,0.29404226,0.075909905,0.12149857,0.0,0.021936715,0.015510173,0.4585082,0.0
11600_27600,0.0,0.0166523,0.039244607,0.09677563,0.46870163,0.0,0.0,0.0,0.0,0.35812852,0.0
11600_28400,0.0,0.049558166,0.12153222,0.21723317,0.48855293,0.08107623,0.0,0.0,0.0,0.034476817,0.0
11600_29200,0.0,0.0,0.023929741,0.10820711,0.48011667,0.061138645,0.0,0.0,0.012019775,0.2951396,0.0
11600_30000,0.010679773,0.014330484,0.06188662,0.11022081,0.63825995,0.10971376,0.021567956,0.01772788,0.0,0.0131478775,0.0
11600_30800,0.017589763,0.0,0.051852603,0.19026366,0.03709633,0.0,0.20235315,0.26481467,0.0,0.21270838,0.0
11600_31600,0.04698307,0.102794506,0.060517434,0.21286514,0.041080024,0.0,0.18717112,0.08113589,0.0,0.0,0.2616192
11600_32400,0.0,0.030020023,0.0,0.39860916,0.012348006,0.0,0.037295602,0.17177989,0.10231059,0.0,0.23875856
11600_33200,0.0,0.14583224,0.027418124,0.40421432,0.04942137,0.0,0.053627633,0.113819234,0.02556784,0.0,0.16976668
11600_34000,0.20017758,0.084924474,0.045768324,0.12518792,0.02340372,0.0,0.16658235,0.1402635,0.01762559,0.04539509,0.15042394
11600_34800,0.0,0.051975865,0.101532765,0.31308055,0.110623986,0.0,0.092431195,0.16624197,0.09595429,0.03080202,0.017708868
11600_35600,0.23670721,0.0719103,0.06251036,0.13395034,0.17316057,0.05184241,0.058000118,0.037658896,0.019483896,0.13458289,0.020193081
11600_36400,0.12429513,0.0,0.04972975,0.15432458,0.086649284,0.1411348,0.15870889,0.10979993,0.022364458,0.14815323,0.0
11600_37200,0.18878298,0.08384382,0.15424865,0.11271487,0.09748403,0.018185796,0.11025222,0.057683468,0.01125251,0.14391638,0.021635354
11600_38000,0.28365272,0.31364384,0.10440538,0.13992321,0.037368312,0.017964227,0.036842015,0.017426137,0.0,0.026411045,0.013966915
11600_38800,0.21873055,0.20965388,0.10526705,0.121581525,0.051485296,0.011199868,0.08593604,0.046505082,0.035044216,0.07584391,0.03875258
11600_39600,0.10129867,0.3510668,0.15755989,0.11602327,0.025390957,0.021665702,0.07414458,0.04293567,0.0,0.08098557,0.023443121
11600_40400,0.13446166,0.1963177,0.082896344,0.06727967,0.034153823,0.09023033,0.049165364,0.024730522,0.14157057,0.1405824,0.03861163
11600_41200,0.0,0.27870026,0.07396162,0.2363794,0.08203167,0.07392238,0.032227233,0.04912549,0.088351466,0.023718184,0.054083437
11600_42000,0.0,0.25297147,0.09262693,0.115658395,0.11243719,0.13666399,0.01693857,0.015218546,0.02331356,0.20965558,0.019523405
11600_42800,0.0,0.12036039,0.05478012,0.28627127,0.07028636,0.0,0.022948772,0.032781567,0.3599308,0.017023392,0.031588368
11600_43600,0.0,0.016214514,0.026935088,0.23362061,0.0545926,0.0,0.0469511,0.075289406,0.38240823,0.13552618,0.020606028
11600_44400,0.0,0.0,0.0,0.38475364,0.02256072,0.19267577,0.0659123,0.3103012,0.0,0.0111931795,0.0
12400_20400,0.0,0.0,0.022621376,0.44838342,0.052708812,0.0,0.012891815,0.0380928,0.054298628,0.36856228,0.0
12400_22000,0.0,0.0,0.0,0.34889457,0.0,0.07771345,0.0,0.06529537,0.0,0.49097997,0.0
12400_22800,0.0,0.0,0.0,0.33964306,0.37216944,0.21021405,0.0,0.014434213,0.0,0.04472621,0.0
12400_24400,0.0,0.0,0.0,0.6734664,0.017771414,0.20814346,0.0,0.033599958,0.0,0.06141622,0.0
12400_25200,0.0,0.0,0.010433645,0.5449634,0.050514597,0.20486093,0.020629387,0.051592667,0.05882853,0.051895596,0.0
12400_26000,0.0,0.0,0.0,0.57284814,0.3794073,0.0,0.0,0.01546016,0.0,0.0,0.0
12400_26800,0.0,0.06508727,0.06451354,0.118227094,0.5786758,0.022093019,0.0,0.0,0.0,0.13483462,0.0
12400_27600,0.0,0.020454975,0.22173432,0.17586121,0.37440524,0.046199523,0.0,0.0,0.0,0.15424111,0.0
12400_28400,0.0,0.0,0.4006244,0.23537074,0.30777463,0.03587319,0.0,0.0,0.0,0.0,0.0
12400_29200,0.0,0.011782828,0.035520077,0.10510642,0.41128227,0.17875156,0.012518382,0.014639409,0.0,0.21580012,0.0
12400_30000,0.19578344,0.040639684,0.07323328,0.105527505,0.38390014,0.021511154,0.05543592,0.038257845,0.0,0.073907554,0.0
12400_30800,0.13215037,0.010632477,0.046543885,0.2393114,0.08133498,0.018309059,0.25536507,0.15941589,0.0,0.032307915,0.018679043
12400_31600,0.025965648,0.116563536,0.055466376,0.10964973,0.07566056,0.0,0.0791938,0.07238468,0.17418894,0.13671185,0.14506306
12400_32400,0.04999443,0.0959882,0.06549761,0.1331736,0.0,0.0,0.23358794,0.20360436,0.07803492,0.018751543,0.11227285
12400_33200,0.088506356,0.05352708,0.043206766,0.18860261,0.1276128,0.017716607,0.14437245,0.12589665,0.043243505,0.08542629,0.081888825
12400_34000,0.0,0.0,0.044646356,0.28211337,0.021495484,0.031948917,0.18783724,0.29422104,0.0,0.12980518,0.0
12400_34800,0.386542,0.02511955,0.08484306,0.16987877,0.06928828,0.0,0.051373996,0.02395969,0.0,0.17455438,0.0
12400_35600,0.22541685,0.0142076695,0.14168991,0.14383906,0.13831782,0.011754067,0.11612885,0.06799753,0.0,0.13346276,0.0
12400_36400,0.2670478,0.06647432,0.24947427,0.11405805,0.08689382,0.0,0.040128876,0.014236097,0.0,0.15083712,0.0
12400_37200,0.21609809,0.1572896,0.1988356,0.10406356,0.07664285,0.027582347,0.07124814,0.028507346,0.03496602,0.06543007,0.019336337
12400_38000,0.19142039,0.088550046,0.14518534,0.07012405,0.041229986,0.05875659,0.05076156,0.02264271,0.018393079,0.29876402,0.014172183
12400_38800,0.12798136,0.3076938,0.18253441,0.11454246,0.012031045,0.040081263,0.13423151,0.051781483,0.0,0.0,0.018890632
12400_39600,0.0,0.38422537,0.22125141,0.16050035,0.011023968,0.0,0.057539407,0.03972118,0.05580099,0.042237267,0.015851341
12400_40400,0.0,0.07206933,0.15071803,0.0631008,0.022338262,0.1981247,0.012142807,0.0,0.16472301,0.30214858,0.0
12400_41200,0.0,0.3254896,0.20655432,0.110895425,0.050233446,0.11435429,0.029327832,0.0153771145,0.031283766,0.09154285,0.01565216
12400_42000,0.0,0.32905385,0.107606165,0.15513624,0.14080106,0.11075838,0.0,0.0,0.023496466,0.12829953,0.0
12400_42800,0.0,0.0,0.0,0.45572424,0.03662382,0.07604249,0.022017572,0.3745629,0.0,0.024947086,0.0
12400_43600,0.0,0.0,0.0,0.4906168,0.028284235,0.044974204,0.027347917,0.25651965,0.12599634,0.0,0.01639793
13200_20400,0.0,0.0,0.0,0.36944103,0.04376003,0.0,0.023218287,0.15514144,0.32018197,0.043990508,0.027000982
13200_21200,0.0,0.0,0.021780195,0.6675862,0.02756345,0.16666497,0.0,0.024813822,0.0,0.08315136,0.0
13200_22000,0.0,0.0,0.0,0.64431965,0.022930192,0.05121092,0.0,0.08499149,0.0,0.18563029,0.0
13200_22800,0.0,0.0,0.0,0.44335175,0.059012696,0.23051502,0.0,0.014229762,0.0,0.23897971,0.0
13200_23600,0.0,0.0,0.0,0.93897307,0.0,0.014205239,0.0,0.0,0.012499174,0.023296041,0.0
13200_24400,0.0,0.0,0.0,0.5699943,0.023613082,0.13698591,0.0,0.09080326,0.0,0.1531128,0.0
13200_25200,0.0,0.03010363,0.042132758,0.09691121,0.3601143,0.14593583,0.0,0.0,0.013199655,0.28447312,0.0
13200_26000,0.0,0.04330559,0.09169145,0.08962447,0.53051126,0.0,0.0,0.0,0.0,0.22045483,0.0
13200_26800,0.0,0.027649231,0.24638201,0.144493,0.5294209,0.016664343,0.0,0.0,0.0,0.028912973,0.0
13200_27600,0.0,0.06658453,0.18741125,0.11125419,0.49972597,0.0,0.015846211,0.0,0.0,0.09969879,0.0
13200_28400,0.0,0.046363693,0.028121551,0.13523954,0.49459603,0.0717089,0.0,0.02153927,0.013656006,0.16708383,0.0106766075
13200_29200,0.01683618,0.0,0.1053392,0.12202279,0.22460607,0.1535022,0.07987896,0.058636725,0.0,0.23178418,0.0
13200_30000,0.011219326,0.012086753,0.0,0.29733112,0.046211038,0.13025054,0.0469315,0.14708517,0.019112334,0.2047879,0.07780231
13200_30800,0.016837472,0.0,0.0,0.42106327,0.054333918,0.0,0.08893266,0.21838723,0.0,0.17741181,0.0
13200_31600,0.022260504,0.04036971,0.18009846,0.05457478,0.0,0.0,0.12047283,0.14512362,0.014456829,0.3911781,0.019509036
13200_32400,0.11587595,0.019397065,0.0,0.2328572,0.06139619,0.10839563,0.073865086,0.110897295,0.08324276,0.09873727,0.08827309
13200_33200,0.2694152,0.017897476,0.034080856,0.14214478,0.05898935,0.079884954,0.07368618,0.057010297,0.089205265,0.16565108,0.012034573
13200_34000,0.39957118,0.047919396,0.09299383,0.16060334,0.047078915,0.03528576,0.043026276,0.022120845,0.0,0.14093624,0.0
13200_34800,0.5267023,0.0,0.021848002,0.19545753,0.032462426,0.04158543,0.06760552,0.03974644,0.016057255,0.04605372,0.0
13200_35600,0.3625325,0.13087828,0.07856398,0.16776179,0.059317797,0.04804855,0.04715529,0.033314258,0.018047474,0.042539597,0.011840509
13200_36400,0.32452917,0.19146939,0.057000905,0.1417802,0.033638287,0.0,0.05942926,0.054971773,0.0,0.100619674,0.027573766
13200_37200,0.24271742,0.21283819,0.09345234,0.06307666,0.018646384,0.0,0.067104116,0.039183993,0.025493087,0.2007728,0.03243524
13200_38000,0.34615988,0.45966431,0.06970629,0.03601911,0.0,0.0,0.0,0.0,0.0,0.06287911,0.0
13200_38800,0.032848638,0.16690783,0.07769625,0.08058628,0.029470345,0.09960818,0.09971837,0.08173321,0.109997064,0.14042693,0.0810069
13200_39600,0.0,0.28575507,0.18773456,0.15158996,0.07427277,0.12772839,0.0232208,0.020184396,0.043405883,0.05808695,0.024899455
13200_40400,0.0,0.54644233,0.16878912,0.14682727,0.02272319,0.0128867645,0.0,0.0,0.06161294,0.026544392,0.0
13200_41200,0.0,0.2889483,0.19382396,0.15926796,0.10826479,0.014161688,0.056558263,0.04254708,0.019090887,0.07630798,0.03206941
13200_42000,0.0,0.5774716,0.041347772,0.20392707,0.06469118,0.07391185,0.0,0.0,0.0,0.021358516,0.0
13200_42800,0.05218817,0.0,0.026550673,0.13950056,0.029026005,0.3760395,0.12241998,0.15995045,0.059401166,0.021442045,0.0
13200_43600,0.0,0.0,0.0,0.39003652,0.020731576,0.102505855,0.040014755,0.42625993,0.0,0.010046298,0.0
14000_20400,0.0,0.0,0.0,0.6937156,0.028306557,0.0,0.0,0.032232042,0.20710152,0.01982578,0.0
14000_21200,0.0,0.0,0.0,0.4169183,0.0413381,0.1652203,0.016514352,0.1125714,0.0,0.23943157,0.0
14000_22000,0.0,0.0,0.0,0.7990966,0.0,0.028674688,0.011966911,0.1487217,0.0,0.0,0.0
14000_22800,0.0,0.0,0.0,0.71533847,0.012966873,0.19174525,0.0,0.0,0.0,0.06958672,0.0
14000_23600,0.0,0.0,0.0,0.5424405,0.060565073,0.13888715,0.0,0.032255694,0.0,0.21418968,0.0
14000_24400,0.0,0.0,0.023689713,0.13695844,0.42916656,0.20027071,0.012398708,0.018254012,0.0,0.15712096,0.0
14000_25200,0.0,0.0,0.10975317,0.11142124,0.49580628,0.028996255,0.0,0.0,0.0,0.2357866,0.0
14000_26000,0.0,0.046518367,0.037733916,0.10004806,0.46100625,0.10783528,0.0,0.0,0.012183208,0.21042296,0.0
14000_26800,0.0,0.13664186,0.09886762,0.09326798,0.5725012,0.04354974,0.0,0.0,0.0,0.02641371,0.0
14000_27600,0.0,0.017011568,0.20423193,0.092043966,0.37276727,0.096099675,0.031549588,0.02116311,0.0,0.1529254,0.0
14000_28400,0.0,0.0,0.109707445,0.11132372,0.4012024,0.18283369,0.058421403,0.05956631,0.0,0.056582507,0.0
14000_29200,0.0,0.0,0.0,0.19643332,0.09819535,0.048341084,0.0,0.013294456,0.052325133,0.5752865,0.0
14000_30000,0.057344906,0.022944598,0.038447216,0.12231945,0.0,0.0,0.2722918,0.38936916,0.018388104,0.020882703,0.053902525
14000_30800,0.0,0.03913555,0.018905766,0.23623562,0.053493228,0.0,0.014052776,0.03584247,0.24977793,0.3290171,0.021600517
14000_31600,0.15791798,0.011527405,0.023650957,0.12485424,0.058946513,0.08981321,0.1164767,0.10462195,0.094434015,0.19903268,0.01872437
14000_32400,0.17386188,0.0,0.02813359,0.19308682,0.061699633,0.08325405,0.16463263,0.17576572,0.028069641,0.07464041,0.010550852
14000_33200,0.25269112,0.0,0.013975048,0.21137539,0.04779669,0.061644305,0.11910384,0.23172402,0.0,0.03204729,0.017440751
14000_34000,0.6406184,0.0,0.014468293,0.039330225,0.0,0.0,0.0768676,0.075208806,0.0,0.13385454,0.0
14000_34800,0.3251167,0.024525993,0.022920564,0.18567355,0.027625196,0.0,0.12314588,0.20898004,0.011474217,0.037192028,0.024153225
14000_35600,0.37962958,0.102644324,0.016919509,0.10562704,0.111731194,0.117105074,0.017443884,0.014790317,0.02205753,0.052509136,0.05954239
14000_36400,0.27390337,0.19183925,0.07440531,0.127687,0.11225809,0.044200163,0.046828434,0.02955118,0.018560389,0.05802828,0.022738563
14000_37200,0.20626715,0.24054733,0.065404974,0.11112998,0.07755975,0.019707168,0.03028121,0.017925294,0.09481025,0.11350006,0.022866894
14000_38000,0.21819904,0.18298171,0.06571328,0.139727,0.0667036,0.013891018,0.08325,0.063431226,0.018234584,0.10748098,0.040387515
14000_38800,0.0,0.44518998,0.08372224,0.08935241,0.023663204,0.07409033,0.011250558,0.0,0.023149936,0.21266921,0.021926323
14000_39600,0.0,0.25031418,0.15256187,0.14425366,0.03588077,0.011857587,0.072399385,0.085094005,0.035640676,0.15664752,0.05033085
14000_40400,0.0,0.21960191,0.19718088,0.17181565,0.053934682,0.13312633,0.028565926,0.027095998,0.08565813,0.063784726,0.016934099
14000_41200,0.0,0.4574962,0.14309262,0.1346234,0.019366883,0.0,0.013451267,0.0,0.012089705,0.19277252,0.011729478
14000_42000,0.0,0.0,0.113095865,0.2297368,0.08246975,0.21903177,0.057344835,0.038267437,0.05138681,0.19826029,0.0
14000_42800,0.0,0.0,0.0,0.6607557,0.032295115,0.0,0.0,0.16492753,0.0,0.12246671,0.0
14000_43600,0.0,0.0,0.014941359,0.49629074,0.03903763,0.088085435,0.091231234,0.2314859,0.013364747,0.021344526,0.0
14000_46800,0.0,0.0,0.0514731,0.023670817,0.0,0.0,0.0,0.0,0.0,0.9069838,0.0
14800_20400,0.0,0.0,0.0,0.18899883,0.0,0.05763144,0.186325,0.54896677,0.0,0.0,0.0
14800_21200,0.0,0.0,0.0,0.58144605,0.013346878,0.19728966,0.0,0.034076642,0.0,0.16847983,0.0
14800_22000,0.0,0.0,0.0,0.5991737,0.032983277,0.12928279,0.0,0.0422474,0.0,0.18548949,0.0
14800_22800,0.0,0.0,0.024083018,0.3263164,0.08835043,0.20959486,0.040459797,0.047140237,0.013817585,0.23333344,0.0
14800_23600,0.0,0.0,0.0,0.123356104,0.6878265,0.17220767,0.0,0.0,0.0,0.0,0.0
14800_24400,0.0,0.028663449,0.048747573,0.090604514,0.36010003,0.1680812,0.0,0.0,0.0,0.27777293,0.0
14800_25200,0.0,0.029760545,0.05523414,0.103526145,0.48612082,0.096817836,0.0,0.0,0.0,0.20110609,0.0
14800_26000,0.0,0.04060825,0.1398868,0.11214673,0.4470934,0.07918745,0.0,0.0,0.0,0.15934698,0.0
14800_26800,0.0,0.026154544,0.18646318,0.09848682,0.43727994,0.08442349,0.012103227,0.0,0.0,0.13997568,0.0
14800_27600,0.0,0.038597893,0.19467214,0.09177042,0.18455869,0.12201788,0.016466958,0.0,0.011310019,0.32276347,0.0
14800_28400,0.13106033,0.017129209,0.039271798,0.12033079,0.2240718,0.1297821,0.07156979,0.05941312,0.010691003,0.18161373,0.0150662465
14800_29200,0.039890826,0.0,0.06703059,0.098359376,0.03583803,0.10023317,0.19734296,0.18032028,0.0,0.27439404,0.0
14800_30000,0.0,0.022689652,0.015332819,0.19496535,0.10889684,0.014878906,0.04098311,0.08164986,0.21820433,0.23864265,0.057109106
14800_30800,0.046450537,0.093856916,0.044586442,0.19842081,0.077746585,0.08730473,0.10545972,0.13031164,0.07488681,0.023511982,0.11746382
14800_31600,0.01475933,0.0,0.05704508,0.19552007,0.06662606,0.07923116,0.12790179,0.123906,0.09082493,0.23840414,0.0
14800_32400,0.16730854,0.0,0.026394824,0.19668704,0.039415337,0.019090863,0.17163688,0.2847534,0.0,0.071031496,0.014857995
14800_33200,0.24461912,0.0,0.025763936,0.15383472,0.07156319,0.1543172,0.073015936,0.06582674,0.011618356,0.19187245,0.0
14800_34000,0.4212788,0.034391243,0.01773856,0.1846268,0.046740044,0.046758484,0.060918048,0.060615513,0.021585092,0.078460865,0.02688659
14800_34800,0.3978548,0.055547882,0.039709836,0.21808586,0.05415323,0.0304441,0.03307424,0.02897114,0.0,0.12925436,0.0
14800_35600,0.23012283,0.05998529,0.027993394,0.14894688,0.08430854,0.17027445,0.05521686,0.04534049,0.08559966,0.044532433,0.04767912
14800_36400,0.26298985,0.22378576,0.07621525,0.06639854,0.12792103,0.06616142,0.013884268,0.0,0.014488912,0.12799525,0.013366285
14800_37200,0.1449241,0.32000214,0.112103395,0.14266944,0.061680593,0.012217807,0.047797743,0.026246682,0.0,0.10773349,0.018348185
14800_38000,0.019431109,0.1305126,0.089356095,0.084339984,0.12238849,0.1133923,0.06742395,0.07322932,0.03430157,0.13139023,0.13423432
14800_38800,0.06684985,0.34247005,0.17316477,0.1599606,0.061798472,0.057583153,0.05291729,0.020586902,0.0,0.04340292,0.012463867
14800_39600,0.0,0.3679987,0.16261326,0.1773342,0.049305007,0.07799123,0.02207031,0.015415752,0.072757214,0.037202593,0.013511577
14800_40400,0.0,0.3972921,0.08796436,0.116663046,0.17471161,0.015599932,0.012886022,0.010686753,0.04181706,0.11121661,0.026838304
14800_41200,0.0,0.023819597,0.028195849,0.13731009,0.22637877,0.027228145,0.016815117,0.018650275,0.29456234,0.21290535,0.010555994
14800_42000,0.011363191,0.023595225,0.018865818,0.3060798,0.04708583,0.0,0.06972532,0.115386754,0.3435789,0.0,0.05809547
14800_42800,0.0,0.0,0.0,0.46415317,0.020268664,0.08573394,0.027985485,0.37145808,0.0,0.023624562,0.0
15600_20400,0.0,0.0,0.0,0.8251006,0.0,0.016390434,0.0,0.110802904,0.0,0.0454484,0.0
15600_21200,0.0,0.0,0.0,0.7369921,0.0,0.047490533,0.0,0.05195242,0.0,0.15754716,0.0
15600_22000,0.0,0.0,0.0,0.58629346,0.13748501,0.15651782,0.0,0.032015376,0.01589722,0.06012795,0.0
15600_22800,0.0,0.03329433,0.015236381,0.18954298,0.7087279,0.016660197,0.0,0.0,0.0,0.023159586,0.0
15600_23600,0.0,0.0,0.021370267,0.20164008,0.3971262,0.12669379,0.0,0.010862658,0.0,0.22373168,0.0
15600_24400,0.0,0.07161205,0.0522555,0.103830375,0.4652634,0.0,0.0,0.0,0.010357276,0.2858869,0.0
15600_25200,0.0,0.09883245,0.13405252,0.14778568,0.51899606,0.038198028,0.0,0.0,0.0,0.046706665,0.0
15600_26000,0.0,0.1283161,0.08993563,0.10704612,0.42198154,0.07017917,0.012586155,0.013389482,0.0,0.13434447,0.0
15600_26800,0.02244796,0.049610887,0.030218052,0.12690602,0.50612736,0.04467165,0.02257945,0.03177209,0.0,0.1399867,0.016620468
15600_27600,0.028940093,0.0,0.1239995,0.15107754,0.0706459,0.08687996,0.14913863,0.17405953,0.0,0.19797426,0.0
15600_28400,0.020192802,0.0,0.01267969,0.29232088,0.027693681,0.0,0.21672094,0.31377807,0.04406808,0.060565233,0.0
15600_29200,0.059631623,0.015113625,0.0,0.26423904,0.037193976,0.012842227,0.08598458,0.15980576,0.18279578,0.013245927,0.16365954
15600_30000,0.0,0.030030439,0.0,0.3288173,0.051315665,0.0,0.04574619,0.10660746,0.037859194,0.0,0.37559992
15600_30800,0.2925883,0.02949111,0.0,0.35273072,0.07281141,0.049949203,0.042715866,0.08121405,0.025827428,0.0,0.041124444
15600_31600,0.24203174,0.02867753,0.033511247,0.24732485,0.062220108,0.091373295,0.09307075,0.09847963,0.018933572,0.06872803,0.015649209
15600_32400,0.33805794,0.0,0.011780306,0.19955984,0.08001886,0.15749308,0.055373445,0.05923124,0.05138996,0.021595674,0.017050566
15600_33200,0.55511075,0.0,0.0,0.12137002,0.0,0.014744604,0.09977498,0.12283991,0.026370196,0.035787955,0.0
15600_34000,0.5747934,0.0,0.0,0.094680615,0.0,0.04972603,0.06676626,0.12814172,0.016904596,0.019741327,0.030888684
15600_34800,0.3638683,0.0,0.019674633,0.1883942,0.038089745,0.0,0.14114583,0.18489839,0.0,0.035719015,0.011472028
15600_35600,0.2621252,0.16438282,0.054760028,0.13064758,0.07513776,0.06789736,0.04154518,0.030238362,0.020561928,0.12203627,0.030667495
15600_36400,0.264939,0.10459609,0.046785835,0.092077024,0.16450745,0.08531565,0.027837008,0.021340078,0.016221961,0.15389204,0.022487879
15600_37200,0.12324097,0.12213859,0.054892384,0.11178998,0.055851698,0.019197216,0.12654671,0.09764099,0.11649759,0.046357583,0.12584624
15600_38000,0.051246624,0.11198033,0.062398292,0.10511587,0.0913642,0.16380289,0.060514882,0.044878915,0.16808915,0.08095257,0.059656262
15600_38800,0.0,0.38881359,0.11479094,0.16365267,0.15610732,0.07152935,0.0,0.0,0.012948475,0.066319,0.0100319
15600_39600,0.0,0.37204012,0.15835392,0.16257195,0.03853217,0.0820032,0.03634436,0.022470277,0.055211194,0.038653497,0.026945358
15600_40400,0.0,0.4382088,0.07499959,0.29061395,0.1434997,0.0,0.01793652,0.011139105,0.0,0.0,0.014916806
15600_41200,0.0,0.032951646,0.0255549,0.37837845,0.08690132,0.0,0.011263393,0.019162513,0.40909925,0.01794484,0.0
15600_42000,0.014509273,0.0,0.0,0.30883953,0.025320642,0.12715983,0.05645809,0.25834948,0.1799898,0.0,0.017609729
16400_20400,0.0,0.0,0.011092992,0.39185908,0.04877445,0.16359897,0.034555506,0.08938822,0.0,0.2576315,0.0
16400_21200,0.0,0.0,0.070524864,0.18336007,0.26155728,0.23847988,0.016059132,0.014811625,0.0,0.21176238,0.0
16400_22000,0.0,0.16190366,0.042937666,0.13702087,0.6051399,0.025677321,0.0,0.0,0.0,0.020476226,0.0
16400_22800,0.0,0.089788295,0.024144199,0.14671852,0.5634985,0.07166553,0.0,0.0,0.0,0.0763324,0.0
16400_23600,0.0,0.13449828,0.041407425,0.1205258,0.5560318,0.059854332,0.0,0.0,0.0,0.06590372,0.0
16400_24400,0.0,0.019297732,0.092332266,0.11958712,0.48093933,0.13922411,0.012617442,0.010046182,0.0,0.11629305,0.0
16400_25200,0.0,0.021894518,0.052347787,0.1111404,0.5517122,0.08871598,0.0,0.0,0.0,0.1649111,0.0
16400_26000,0.033214796,0.019419756,0.04309046,0.10926526,0.45285,0.15098737,0.036177453,0.03563157,0.0,0.1012189,0.011303643
16400_26800,0.019530375,0.0,0.03865825,0.09601548,0.3442974,0.16554539,0.045824908,0.04917507,0.0,0.23061192,0.0
16400_27600,0.0,0.0,0.02185145,0.29392812,0.040741563,0.014364574,0.030024055,0.06591407,0.0,0.52856725,0.0
16400_28400,0.106977895,0.018913187,0.023427377,0.13947667,0.08287426,0.16261064,0.09130913,0.0962811,0.030009586,0.20311914,0.045001037
16400_29200,0.01989605,0.01821003,0.02423952,0.23074742,0.05855812,0.02064052,0.13880719,0.23082207,0.06825266,0.14203997,0.047786377
16400_30000,0.0,0.0,0.049483046,0.25356296,0.18835269,0.0,0.0,0.0,0.07266498,0.41750947,0.0
16400_30800,0.15192008,0.05328063,0.02945503,0.15041193,0.0693709,0.12794001,0.0639989,0.0560557,0.08449394,0.16177988,0.05129298
16400_31600,0.48517793,0.0,0.0,0.31118453,0.042689458,0.017601576,0.047484163,0.0635013,0.0,0.013049454,0.0
16400_32400,0.428458,0.023393828,0.0,0.2498801,0.053250387,0.07132581,0.05185581,0.06806007,0.0,0.0,0.025874648
16400_33200,0.3623652,0.022910494,0.0,0.19324917,0.07007238,0.08409012,0.053268574,0.06897334,0.023517706,0.049997307,0.06172404
16400_34000,0.5033919,0.0,0.0,0.28781268,0.016707515,0.033189524,0.03688897,0.10074523,0.0,0.0,0.010115007
16400_34800,0.4387876,0.14479463,0.06557823,0.17572694,0.019361565,0.01917407,0.03067764,0.026804276,0.0,0.070936844,0.0
16400_35600,0.32385147,0.21992864,0.06759245,0.10988678,0.03916169,0.0,0.034594465,0.019420685,0.0,0.15561712,0.02040183
16400_36400,0.30305922,0.21070796,0.096244745,0.11761976,0.051683694,0.0,0.04315055,0.028897421,0.0,0.119157724,0.016989011
16400_37200,0.14831726,0.21748151,0.123060435,0.08415874,0.12251087,0.07659106,0.047731392,0.02317703,0.025537718,0.09384887,0.037585147
16400_38000,0.14240289,0.2909295,0.03298011,0.07680029,0.10040849,0.1354055,0.01713907,0.013484565,0.029103873,0.08264993,0.07869576
16400_38800,0.0,0.37634653,0.17667551,0.058913186,0.0,0.0,0.09011929,0.063307784,0.01808458,0.12823759,0.07260397
16400_39600,0.0,0.087684594,0.040007427,0.14836437,0.06255505,0.115792595,0.0318946,0.031204732,0.24252301,0.18749677,0.043986518
16400_40400,0.0,0.02574439,0.123615585,0.31460303,0.1435649,0.17886582,0.04391124,0.053230252,0.052584544,0.053809043,0.0
16400_41200,0.025767783,0.0,0.0,0.31574532,0.042923953,0.24783383,0.08775048,0.2525611,0.0,0.01989028,0.0
16400_42000,0.0,0.0,0.0,0.7936139,0.0,0.14327542,0.0,0.04669833,0.0,0.010571215,0.0
17200_20400,0.0,0.09206757,0.050842326,0.13898627,0.50401694,0.046849225,0.0,0.0,0.0,0.15412144,0.0
17200_21200,0.0,0.03356216,0.1646436,0.18345883,0.51131755,0.033987895,0.0,0.0,0.0,0.069523774,0.0
17200_22000,0.031137208,0.028418574,0.019736946,0.19640988,0.29465824,0.09676823,0.07099561,0.101469986,0.0794689,0.014081725,0.06685466
17200_22800,0.0,0.17652425,0.039485328,0.12547204,0.38880616,0.02324561,0.0,0.0,0.013434635,0.2305437,0.0
17200_23600,0.0,0.25523663,0.08115256,0.08038318,0.48076308,0.07500312,0.0,0.0,0.0,0.010966021,0.0
17200_24400,0.0,0.0,0.35426643,0.19253951,0.10474763,0.0,0.0,0.0,0.0,0.32995826,0.0
17200_25200,0.012556447,0.0,0.23690614,0.123866595,0.25575837,0.0,0.0903282,0.052998193,0.0,0.20874786,0.0
17200_26000,0.20603095,0.035257094,0.046091,0.15392247,0.3483695,0.04992457,0.029628022,0.028770074,0.0,0.09311932,0.0
17200_26800,0.12215327,0.0,0.033017844,0.21749543,0.13211405,0.15171422,0.15631999,0.12975992,0.0,0.0422333,0.0
17200_27600,0.0,0.0,0.06703694,0.10482373,0.09514677,0.24273813,0.012122421,0.013351046,0.0,0.45795503,0.0
17200_28400,0.0,0.0983418,0.020339686,0.11103013,0.0789581,0.0,0.028749924,0.06242663,0.030225514,0.25008294,0.3085907
17200_29200,0.0,0.0,0.070048936,0.16482082,0.057079118,0.14338337,0.11156156,0.15623772,0.0,0.27985203,0.0
17200_30000,0.2524226,0.04902123,0.039509304,0.19424671,0.058010116,0.024020009,0.10974568,0.0901976,0.039792925,0.09994634,0.043087546
17200_30800,0.35175866,0.012430449,0.01340175,0.35540688,0.058458243,0.020440567,0.057693634,0.07915732,0.01863394,0.025284862,0.0
17200_31600,0.38512903,0.016403707,0.018691335,0.18593796,0.053329606,0.07120382,0.047935143,0.052115522,0.021472057,0.13752027,0.01026156
17200_32400,0.40193498,0.013380067,0.031109093,0.056007415,0.0,0.010933011,0.126743,0.120414555,0.01048656,0.21342754,0.011107643
17200_33200,0.3598305,0.023798034,0.029947478,0.1573131,0.04938489,0.037673004,0.062713504,0.049034107,0.04024565,0.17697506,0.013084687
17200_34000,0.38655028,0.1266398,0.06737566,0.1339156,0.031005885,0.0,0.04830069,0.032141358,0.010601267,0.14048645,0.013052254
17200_34800,0.27988183,0.064392455,0.04653434,0.07839981,0.0150935035,0.12679406,0.09648449,0.07114719,0.16017283,0.018315552,0.042783994
17200_35600,0.2363383,0.13980524,0.065259054,0.15024719,0.025173794,0.0,0.14529139,0.08885873,0.07540199,0.013903282,0.05895092
17200_36400,0.19038674,0.2283697,0.034094702,0.12219433,0.080797404,0.11727246,0.038732436,0.032151897,0.062445797,0.024277473,0.06927711
17200_37200,0.113799654,0.22463289,0.05218138,0.09477217,0.105334625,0.087043695,0.04649854,0.027370067,0.05422469,0.109168254,0.084974095
17200_38000,0.0,0.2862883,0.076578215,0.1227913,0.25566328,0.012172816,0.016347628,0.026985534,0.0,0.15427555,0.038768284
17200_38800,0.015910648,0.14782242,0.033412546,0.11030654,0.12695386,0.12319265,0.023776315,0.026401969,0.20491855,0.118124455,0.06918
17200_39600,0.0,0.0,0.036763895,0.3676793,0.07720831,0.2942046,0.029658813,0.044457193,0.033017397,0.11149075,0.0
17200_41200,0.0,0.0,0.0,0.38810486,0.031117208,0.14875399,0.07859111,0.28835514,0.0,0.040465362,0.0
18000_20400,0.0,0.05868223,0.0,0.15689927,0.51266015,0.08758567,0.0,0.010492549,0.025476824,0.102616124,0.029379789
18000_21200,0.0,0.07948655,0.038262494,0.10640875,0.53586245,0.017263481,0.0,0.0,0.0,0.19840111,0.0
18000_22000,0.0,0.111774914,0.10720814,0.11879349,0.5458223,0.039416447,0.0,0.0,0.0,0.058039173,0.0
18000_22800,0.0,0.044041455,0.0602561,0.17406926,0.52953017,0.14763637,0.0,0.0,0.016312528,0.015272868,0.0
18000_23600,0.0,0.012362194,0.035845127,0.12645149,0.5137847,0.13019456,0.014362199,0.015669646,0.0,0.13691789,0.0
18000_24400,0.020413611,0.010783533,0.07483049,0.112067446,0.38324028,0.09704196,0.041083444,0.038672615,0.0,0.21517463,0.0
18000_25200,0.0,0.0,0.14423376,0.24535225,0.011782124,0.0,0.2834692,0.19958477,0.0,0.10323916,0.0
18000_26000,0.0,0.0,0.0,0.30855614,0.05994536,0.014287438,0.052933615,0.21756794,0.08293161,0.20474285,0.034543253
18000_26800,0.0,0.0,0.0,0.6106762,0.010113878,0.0,0.022559796,0.3274026,0.0,0.016380124,0.0
18000_27600,0.0,0.0,0.01603996,0.25461644,0.058537353,0.1390069,0.047703814,0.15529412,0.0,0.32336414,0.0
18000_28400,0.18396029,0.014845238,0.0,0.29030922,0.036579505,0.0,0.10953532,0.22750315,0.022907542,0.030911248,0.07464101
18000_29200,0.0,0.0,0.0,0.42413405,0.039148908,0.03222642,0.04542939,0.21418037,0.010802522,0.2244365,0.0
18000_30000,0.32791686,0.0,0.0,0.26577443,0.028542455,0.0,0.07807869,0.19320652,0.027530974,0.021090468,0.03904782
18000_30800,0.41014385,0.010115343,0.015528507,0.20494339,0.056161627,0.08062338,0.064835474,0.06550949,0.016476601,0.0643834,0.011278961
18000_31600,0.33148247,0.0,0.022512436,0.18718529,0.04269765,0.06368507,0.09715436,0.115321055,0.015652092,0.113694526,0.0
18000_32400,0.43061468,0.013087133,0.017207839,0.19596267,0.03901352,0.016386932,0.10416037,0.089593396,0.013442881,0.063907064,0.016623404
18000_33200,0.5680945,0.011005832,0.0,0.044257894,0.0,0.0,0.07976788,0.24056266,0.013840248,0.017515182,0.02006434
18000_34000,0.38837522,0.2601107,0.04274057,0.11197616,0.022885425,0.0,0.01822251,0.014402028,0.0,0.11140288,0.0155039495
18000_34800,0.16474693,0.10691567,0.03473218,0.122811094,0.065816306,0.09225316,0.07517254,0.06049683,0.09290429,0.052610096,0.13154092
18000_35600,0.22859286,0.045619234,0.03420716,0.07059064,0.0,0.0,0.14565253,0.11496319,0.151664,0.14787056,0.050351348
18000_36400,0.053136934,0.20487584,0.0642266,0.13895102,0.057534244,0.08525557,0.09865874,0.094300985,0.07038069,0.019679746,0.11299963
18000_37200,0.0,0.11473808,0.050668858,0.12753697,0.05700109,0.15807715,0.018082097,0.018297354,0.24553992,0.17585452,0.028682673
18000_38000,0.0,0.44288394,0.032049775,0.15041128,0.05031127,0.05224411,0.0,0.013615984,0.023350475,0.1286485,0.09440986
18000_38800,0.021691086,0.09782337,0.045225438,0.24110103,0.081031494,0.12856214,0.063101046,0.08480156,0.06865667,0.09581807,0.07218805
18000_39600,0.013114542,0.010167599,0.01285037,0.22457169,0.2250212,0.023072228,0.057142563,0.114307165,0.2809366,0.010472406,0.028343651
18000_40400,0.0,0.0,0.0,0.2781923,0.050313644,0.17993402,0.068568684,0.3316268,0.053229988,0.017397529,0.0
18800_20400,0.0,0.04623689,0.062251065,0.13940847,0.54395944,0.10066339,0.0,0.010153378,0.0,0.07507471,0.0
18800_21200,0.0,0.22265609,0.09850229,0.16079158,0.37972018,0.038138717,0.0,0.0,0.046666086,0.02822593,0.0
18800_22000,0.0,0.0,0.0,0.7893712,0.0810913,0.041757256,0.0,0.0,0.0,0.08056067,0.0
18800_22800,0.0,0.0,0.17885007,0.19167913,0.056568068,0.03179417,0.0,0.0,0.0,0.52763855,0.0
18800_23600,0.0,0.0,0.0,0.5954172,0.33922938,0.0,0.0,0.024388686,0.0,0.023999708,0.0
18800_24400,0.018315801,0.0,0.014306076,0.15067999,0.16401178,0.18506457,0.059740685,0.1357765,0.0,0.2674258,0.0
18800_25200,0.13823034,0.021122787,0.03415277,0.24289319,0.13878569,0.08284563,0.15216845,0.14505894,0.012920804,0.011892982,0.019928468
18800_26000,0.0,0.0,0.0,0.68588513,0.04211934,0.15698715,0.010504149,0.045037832,0.0,0.048487917,0.0
18800_26800,0.0,0.02278513,0.013468546,0.2382452,0.055732228,0.0,0.044974044,0.12722427,0.1983884,0.1671684,0.12633795
18800_27600,0.105061166,0.012990188,0.05920867,0.096442536,0.024439134,0.0,0.2192742,0.19552863,0.019419568,0.24856272,0.016120175
18800_28400,0.0,0.0,0.0,0.44421658,0.012738037,0.04734437,0.049610034,0.29830772,0.0,0.14184494,0.0
18800_29200,0.6771805,0.0,0.0,0.14849547,0.0,0.0,0.03712244,0.10551927,0.0,0.0,0.0
18800_30000,0.3041269,0.031191373,0.015208375,0.11281446,0.19819064,0.09335411,0.031176958,0.029134057,0.03197609,0.11729497,0.035532027
18800_30800,0.30251232,0.018743815,0.0262218,0.118842304,0.29063743,0.08947389,0.02099458,0.018062117,0.0,0.10344577,0.0
18800_31600,0.27893308,0.011738349,0.021421079,0.13765919,0.1557386,0.11737235,0.03925245,0.040436856,0.014501043,0.17449322,0.0
18800_32400,0.27527237,0.015865367,0.040148124,0.12278667,0.14492321,0.0,0.07299029,0.070078336,0.0,0.2300406,0.011001336
18800_33200,0.43123475,0.118404366,0.027011538,0.15039928,0.056759983,0.017498925,0.02848165,0.027929043,0.0,0.105845585,0.02725244
18800_34000,0.49603614,0.2379562,0.031885214,0.07783538,0.0,0.06041002,0.032449074,0.03186115,0.0,0.0,0.021550315
18800_34800,0.2190319,0.18389581,0.071953535,0.076792784,0.11881392,0.10941079,0.025032768,0.01301935,0.02679598,0.12954527,0.025707819
18800_35600,0.12991527,0.26163265,0.053077213,0.0816273,0.11014569,0.10834443,0.028533837,0.01796477,0.019772312,0.12945446,0.059532035
18800_36400,0.019998582,0.26995948,0.037985876,0.113483205,0.22768536,0.10893299,0.023093984,0.031327374,0.012044826,0.0,0.14955485
18800_37200,0.03124185,0.17569262,0.054519672,0.0919726,0.16385102,0.1831916,0.025243692,0.022481048,0.057669032,0.13347165,0.060665186
18800_38000,0.091893144,0.14831367,0.090198725,0.11599708,0.059862707,0.06522373,0.11492121,0.07500217,0.12966101,0.046440434,0.062486134
18800_38800,0.0,0.0,0.027120557,0.22144191,0.1284121,0.0,0.033734806,0.043731056,0.0786142,0.45398727,0.0
18800_40400,0.0,0.0,0.013724535,0.4071645,0.04268177,0.090419576,0.0971903,0.22113025,0.09457614,0.016153913,0.0
19600_25200,0.010825366,0.17724599,0.021779343,0.5020904,0.041338734,0.0,0.041493166,0.10304333,0.059629094,0.0,0.032552592
19600_26000,0.0,0.0,0.0126274675,0.8045367,0.0,0.0,0.014321217,0.11025835,0.0,0.048663765,0.0
19600_26800,0.09633801,0.022887822,0.0,0.27005753,0.039631493,0.0,0.09798529,0.15415946,0.13157746,0.0,0.17162597
19600_27600,0.060955346,0.0,0.0131068835,0.05633909,0.0,0.01013884,0.12909454,0.27590314,0.070477195,0.36715475,0.0
19600_28400,0.39344826,0.013703179,0.0,0.28066558,0.03879745,0.026209341,0.04863152,0.103607036,0.018549649,0.03980677,0.031905282
19600_29200,0.07680731,0.0,0.01975315,0.09305753,0.011609536,0.0,0.17193867,0.2823361,0.040461898,0.29302257,0.0
19600_30000,0.2961721,0.0,0.0,0.3097699,0.026498973,0.022553703,0.08631078,0.21853703,0.0,0.010430599,0.019588951
19600_30800,0.33769956,0.0,0.0,0.31443152,0.019609487,0.030465161,0.09432194,0.1682033,0.016905753,0.0,0.0
19600_31600,0.21941434,0.0,0.0,0.27991948,0.04466842,0.029748786,0.08085679,0.18656558,0.018461265,0.11377999,0.01806579
19600_32400,0.3803973,0.019820657,0.0,0.15293726,0.0190725,0.025063071,0.073614776,0.16608912,0.058388203,0.010384971,0.087872386
19600_33200,0.3929245,0.019909063,0.0,0.21841304,0.033406846,0.023905093,0.046213124,0.10501068,0.028943893,0.018656068,0.109058954
19600_34000,0.235232,0.03420233,0.0,0.20775647,0.048444152,0.10344263,0.08652799,0.117804125,0.057537943,0.0,0.090943635
19600_34800,0.0,0.2611307,0.032395393,0.26155707,0.041464414,0.010885425,0.030275872,0.064817235,0.0,0.0,0.28665057
19600_35600,0.09485312,0.21123347,0.04807343,0.123416126,0.0626244,0.065761164,0.09021039,0.08489938,0.04486679,0.030396178,0.14366561
19600_36400,0.0,0.16556296,0.062860616,0.19942738,0.038897775,0.010256899,0.07477016,0.11346013,0.07144199,0.04740802,0.20952332
19600_37200,0.0,0.11727261,0.034768336,0.22241195,0.06187548,0.013499682,0.048215155,0.10473642,0.12980978,0.13471475,0.12653127
19600_39600,0.0,0.0,0.013858199,0.27381307,0.041437585,0.21902472,0.09833732,0.317089,0.0,0.021071114,0.0
20400_25200,0.0,0.17596024,0.032756064,0.25456893,0.040635314,0.019401614,0.04622686,0.13808018,0.18861096,0.0,0.09559934
20400_26000,0.013538919,0.0,0.020697573,0.10481465,0.013111588,0.0,0.12539749,0.20990151,0.102096476,0.39556882,0.0
20400_26800,0.2977789,0.0,0.0,0.291918,0.036774248,0.0,0.08554358,0.2574585,0.0,0.0,0.0
20400_27600,0.30057496,0.033923462,0.023655087,0.17572667,0.06540447,0.013740506,0.07089245,0.090535015,0.01452705,0.16016884,0.050851464
20400_28400,0.3867693,0.0,0.0,0.14781547,0.0,0.06364609,0.08338492,0.29695776,0.0,0.0,0.0
20400_29200,0.34431636,0.0,0.0,0.25254735,0.04609819,0.069279164,0.07736738,0.15533873,0.010547324,0.02647373,0.0
20400_30000,0.36795896,0.0,0.0,0.20679864,0.1171784,0.091986306,0.049440503,0.0658927,0.0,0.0619194,0.016538719
20400_30800,0.21788798,0.0,0.020195449,0.12638408,0.14330144,0.15170386,0.059337594,0.055792164,0.02045792,0.19055554,0.0
20400_31600,0.39129117,0.024975646,0.0,0.18738167,0.065899946,0.08138805,0.038815357,0.05954052,0.03448885,0.05088911,0.058031052
20400_32400,0.36098528,0.018962128,0.010335024,0.18440565,0.054368064,0.023603076,0.085086755,0.12909597,0.056567293,0.01689947,0.059691217
20400_33200,0.35062772,0.036061388,0.0,0.17103237,0.059147693,0.04790183,0.0368632,0.040909246,0.16925503,0.011023126,0.068169855
20400_34000,0.28067425,0.203829,0.03401281,0.14433643,0.033453364,0.042566303,0.0629075,0.05796888,0.046669666,0.022079224,0.071502596
20400_34800,0.10819923,0.19956267,0.042508215,0.07570713,0.12422989,0.012928744,0.039093178,0.029039616,0.08000078,0.16195409,0.12677649
20400_35600,0.10423852,0.21944904,0.030416157,0.15494956,0.10717214,0.10804047,0.037183456,0.037435617,0.10700588,0.011100791,0.08300845
20400_36400,0.02363499,0.27803555,0.034291517,0.14127386,0.11496452,0.13445772,0.026621222,0.038916472,0.05077453,0.029812535,0.1272171
20400_37200,0.0,0.17212577,0.09711191,0.13922486,0.23255083,0.055662002,0.0,0.0,0.21293774,0.06356075,0.0
20400_38000,0.0,0.026908465,0.025356896,0.110467665,0.18212618,0.30962244,0.010117082,0.0,0.28190768,0.031853396,0.0
20400_38800,0.016306674,0.0,0.0,0.28344402,0.056142174,0.20820314,0.07907386,0.26998305,0.049608164,0.02124815,0.0
20400_39600,0.0,0.0,0.011477822,0.6478878,0.026760953,0.014233989,0.031879835,0.20869586,0.02461164,0.030737432,0.0
21200_31600,0.28803733,0.022401873,0.014074627,0.15944065,0.114823185,0.09955343,0.07671747,0.11376175,0.024635734,0.03360273,0.05295118
21200_32400,0.30209684,0.018100226,0.0,0.2551108,0.025274217,0.018641302,0.06410074,0.13090616,0.06540007,0.0,0.112624325
21200_33200,0.33994305,0.11353199,0.013490436,0.092573866,0.17818727,0.05333849,0.01510052,0.014507105,0.019862723,0.06289139,0.09657314
21200_34000,0.13711181,0.11299232,0.030132547,0.13866983,0.07017755,0.056190398,0.09235304,0.08422747,0.0808937,0.051755354,0.14549598
21200_34800,0.012718622,0.0,0.013152211,0.12744887,0.012170832,0.0,0.07617625,0.23752752,0.15377054,0.34354037,0.012139081
21200_35600,0.042713683,0.091912374,0.0,0.13259791,0.16510801,0.10039015,0.021029169,0.035041478,0.048581015,0.10796583,0.24702296
21200_36400,0.014573814,0.04134993,0.0,0.20333731,0.16160136,0.13643014,0.019154485,0.06261128,0.0,0.023540625,0.32227167
21200_37200,0.0,0.058617037,0.014727391,0.11659657,0.3565103,0.17306027,0.0,0.0,0.10308226,0.14011863,0.016969489
21200_38000,0.012187205,0.0,0.01633648,0.19261271,0.02917813,0.0,0.07127362,0.11319095,0.26808062,0.2851396,0.0
21200_38800,0.0,0.0,0.0,0.4709175,0.03719848,0.14343823,0.0161132,0.319644,0.0,0.0,0.0
22000_31600,0.2531571,0.0,0.01079973,0.16310161,0.1236696,0.012440786,0.05300757,0.06610344,0.05997684,0.24012314,0.011765944
22000_32400,0.3213256,0.030534102,0.0,0.20832464,0.06151998,0.030465666,0.052652165,0.10631058,0.060384415,0.012025528,0.11033487
22000_33200,0.46692905,0.045698274,0.0,0.12556058,0.017314808,0.09149722,0.025426857,0.03340055,0.08883322,0.020598736,0.07895606
22000_34000,0.28840718,0.07538322,0.012429324,0.1767417,0.035736684,0.0,0.0756248,0.08823742,0.077226415,0.012858953,0.15517232
22000_34800,0.040384263,0.14510317,0.023009455,0.15061827,0.12154835,0.1008792,0.03830934,0.055858962,0.027241854,0.02818367,0.26886347
22000_35600,0.0,0.043881778,0.02090006,0.25385922,0.0479754,0.013362146,0.06546489,0.20265815,0.13621868,0.074322194,0.13734624
22000_38000,0.010713273,0.0,0.0,0.3337779,0.09423349,0.22812496,0.02606526,0.117231555,0.0,0.1798928,0.0
22000_39600,0.0,0.0,0.0,0.13902624,0.14885066,0.32440865,0.0,0.016223425,0.03637551,0.29933566,0.0
22800_31600,0.51101846,0.011538454,0.012697749,0.12419827,0.0,0.0,0.11726847,0.16218048,0.0,0.033519864,0.0
22800_33200,0.32309017,0.25720814,0.078991994,0.16627772,0.050346352,0.0,0.03367871,0.015508793,0.0,0.024948915,0.045453526
22800_34000,0.1915667,0.09815617,0.0140830185,0.2619665,0.03616095,0.06054,0.08970163,0.07356763,0.041807383,0.013941139,0.11850892
22800_34800,0.029986119,0.049018938,0.17636654,0.19477344,0.08168672,0.167577,0.102780096,0.059392344,0.09822062,0.028986901,0.011211328
22800_35600,0.08439163,0.0801337,0.03930861,0.17190237,0.16890858,0.15890333,0.072166026,0.057551343,0.08884859,0.021164764,0.0567211
22800_37200,0.0,0.0,0.0,0.47403598,0.0,0.029161919,0.032876905,0.38495547,0.0,0.056822803,0.0
23600_37200,0.0,0.0,0.0,0.5359439,0.026417054,0.041029762,0.035195284,0.32978407,0.010905784,0.0,0.0
