1.111825928092002869e-01,9.846729785203933716e-02,1.235884726047515869e-01,1.187072843313217163e-01,6.791050545871257782e-03,7.211845368146896362e-03,2.102050781250000000e-01,6.957648694515228271e-02,4.666897933930158615e-03,9.534231573343276978e-02,1.048899963498115540e-01,6.755922455340623856e-03,3.251109272241592407e-02,6.488437298685312271e-03,3.615176305174827576e-03
1.298190504312515259e-01,1.236358359456062317e-01,9.950692951679229736e-02,1.058039441704750061e-01,1.896598190069198608e-02,2.060175500810146332e-02,1.454505324363708496e-01,4.277349263429641724e-02,1.451272703707218170e-02,1.068639233708381653e-01,9.627704322338104248e-02,2.106196992099285126e-02,4.514150321483612061e-02,1.697822846472263336e-02,1.260719168931245804e-02
9.441818296909332275e-02,1.294790804386138916e-01,1.044181883335113525e-01,1.099486351013183594e-01,2.500282227993011475e-02,2.858432568609714508e-02,1.179159358143806458e-01,2.916346676647663116e-02,2.490218915045261383e-02,1.416758000850677490e-01,7.039999961853027344e-02,4.169319197535514832e-02,3.498531505465507507e-02,2.444807998836040497e-02,2.296487241983413696e-02
7.948967814445495605e-02,1.264508664608001709e-01,1.097906231880187988e-01,1.185481995344161987e-01,2.809456177055835724e-02,3.424767777323722839e-02,1.033507063984870911e-01,2.376531623303890228e-02,3.038863465189933777e-02,1.383166164159774780e-01,6.014786660671234131e-02,5.184660851955413818e-02,3.842291980981826782e-02,2.966236881911754608e-02,2.747730351984500885e-02
8.943738043308258057e-02,9.047179669141769409e-02,1.272748708724975586e-01,1.140868216753005981e-01,7.001687306910753250e-03,8.271606639027595520e-03,2.147281318902969360e-01,5.758309736847877502e-02,6.102534942328929901e-03,1.455186605453491211e-01,9.362745285034179688e-02,1.018753647804260254e-02,2.352145686745643616e-02,7.421776652336120605e-03,4.765158984810113907e-03
9.641334414482116699e-02,7.564861327409744263e-02,1.032362729310989380e-01,9.562332183122634888e-02,5.624586250633001328e-03,6.010247394442558289e-03,2.493437528610229492e-01,6.858862936496734619e-02,4.288138821721076965e-03,1.248772069811820984e-01,1.284581571817398071e-01,6.458246614784002304e-03,2.656175009906291962e-02,5.828040186315774918e-03,3.039725124835968018e-03
9.398303180932998657e-02,8.280622959136962891e-02,1.115859299898147583e-01,1.061431169509887695e-01,5.533427465707063675e-03,5.944224074482917786e-03,2.399140447378158569e-01,7.013330608606338501e-02,4.294357728213071823e-03,1.266365200281143188e-01,1.138249263167381287e-01,6.597667466849088669e-03,2.371204271912574768e-02,5.751257762312889099e-03,3.139949869364500046e-03
1.073589324951171875e-01,9.822869300842285156e-02,1.073615625500679016e-01,8.971115946769714355e-02,7.856091484427452087e-03,8.607118390500545502e-03,2.132566422224044800e-01,7.222200930118560791e-02,5.906738806515932083e-03,1.192951574921607971e-01,1.194235533475875854e-01,8.738911710679531097e-03,2.987842634320259094e-02,7.753065321594476700e-03,4.401910584419965744e-03
1.017260700464248657e-01,1.059576496481895447e-01,1.184504628181457520e-01,1.441251039505004883e-01,7.384441327303647995e-03,6.944944616407155991e-03,2.009516358375549316e-01,5.753378942608833313e-02,5.853105802088975906e-03,1.224652305245399475e-01,8.508522808551788330e-02,8.793254382908344269e-03,2.290987595915794373e-02,7.183653768151998520e-03,4.635570570826530457e-03
1.130584999918937683e-01,1.216788589954376221e-01,1.212021708488464355e-01,1.236820146441459656e-01,9.570317342877388000e-03,9.981834329664707184e-03,1.787241101264953613e-01,6.149803847074508667e-02,7.272971794009208679e-03,1.114288270473480225e-01,8.750019967555999756e-02,1.077827066183090210e-02,2.860082313418388367e-02,9.045345708727836609e-03,5.977677647024393082e-03
1.169911250472068787e-01,9.738040715456008911e-02,1.060113683342933655e-01,1.038537323474884033e-01,6.158771459013223648e-03,6.351716816425323486e-03,2.224615812301635742e-01,6.966279447078704834e-02,4.415731411427259445e-03,1.187523528933525085e-01,1.078907772898674011e-01,6.499903276562690735e-03,2.443159930408000946e-02,5.891953129321336746e-03,3.246184904128313065e-03
1.220737025141716003e-01,9.531836211681365967e-02,8.815824240446090698e-02,8.107572793960571289e-02,7.713028229773044586e-03,8.160303346812725067e-03,2.096086591482162476e-01,6.903950870037078857e-02,5.148347001522779465e-03,1.028886809945106506e-01,1.589969545602798462e-01,7.201611995697021484e-03,3.336914628744125366e-02,7.428455632179975510e-03,3.819248871877789497e-03
1.162589788436889648e-01,9.975618869066238403e-02,8.784900605678558350e-02,8.755201846361160278e-02,7.727063260972499847e-03,7.481288630515336990e-03,2.137884646654129028e-01,6.756612658500671387e-02,5.508331581950187683e-03,1.170314252376556396e-01,1.414667367935180664e-01,7.765925955027341843e-03,2.884321287274360657e-02,7.420280016958713531e-03,3.984957933425903320e-03
1.242667287588119507e-01,9.950802475214004517e-02,8.914126455783843994e-02,8.158305287361145020e-02,8.209772408008575439e-03,8.164155296981334686e-03,2.066227197647094727e-01,7.644238322973251343e-02,5.557683296501636505e-03,1.046277359127998352e-01,1.448615789413452148e-01,7.581787649542093277e-03,3.155801445245742798e-02,7.736206054687500000e-03,4.138895776122808456e-03
7.553692162036895752e-02,7.644923776388168335e-02,1.264067143201828003e-01,8.749289810657501221e-02,6.344397552311420441e-03,7.279600482434034348e-03,2.328876405954360962e-01,9.631375968456268311e-02,5.520902108401060104e-03,1.311527192592620850e-01,1.099664270877838135e-01,8.331512100994586945e-03,2.522636204957962036e-02,7.046536542475223541e-03,4.044404719024896622e-03
9.052100777626037598e-02,7.714399695396423340e-02,1.189117133617401123e-01,9.084919840097427368e-02,7.481676060706377029e-03,8.515267632901668549e-03,2.206952124834060669e-01,1.006625369191169739e-01,6.022138055413961411e-03,1.204464584589004517e-01,1.088995411992073059e-01,8.574302308261394501e-03,2.893046848475933075e-02,7.843638770282268524e-03,4.502834286540746689e-03
1.159833893179893494e-01,8.392711728811264038e-02,9.108623862266540527e-02,7.628373056650161743e-02,8.481943048536777496e-03,9.415442124009132385e-03,2.162499427795410156e-01,8.108387887477874756e-02,5.694607272744178772e-03,9.940394014120101929e-02,1.518428921699523926e-01,7.720034569501876831e-03,4.055737704038619995e-02,8.169652894139289856e-03,4.099831916391849518e-03
1.945377141237258911e-01,1.250658780336380005e-01,7.805460691452026367e-02,8.342032879590988159e-02,8.724047802388668060e-03,8.296540006995201111e-03,1.760800927877426147e-01,7.424705475568771362e-02,4.802391398698091507e-03,8.572600781917572021e-02,1.141675710678100586e-01,6.168523337692022324e-03,3.016157820820808411e-02,6.817528046667575836e-03,3.730091964825987816e-03
1.912525892257690430e-01,1.099273934960365295e-01,6.717816740274429321e-02,9.900753945112228394e-02,1.647408306598663330e-02,1.591006107628345490e-02,1.549894362688064575e-01,3.470371663570404053e-02,9.571355767548084259e-03,8.027827739715576172e-02,1.318148970603942871e-01,1.212136168032884598e-02,5.595776066184043884e-02,1.320811174809932709e-02,7.605282589793205261e-03
1.796533465385437012e-01,1.164357662200927734e-01,8.932028710842132568e-02,1.162659600377082825e-01,1.022220775485038757e-02,1.052345149219036102e-02,1.790919601917266846e-01,4.353937506675720215e-02,5.956996697932481766e-03,8.584223687648773193e-02,1.001508310437202454e-01,8.116807788610458374e-03,4.205376282334327698e-02,8.227678947150707245e-03,4.599307198077440262e-03
1.244015395641326904e-01,1.017530634999275208e-01,1.243582889437675476e-01,9.214837849140167236e-02,1.065165456384420395e-02,1.417293306440114975e-02,1.893738508224487305e-01,6.316378712654113770e-02,7.580883335322141647e-03,1.024495512247085571e-01,9.677124023437500000e-02,1.133329980075359344e-02,4.609202593564987183e-02,9.915531612932682037e-03,5.833934526890516281e-03
1.033328175544738770e-01,1.146324425935745239e-01,1.027311757206916809e-01,8.685603737831115723e-02,2.319837175309658051e-02,2.932821959257125854e-02,1.360363364219665527e-01,3.955557569861412048e-02,2.093984745442867279e-02,1.295171976089477539e-01,9.273860603570938110e-02,3.290405869483947754e-02,4.776348173618316650e-02,2.288495190441608429e-02,1.758081279695034027e-02
8.883845806121826172e-02,1.466171741485595703e-01,1.131287589669227600e-01,1.181191653013229370e-01,2.447791397571563721e-02,3.070676699280738831e-02,9.566361457109451294e-02,2.095438167452812195e-02,2.713607437908649445e-02,1.604651510715484619e-01,4.511720687150955200e-02,5.007132515311241150e-02,3.092657402157783508e-02,2.461868524551391602e-02,2.315871976315975189e-02
8.794965595006942749e-02,7.410799711942672729e-02,1.253876686096191406e-01,1.215933933854103088e-01,6.877349223941564560e-03,7.982105948030948639e-03,2.303926348686218262e-01,6.235500425100326538e-02,5.827613174915313721e-03,1.345645487308502197e-01,9.442874789237976074e-02,9.141101501882076263e-03,2.771542221307754517e-02,7.291887886822223663e-03,4.384847357869148254e-03
8.885733783245086670e-02,8.337236940860748291e-02,1.200214028358459473e-01,9.976613521575927734e-02,5.624722223728895187e-03,6.053527817130088806e-03,2.417873740196228027e-01,7.721488177776336670e-02,4.539061337709426880e-03,1.299529671669006348e-01,1.029636710882186890e-01,6.977028213441371918e-03,2.377260662615299225e-02,5.841266363859176636e-03,3.255693474784493446e-03
8.612985163927078247e-02,7.375886291265487671e-02,1.110647469758987427e-01,1.072037443518638611e-01,4.748892970383167267e-03,4.959810990840196609e-03,2.548534572124481201e-01,7.368914037942886353e-02,3.789071924984455109e-03,1.308356374502182007e-01,1.140003576874732971e-01,5.799369886517524719e-03,2.137780748307704926e-02,5.078031681478023529e-03,2.711209235712885857e-03
9.163764864206314087e-02,8.433025330305099487e-02,1.169340610504150391e-01,1.147269010543823242e-01,5.865155719220638275e-03,6.424493156373500824e-03,2.273097783327102661e-01,6.744809448719024658e-02,4.825761541724205017e-03,1.369119286537170410e-01,1.044714823365211487e-01,7.575164083391427994e-03,2.165777981281280518e-02,6.219578441232442856e-03,3.661943366751074791e-03
1.009544804692268372e-01,9.644795954227447510e-02,1.175970882177352905e-01,1.181658208370208740e-01,8.234833367168903351e-03,8.381548337638378143e-03,2.059161663055419922e-01,7.064861059188842773e-02,6.526102777570486069e-03,1.213744878768920898e-01,9.556429088115692139e-02,9.517638012766838074e-03,2.747447788715362549e-02,8.147677406668663025e-03,5.048837978392839432e-03
9.106376022100448608e-02,9.601685404777526855e-02,1.241460219025611877e-01,1.299560219049453735e-01,1.339789014309644699e-02,1.683032512664794922e-02,1.639016717672348022e-01,4.217572137713432312e-02,1.292072329670190811e-02,1.569337099790573120e-01,7.656937837600708008e-02,2.190424874424934387e-02,2.913741581141948700e-02,1.401616726070642471e-02,1.103014685213565826e-02
1.436618268489837646e-01,9.896963834762573242e-02,8.660619705915451050e-02,9.813114255666732788e-02,1.030528265982866287e-02,1.082485914230346680e-02,1.944356560707092285e-01,5.675277858972549438e-02,6.509505677968263626e-03,9.622974693775177002e-02,1.318883597850799561e-01,8.826487697660923004e-03,4.286088794469833374e-02,9.117360226809978485e-03,4.880380816757678986e-03
1.513213366270065308e-01,1.191048175096511841e-01,7.999118417501449585e-02,1.006720289587974548e-01,9.870357811450958252e-03,8.966876193881034851e-03,1.829995661973953247e-01,5.321581289172172546e-02,5.923449527472257614e-03,8.821118623018264771e-02,1.422600001096725464e-01,7.894976064562797546e-03,3.647276386618614197e-02,8.450028486549854279e-03,4.645598586648702621e-03
1.362673938274383545e-01,1.098799183964729309e-01,7.955981791019439697e-02,9.408558905124664307e-02,1.028402429074048996e-02,9.502783417701721191e-03,1.883897036314010620e-01,5.608561262488365173e-02,6.553125567734241486e-03,9.339213371276855469e-02,1.552382856607437134e-01,8.712052367627620697e-03,3.772889077663421631e-02,9.259238839149475098e-03,5.061352159827947617e-03
1.236846521496772766e-01,9.643035382032394409e-02,8.969556540250778198e-02,9.820987284183502197e-02,9.190114215016365051e-03,8.835014887154102325e-03,2.013685107231140137e-01,6.902915239334106445e-02,6.051344797015190125e-03,9.640705585479736328e-02,1.430492550134658813e-01,8.081115782260894775e-03,3.683901205658912659e-02,8.510304614901542664e-03,4.618718288838863373e-03
1.261315345764160156e-01,9.283933788537979126e-02,8.366813510656356812e-02,8.035095781087875366e-02,1.060819346457719803e-02,1.083960104733705521e-02,1.981555372476577759e-01,7.041891664266586304e-02,7.036728318780660629e-03,9.852775186300277710e-02,1.540715992450714111e-01,9.368188679218292236e-03,4.294901713728904724e-02,9.816864505410194397e-03,5.217581987380981445e-03
1.056872457265853882e-01,8.751835674047470093e-02,1.088388934731483459e-01,9.466952830553054810e-02,6.779851857572793961e-03,7.294303737580776215e-03,2.255622297525405884e-01,8.083396404981613159e-02,5.062751937657594681e-03,1.197868585586547852e-01,1.127973049879074097e-01,7.344390731304883957e-03,2.741374447941780090e-02,6.714651361107826233e-03,3.695952706038951874e-03
1.210491582751274109e-01,1.079443395137786865e-01,1.032416746020317078e-01,1.184232160449028015e-01,8.483004756271839142e-03,8.162058889865875244e-03,1.935083419084548950e-01,6.659436225891113281e-02,6.019006483256816864e-03,1.086620539426803589e-01,1.096691936254501343e-01,8.514009416103363037e-03,2.687695808708667755e-02,7.986922748386859894e-03,4.865717608481645584e-03
1.368515044450759888e-01,9.250085055828094482e-02,8.506562560796737671e-02,8.499176055192947388e-02,1.012271549552679062e-02,1.071938406676054001e-02,1.961842924356460571e-01,7.266106456518173218e-02,6.478345952928066254e-03,9.452908486127853394e-02,1.461916118860244751e-01,8.462593890726566315e-03,4.105726256966590881e-02,9.281400591135025024e-03,4.902486689388751984e-03
1.846335828304290771e-01,1.486375331878662109e-01,7.197345048189163208e-02,1.037621200084686279e-01,1.416542287915945053e-02,1.247547846287488937e-02,1.465060263872146606e-01,3.904371708631515503e-02,7.383186370134353638e-03,6.470872461795806885e-02,1.281378865242004395e-01,9.280358441174030304e-03,5.253778025507926941e-02,1.071625482290983200e-02,6.038572173565626144e-03
1.009739935398101807e-01,8.906728774309158325e-02,1.170821487903594971e-01,1.145493090152740479e-01,6.385836750268936157e-03,6.759585812687873840e-03,2.223206907510757446e-01,7.406403869390487671e-02,4.980065394192934036e-03,1.250175386667251587e-01,9.750910848379135132e-02,7.399930153042078018e-03,2.370838820934295654e-02,6.430105771869421005e-03,3.752025077119469643e-03
7.415373623371124268e-02,1.308559477329254150e-01,1.235110387206077576e-01,1.149952411651611328e-01,1.694704033434391022e-02,2.230102755129337311e-02,1.273834407329559326e-01,2.201629802584648132e-02,1.976005919277667999e-02,1.847101002931594849e-01,6.140060350298881531e-02,4.005586728453636169e-02,2.599769458174705505e-02,1.869173534214496613e-02,1.722020842134952545e-02
9.225290268659591675e-02,1.427360475063323975e-01,1.100013256072998047e-01,1.225331574678421021e-01,2.564562670886516571e-02,3.189493343234062195e-02,9.871457517147064209e-02,2.134707570075988770e-02,2.691375650465488434e-02,1.473882943391799927e-01,5.008697137236595154e-02,4.861086606979370117e-02,3.208387270569801331e-02,2.545345947146415710e-02,2.433724142611026764e-02
6.699930876493453979e-02,1.024493500590324402e-01,1.184111088514328003e-01,1.068508177995681763e-01,2.506859786808490753e-02,3.417912870645523071e-02,1.192378252744674683e-01,2.906824834644794464e-02,2.919733710587024689e-02,1.547677516937255859e-01,6.834927946329116821e-02,5.100846663117408752e-02,4.014451801776885986e-02,2.876727096736431122e-02,2.550102770328521729e-02
9.634853899478912354e-02,8.942095935344696045e-02,1.218689903616905212e-01,1.010867208242416382e-01,7.057797163724899292e-03,8.052882738411426544e-03,2.222025096416473389e-01,7.133661955595016479e-02,5.751134827733039856e-03,1.321322619915008545e-01,9.820297360420227051e-02,8.921868167817592621e-03,2.609052509069442749e-02,7.209512405097484589e-03,4.316655453294515610e-03
8.331595361232757568e-02,6.788549572229385376e-02,1.150524988770484924e-01,1.007263064384460449e-01,5.234091076999902725e-03,5.899383686482906342e-03,2.544202804565429688e-01,7.908848673105239868e-02,4.247714299708604813e-03,1.301871389150619507e-01,1.139481812715530396e-01,6.466322578489780426e-03,2.483366616070270538e-02,5.681361537426710129e-03,3.013094654306769371e-03
9.640333801507949829e-02,8.642168343067169189e-02,1.175543293356895447e-01,1.390781998634338379e-01,6.854923442006111145e-03,7.003408391028642654e-03,2.195412516593933105e-01,5.879668891429901123e-02,5.369320511817932129e-03,1.194944754242897034e-01,9.770629554986953735e-02,8.062349632382392883e-03,2.661974541842937469e-02,6.962576881051063538e-03,4.131381865590810776e-03
9.742654114961624146e-02,7.699968665838241577e-02,1.130761355161666870e-01,1.040074154734611511e-01,1.014432404190301895e-02,1.210414711385965347e-02,2.105936706066131592e-01,6.479214876890182495e-02,7.892229594290256500e-03,1.123909503221511841e-01,1.177481114864349365e-01,1.144711766391992569e-02,4.511041566729545593e-02,1.035824231803417206e-02,5.908774677664041519e-03
1.078734025359153748e-01,9.236797690391540527e-02,1.099755093455314636e-01,1.164041310548782349e-01,1.047034375369548798e-02,1.196021120995283127e-02,1.951650381088256836e-01,5.268452316522598267e-02,8.140104822814464569e-03,1.179028376936912537e-01,1.097317114472389221e-01,1.213642116636037827e-02,3.846628963947296143e-02,1.039474457502365112e-02,6.326688919216394424e-03
1.188798174262046814e-01,1.106080710887908936e-01,9.530476480722427368e-02,1.137168034911155701e-01,7.722599431872367859e-03,7.031755521893501282e-03,2.033589482307434082e-01,6.146341189742088318e-02,5.550623871386051178e-03,1.172498017549514771e-01,1.143854334950447083e-01,7.912403903901576996e-03,2.539031580090522766e-02,7.220413535833358765e-03,4.204843658953905106e-03
1.055542379617691040e-01,9.768550843000411987e-02,9.809859097003936768e-02,1.009163782000541687e-01,6.667460780590772629e-03,6.447642575949430466e-03,2.243800759315490723e-01,6.462772935628890991e-02,4.946096334606409073e-03,1.218842342495918274e-01,1.252776831388473511e-01,7.252454757690429688e-03,2.615143917500972748e-02,6.545609794557094574e-03,3.564859507605433464e-03
1.262136995792388916e-01,9.819488972425460815e-02,7.980551570653915405e-02,8.754410594701766968e-02,7.264736108481884003e-03,6.760100368410348892e-03,2.123367935419082642e-01,6.352470070123672485e-02,4.591124597936868668e-03,9.430230408906936646e-02,1.694617718458175659e-01,6.170731037855148315e-03,3.370669484138488770e-02,6.788662169128656387e-03,3.334175096824765205e-03
1.108724251389503479e-01,9.766665846109390259e-02,1.021130979061126709e-01,8.204895257949829102e-02,6.729379761964082718e-03,7.416744250804185867e-03,2.224030494689941406e-01,7.390001416206359863e-02,4.781878553330898285e-03,1.134550645947456360e-01,1.324581950902938843e-01,7.049897685647010803e-03,2.903498522937297821e-02,6.605439819395542145e-03,3.464277135208249092e-03
1.253948956727981567e-01,1.053199172019958496e-01,9.404847770929336548e-02,9.616247564554214478e-02,7.942126132547855377e-03,7.563504856079816818e-03,1.976213455200195312e-01,8.447131514549255371e-02,5.139087326824665070e-03,9.364186227321624756e-02,1.333526819944381714e-01,6.805875804275274277e-03,3.126754984259605408e-02,7.308737374842166901e-03,3.960073925554752350e-03
9.780693054199218750e-02,9.285190701484680176e-02,1.213689222931861877e-01,1.471884250640869141e-01,5.516035016626119614e-03,5.151141900569200516e-03,2.129290252923965454e-01,7.779745757579803467e-02,4.138834774494171143e-03,1.090791746973991394e-01,9.096806496381759644e-02,5.911725573241710663e-03,2.049786597490310669e-02,5.511786323040723801e-03,3.282831283286213875e-03
1.425628811120986938e-01,1.134383901953697205e-01,7.906454801559448242e-02,7.011737674474716187e-02,8.210776373744010925e-03,7.883415557444095612e-03,1.973023414611816406e-01,7.799842953681945801e-02,5.141207482665777206e-03,9.959400445222854614e-02,1.500366628170013428e-01,6.937545258551836014e-03,3.069821558892726898e-02,7.252724841237068176e-03,3.761483822017908096e-03
1.225357726216316223e-01,8.257339894771575928e-02,1.164016202092170715e-01,7.779818028211593628e-02,5.937263835221529007e-03,7.579141762107610703e-03,2.238696068525314331e-01,1.057082340121269226e-01,4.110145382583141327e-03,1.101859062910079956e-01,1.018544659018516541e-01,5.934023298323154449e-03,2.677726559340953827e-02,5.696611944586038589e-03,3.038392867892980576e-03
2.097441405057907104e-01,1.530739516019821167e-01,6.424801796674728394e-02,7.085537910461425781e-02,1.252388674765825272e-02,1.173218432813882828e-02,1.417142897844314575e-01,4.924491792917251587e-02,5.874624475836753845e-03,5.651744827628135681e-02,1.493856310844421387e-01,7.172557525336742401e-03,5.410222709178924561e-02,9.146783500909805298e-03,4.663910716772079468e-03
1.951226443052291870e-01,8.952035009860992432e-02,5.920059606432914734e-02,5.365218222141265869e-02,2.213379926979541779e-02,2.775794081389904022e-02,1.339184045791625977e-01,4.144800081849098206e-02,1.088254526257514954e-02,5.146589130163192749e-02,1.511785984039306641e-01,1.266498211771249771e-02,1.262552291154861450e-01,1.672822237014770508e-02,8.070630952715873718e-03
9.107994288206100464e-02,9.777382761240005493e-02,1.251379400491714478e-01,1.374276727437973022e-01,9.051232598721981049e-03,1.031473372131586075e-02,1.879425793886184692e-01,4.507343471050262451e-02,8.253692649304866791e-03,1.506462097167968750e-01,8.312726765871047974e-02,1.393493730574846268e-02,2.392931282520294189e-02,9.515391662716865540e-03,6.791817490011453629e-03
1.274414807558059692e-01,1.021877825260162354e-01,9.012033790349960327e-02,1.077789217233657837e-01,1.845712214708328247e-02,1.958693563938140869e-02,1.624489277601242065e-01,3.642274811863899231e-02,1.438419800251722336e-02,1.174710020422935486e-01,1.043841391801834106e-01,2.101153694093227386e-02,5.006834864616394043e-02,1.677791960537433624e-02,1.145856361836194992e-02
9.160592406988143921e-02,1.398119777441024780e-01,1.089879572391510010e-01,1.173916608095169067e-01,2.569470182061195374e-02,3.242870792746543884e-02,9.898065030574798584e-02,2.259764447808265686e-02,2.741296961903572083e-02,1.540436148643493652e-01,4.944814369082450867e-02,4.953817650675773621e-02,3.210169449448585510e-02,2.563950233161449432e-02,2.431661449372768402e-02
9.629134833812713623e-02,1.505389213562011719e-01,1.081571280956268311e-01,1.266556233167648315e-01,2.292108163237571716e-02,2.690839022397994995e-02,1.031321063637733459e-01,1.896360144019126892e-02,2.411642484366893768e-02,1.552061736583709717e-01,4.976049810647964478e-02,4.495443403720855713e-02,2.820997498929500580e-02,2.247212454676628113e-02,2.171218954026699066e-02
7.902701199054718018e-02,9.095777571201324463e-02,1.266887784004211426e-01,1.196036860346794128e-01,1.055835373699665070e-02,1.231433358043432236e-02,1.894858330488204956e-01,4.633378237485885620e-02,1.073242351412773132e-02,1.718220412731170654e-01,7.886470854282379150e-02,1.855260692536830902e-02,2.508228458464145660e-02,1.141364686191082001e-02,8.562758564949035645e-03
7.650651037693023682e-02,7.576829195022583008e-02,1.360338330268859863e-01,1.188721805810928345e-01,5.511948838829994202e-03,5.969362799078226089e-03,2.461586445569992065e-01,7.653187215328216553e-02,4.623630084097385406e-03,1.222335398197174072e-01,8.967903256416320801e-02,7.068247999995946884e-03,2.580894716084003448e-02,5.897463764995336533e-03,3.336537629365921021e-03
9.728395193815231323e-02,8.281503617763519287e-02,1.113945916295051575e-01,1.131889000535011292e-01,5.419496912509202957e-03,5.736057180911302567e-03,2.388584613800048828e-01,6.663680821657180786e-02,4.173304419964551926e-03,1.270011365413665771e-01,1.094267144799232483e-01,6.402547471225261688e-03,2.303838171064853668e-02,5.555132403969764709e-03,3.069437574595212936e-03
8.208300918340682983e-02,7.429375499486923218e-02,1.247444897890090942e-01,1.155712679028511047e-01,6.395004689693450928e-03,7.779987528920173645e-03,2.318933159112930298e-01,6.002739816904067993e-02,5.676413420587778091e-03,1.475982666015625000e-01,9.825702756643295288e-02,9.239058941602706909e-03,2.518087439239025116e-02,7.051700726151466370e-03,4.208448342978954315e-03
8.823578804731369019e-02,8.862727135419845581e-02,1.168113127350807190e-01,1.137601062655448914e-01,9.386778809130191803e-03,1.018507406115531921e-02,2.036284655332565308e-01,6.456426531076431274e-02,8.206116035580635071e-03,1.365454494953155518e-01,1.023767590522766113e-01,1.236086525022983551e-02,2.905465662479400635e-02,9.924612008035182953e-03,6.332462187856435776e-03
8.639523386955261230e-02,7.583969086408615112e-02,1.309157758951187134e-01,1.360356360673904419e-01,4.966268781572580338e-03,5.522348918020725250e-03,2.285841405391693115e-01,8.142247796058654785e-02,3.992027603089809418e-03,1.214079633355140686e-01,8.918720483779907227e-02,5.987002514302730560e-03,2.139683999121189117e-02,5.314290523529052734e-03,3.033097600564360619e-03
1.103623658418655396e-01,9.470679610967636108e-02,1.026479005813598633e-01,9.672691673040390015e-02,8.111544884741306305e-03,8.615788072347640991e-03,2.129722982645034790e-01,6.903870403766632080e-02,6.091905757784843445e-03,1.214382797479629517e-01,1.184631064534187317e-01,8.858469314873218536e-03,2.945476770401000977e-02,7.971687242388725281e-03,4.539417568594217300e-03
1.385641396045684814e-01,9.811899811029434204e-02,7.130368798971176147e-02,7.571016997098922729e-02,9.327752515673637390e-03,8.996332064270973206e-03,1.983175128698348999e-01,5.564646422863006592e-02,5.703902803361415863e-03,9.015425294637680054e-02,1.857303231954574585e-01,7.566962856799364090e-03,4.227418825030326843e-02,8.441172540187835693e-03,4.144133999943733215e-03
1.381512880325317383e-01,1.050769463181495667e-01,6.957545876502990723e-02,6.637863814830780029e-02,7.730545476078987122e-03,7.484172936528921127e-03,2.019808143377304077e-01,5.922836810350418091e-02,4.685800056904554367e-03,9.400159865617752075e-02,1.940394639968872070e-01,6.449430249631404877e-03,3.485637158155441284e-02,6.995707750320434570e-03,3.365401178598403931e-03
1.032962501049041748e-01,8.585532754659652710e-02,1.118597164750099182e-01,9.527267515659332275e-02,7.592264097183942795e-03,8.339025080204010010e-03,2.216389775276184082e-01,7.990176975727081299e-02,5.639939568936824799e-03,1.117714792490005493e-01,1.161564439535140991e-01,8.058028295636177063e-03,3.292343392968177795e-02,7.551110349595546722e-03,4.143545869737863541e-03
1.210796982049942017e-01,9.259783476591110229e-02,9.138958901166915894e-02,8.062502741813659668e-02,7.629743311554193497e-03,7.979744113981723785e-03,2.115398198366165161e-01,8.222881704568862915e-02,5.063768941909074783e-03,1.007903814315795898e-01,1.477872282266616821e-01,6.934807170182466507e-03,3.335617482662200928e-02,7.250986527651548386e-03,3.746421076357364655e-03
1.158724278211593628e-01,9.498573094606399536e-02,1.073253676295280457e-01,1.128372251987457275e-01,7.899800315499305725e-03,8.198509924113750458e-03,2.052481323480606079e-01,7.309894263744354248e-02,5.532949231564998627e-03,1.037099957466125488e-01,1.145962476730346680e-01,7.729877717792987823e-03,3.105988353490829468e-02,7.598140276968479156e-03,4.306776914745569229e-03
9.030339121818542480e-02,7.234811037778854370e-02,1.027116850018501282e-01,7.156571000814437866e-02,5.889050662517547607e-03,6.821705028414726257e-03,2.376410663127899170e-01,1.070865541696548462e-01,4.453312139958143234e-03,1.171115413308143616e-01,1.408610343933105469e-01,6.383983884006738663e-03,2.740116789937019348e-02,6.259407848119735718e-03,3.162296954542398453e-03
1.580087542533874512e-01,1.489196419715881348e-01,9.957692027091979980e-02,1.211037263274192810e-01,1.126535516232252121e-02,1.042643468827009201e-02,1.558016538619995117e-01,5.484467744827270508e-02,6.871783640235662460e-03,8.029463142156600952e-02,9.347929060459136963e-02,9.168881922960281372e-03,3.519820049405097961e-02,9.228317067027091980e-03,5.811835639178752899e-03
1.883987486362457275e-01,1.252275258302688599e-01,6.510469317436218262e-02,7.499362528324127197e-02,2.763491682708263397e-02,3.385462239384651184e-02,1.120896041393280029e-01,2.255884744226932526e-02,1.621351018548011780e-02,6.884356588125228882e-02,1.161053404211997986e-01,2.207401022315025330e-02,9.210929274559020996e-02,2.174733392894268036e-02,1.304431073367595673e-02
1.561430394649505615e-01,1.321179419755935669e-01,7.717355340719223022e-02,8.726398646831512451e-02,8.415830321609973907e-03,7.318591233342885971e-03,1.847445368766784668e-01,5.703431740403175354e-02,4.980871919542551041e-03,8.860157430171966553e-02,1.479757577180862427e-01,6.667661014944314957e-03,3.057746402919292450e-02,7.141817361116409302e-03,3.843002021312713623e-03
1.558561921119689941e-01,1.086323037743568420e-01,8.709628134965896606e-02,1.024608537554740906e-01,1.436491776257753372e-02,1.628270745277404785e-02,1.649668663740158081e-01,3.967979177832603455e-02,9.038390591740608215e-03,8.768364042043685913e-02,1.236192509531974792e-01,1.256477739661931992e-02,5.831166729331016541e-02,1.231912802904844284e-02,7.123222108930349350e-03
8.777638524770736694e-02,1.377855539321899414e-01,1.067447885870933533e-01,1.281158775091171265e-01,2.515288256108760834e-02,2.936088107526302338e-02,1.055493503808975220e-01,2.101568877696990967e-02,2.616484090685844421e-02,1.444341093301773071e-01,5.925879999995231628e-02,4.649805650115013123e-02,3.267592191696166992e-02,2.534009516239166260e-02,2.412675134837627411e-02
7.936925441026687622e-02,1.283320039510726929e-01,1.149783954024314880e-01,1.153867542743682861e-01,2.266129292547702789e-02,2.869001962244510651e-02,1.153469011187553406e-01,2.435595169663429260e-02,2.498642913997173309e-02,1.590479612350463867e-01,6.225086748600006104e-02,4.594947025179862976e-02,3.213980793952941895e-02,2.406540513038635254e-02,2.243952266871929169e-02
1.066616475582122803e-01,8.828708529472351074e-02,1.107658073306083679e-01,1.138065233826637268e-01,6.508253980427980423e-03,7.189027965068817139e-03,2.241776138544082642e-01,6.179533898830413818e-02,4.954278003424406052e-03,1.271409988403320312e-01,1.055051386356353760e-01,7.598011754453182220e-03,2.537323348224163055e-02,6.503621116280555725e-03,3.733425866812467575e-03
9.353180229663848877e-02,8.127637952566146851e-02,1.186534985899925232e-01,1.194223985075950623e-01,5.912453401833772659e-03,6.268518976867198944e-03,2.315610647201538086e-01,7.171174883842468262e-02,4.708460997790098190e-03,1.278229951858520508e-01,9.902412444353103638e-02,7.171094417572021484e-03,2.329804934561252594e-02,6.096121389418840408e-03,3.541259095072746277e-03
1.198810338973999023e-01,1.137181743979454041e-01,1.117208003997802734e-01,1.490865498781204224e-01,9.352019988000392914e-03,8.388899266719818115e-03,1.822058856487274170e-01,6.270008534193038940e-02,6.583296228200197220e-03,9.706708043813705444e-02,8.693373203277587891e-02,8.911464363336563110e-03,2.959446236491203308e-02,8.477034047245979309e-03,5.379537586122751236e-03
1.033693552017211914e-01,9.943402558565139771e-02,1.295720189809799194e-01,1.809999495744705200e-01,7.566193584352731705e-03,7.496002595871686935e-03,1.856496185064315796e-01,5.754594877362251282e-02,5.658206529915332794e-03,9.968398511409759521e-02,7.635895907878875732e-02,8.138253353536128998e-03,2.641855739057064056e-02,7.333453278988599777e-03,4.775418899953365326e-03
1.148089915513992310e-01,9.746136516332626343e-02,1.184773743152618408e-01,1.281578987836837769e-01,8.706526830792427063e-03,9.435486048460006714e-03,1.975251138210296631e-01,6.373804807662963867e-02,6.445949431508779526e-03,1.089820116758346558e-01,9.140078723430633545e-02,9.193468838930130005e-03,3.230192512273788452e-02,8.326275274157524109e-03,5.038763862103223801e-03
1.141345426440238953e-01,9.448000043630599976e-02,1.089615523815155029e-01,1.055528298020362854e-01,1.035219710320234299e-02,1.289412286132574081e-02,1.899578869342803955e-01,5.921686813235282898e-02,7.968189194798469543e-03,1.227106526494026184e-01,1.096291318535804749e-01,1.196112018078565598e-02,3.565317019820213318e-02,1.029075589030981064e-02,6.236949469894170761e-03
1.364501714706420898e-01,9.462492913007736206e-02,1.019308865070343018e-01,8.018198609352111816e-02,7.324776612222194672e-03,8.471299894154071808e-03,2.126586437225341797e-01,8.231759071350097656e-02,4.880012944340705872e-03,1.075075194239616394e-01,1.156325116753578186e-01,6.950560025870800018e-03,3.073396906256675720e-02,6.713252048939466476e-03,3.621915588155388832e-03
1.170491799712181091e-01,8.151286095380783081e-02,7.244599610567092896e-02,5.876978859305381775e-02,7.673904299736022949e-03,8.162065409123897552e-03,2.169634699821472168e-01,7.231429219245910645e-02,4.906597547233104706e-03,9.429147094488143921e-02,2.072901278734207153e-01,6.583553273230791092e-03,4.124170169234275818e-02,7.428606972098350525e-03,3.366477321833372116e-03
1.113799810409545898e-01,9.664978832006454468e-02,8.921638876199722290e-02,8.325482159852981567e-02,9.532099589705467224e-03,9.417326189577579498e-03,2.056800425052642822e-01,6.901963055133819580e-02,6.847581826150417328e-03,1.083978116512298584e-01,1.506164073944091797e-01,9.389011189341545105e-03,3.631232306361198425e-02,9.255558252334594727e-03,5.031233187764883041e-03
1.007587239146232605e-01,9.155931323766708374e-02,9.968626499176025391e-02,9.421554952859878540e-02,8.572875522077083588e-03,9.022729471325874329e-03,2.057110518217086792e-01,7.087088376283645630e-02,6.655140314251184464e-03,1.225516051054000854e-01,1.372116059064865112e-01,9.717974811792373657e-03,2.955178357660770416e-02,8.803460747003555298e-03,5.111002363264560699e-03
9.059910476207733154e-02,7.777523249387741089e-02,1.126579493284225464e-01,7.151988893747329712e-02,7.957245223224163055e-03,1.019251532852649689e-02,2.208751440048217773e-01,9.824928641319274902e-02,6.304470822215080261e-03,1.192051097750663757e-01,1.284548938274383545e-01,9.132486768066883087e-03,3.403208032250404358e-02,8.485471829771995544e-03,4.559098277240991592e-03
1.196611449122428894e-01,1.106463074684143066e-01,9.463953971862792969e-02,6.892936676740646362e-02,8.887670934200286865e-03,9.473416954278945923e-03,2.001653164625167847e-01,7.622043788433074951e-02,6.104985252022743225e-03,1.027834266424179077e-01,1.462944000959396362e-01,8.645183406770229340e-03,3.459714725613594055e-02,8.377050980925559998e-03,4.574663471430540085e-03
1.165205538272857666e-01,8.812205493450164795e-02,9.249899536371231079e-02,7.954284548759460449e-02,8.565066382288932800e-03,8.979870937764644623e-03,2.118476778268814087e-01,8.550854772329330444e-02,5.762301385402679443e-03,9.859228879213333130e-02,1.456827521324157715e-01,7.735888939350843430e-03,3.827607259154319763e-02,8.150939829647541046e-03,4.214093554764986038e-03
1.161088272929191589e-01,7.739814370870590210e-02,9.040414541959762573e-02,7.279204577207565308e-02,1.465825363993644714e-02,1.751089282333850861e-02,1.931422650814056396e-01,6.393057107925415039e-02,1.033405959606170654e-02,9.335730969905853271e-02,1.460971534252166748e-01,1.359002292156219482e-02,6.923560798168182373e-02,1.400812063366174698e-02,7.432583253830671310e-03
8.660964667797088623e-02,1.283573657274246216e-01,1.046996340155601501e-01,1.076531931757926941e-01,2.715223282575607300e-02,3.104378841817378998e-02,1.088918447494506836e-01,2.791280671954154968e-02,2.878767065703868866e-02,1.491610109806060791e-01,6.268539279699325562e-02,4.918213561177253723e-02,3.459548950195312500e-02,2.731374464929103851e-02,2.595399878919124603e-02
1.148687750101089478e-01,1.035963967442512512e-01,1.162348166108131409e-01,1.353103369474411011e-01,8.421541191637516022e-03,9.254685603082180023e-03,1.916282325983047485e-01,5.022705718874931335e-02,6.538561079651117325e-03,1.266913563013076782e-01,8.760789036750793457e-02,1.026630867272615433e-02,2.589091472327709198e-02,8.131285198032855988e-03,5.331780295819044113e-03
7.670409977436065674e-02,1.015089154243469238e-01,1.164358332753181458e-01,1.142121180891990662e-01,1.835618540644645691e-02,2.280203998088836670e-02,1.435153633356094360e-01,2.992040291428565979e-02,2.058794908225536346e-02,1.803366243839263916e-01,7.049502432346343994e-02,3.747247159481048584e-02,3.021754510700702667e-02,1.985149271786212921e-02,1.758392155170440674e-02
7.617447525262832642e-02,1.169404461979866028e-01,1.156153902411460876e-01,1.086050570011138916e-01,2.697136066854000092e-02,3.733578324317932129e-02,1.054955497384071350e-01,2.645397931337356567e-02,3.022289089858531952e-02,1.509276032447814941e-01,5.762274563312530518e-02,5.316037684679031372e-02,3.842657059431076050e-02,2.938216738402843475e-02,2.666562795639038086e-02
6.882469356060028076e-02,7.365804910659790039e-02,1.283807158470153809e-01,1.043813228607177734e-01,1.032066810876131058e-02,1.291441358625888824e-02,2.000395208597183228e-01,5.076080188155174255e-02,1.150224730372428894e-02,1.922877430915832520e-01,8.064069598913192749e-02,2.023244649171829224e-02,2.531926520168781281e-02,1.186623610556125641e-02,8.871125988662242889e-03
8.116943389177322388e-02,8.902601897716522217e-02,1.202388778328895569e-01,1.200176626443862915e-01,7.784719578921794891e-03,8.405740372836589813e-03,2.127029895782470703e-01,5.064276978373527527e-02,7.266131229698657990e-03,1.578880399465560913e-01,9.549637138843536377e-02,1.227642502635717392e-02,2.300638705492019653e-02,8.413738571107387543e-03,5.664710886776447296e-03
9.660508483648300171e-02,8.590075373649597168e-02,1.132611557841300964e-01,1.044376641511917114e-01,1.058505754917860031e-02,1.162203960120677948e-02,2.062775045633316040e-01,6.679254025220870972e-02,8.332028053700923920e-03,1.111057028174400330e-01,1.145583763718605042e-01,1.180088054388761520e-02,4.171717166900634766e-02,1.071369275450706482e-02,6.290289573371410370e-03
1.089372336864471436e-01,9.959406405687332153e-02,1.043922379612922668e-01,1.022372394800186157e-01,8.401619270443916321e-03,8.538829162716865540e-03,2.057197988033294678e-01,6.708537042140960693e-02,6.374567281454801559e-03,1.188318282365798950e-01,1.189149022102355957e-01,9.231274947524070740e-03,2.854946441948413849e-02,8.290772326290607452e-03,4.900804720818996429e-03
1.114057376980781555e-01,1.025992855429649353e-01,1.359972506761550903e-01,1.047806441783905029e-01,9.217009879648685455e-03,1.170128490775823593e-02,1.906584203243255615e-01,7.223912328481674194e-02,6.930459756404161453e-03,1.075552478432655334e-01,8.634319901466369629e-02,1.040201168507337570e-02,3.579587861895561218e-02,8.889577351510524750e-03,5.484928842633962631e-03
1.086844876408576965e-01,9.557496011257171631e-02,1.139327809214591980e-01,1.489659398794174194e-01,6.708368659019470215e-03,6.528670433908700943e-03,2.075226604938507080e-01,5.860306695103645325e-02,4.944674205034971237e-03,1.123332753777503967e-01,9.339620918035507202e-02,7.214641664177179337e-03,2.521848864853382111e-02,6.494764238595962524e-03,3.876981558278203011e-03
1.000965312123298645e-01,9.920362383127212524e-02,1.177239716053009033e-01,1.440938413143157959e-01,8.456540293991565704e-03,8.080118335783481598e-03,1.978516578674316406e-01,6.273766607046127319e-02,6.681165657937526703e-03,1.157017275691032410e-01,8.937887102365493774e-02,9.587406180799007416e-03,2.675578184425830841e-02,8.335877209901809692e-03,5.315252114087343216e-03
1.045479401946067810e-01,9.694825112819671631e-02,9.976314753293991089e-02,8.938702195882797241e-02,6.652006879448890686e-03,6.528898607939481735e-03,2.276406735181808472e-01,7.419393211603164673e-02,4.797060508280992508e-03,1.125940680503845215e-01,1.317613422870635986e-01,6.891300901770591736e-03,2.834546007215976715e-02,6.515121553093194962e-03,3.433781908825039864e-03
1.298398524522781372e-01,1.160534992814064026e-01,8.154504746198654175e-02,8.507794141769409180e-02,1.033312361687421799e-02,9.136165492236614227e-03,1.881597638130187988e-01,6.651680916547775269e-02,6.671989336609840393e-03,9.114833921194076538e-02,1.546128541231155396e-01,8.652581833302974701e-03,3.789978101849555969e-02,9.299237281084060669e-03,5.053017754107713699e-03
1.195106878876686096e-01,1.013441011309623718e-01,8.479946106672286987e-02,6.650842726230621338e-02,7.632806897163391113e-03,8.009773679077625275e-03,2.058515697717666626e-01,7.787590473890304565e-02,4.887358751147985458e-03,9.304787218570709229e-02,1.769327521324157715e-01,6.708890199661254883e-03,3.606530278921127319e-02,7.269844412803649902e-03,3.555247792974114418e-03
1.329236477613449097e-01,1.324657201766967773e-01,1.079266667366027832e-01,1.126457750797271729e-01,9.179783985018730164e-03,8.729168213903903961e-03,1.770011633634567261e-01,7.068159431219100952e-02,6.031756754964590073e-03,9.118007123470306396e-02,9.928775578737258911e-02,8.233904838562011719e-03,3.074162639677524567e-02,8.069541305303573608e-03,4.901792854070663452e-03
1.222827956080436707e-01,9.603139013051986694e-02,9.488923847675323486e-02,7.680500298738479614e-02,7.116318680346012115e-03,7.706777192652225494e-03,2.122355401515960693e-01,8.666782081127166748e-02,4.737665411084890366e-03,1.037655472755432129e-01,1.407824009656906128e-01,6.647944916039705276e-03,3.004416264593601227e-02,6.758590694516897202e-03,3.528801724314689636e-03
1.072640195488929749e-01,9.413506090641021729e-02,1.118196696043014526e-01,8.804634213447570801e-02,7.186742033809423447e-03,7.859566248953342438e-03,2.166315019130706787e-01,8.760707825422286987e-02,5.405756179243326187e-03,1.203839704394340515e-01,1.082062646746635437e-01,7.906941697001457214e-03,2.644759416580200195e-02,7.053618319332599640e-03,4.045857582241296768e-03
1.087136194109916687e-01,8.708976954221725464e-02,1.076210886240005493e-01,8.328496664762496948e-02,6.556046195328235626e-03,7.691362407058477402e-03,2.219069451093673706e-01,8.547323197126388550e-02,4.777773283421993256e-03,1.155421957373619080e-01,1.262412518262863159e-01,7.027210202068090439e-03,2.789484895765781403e-02,6.622832268476486206e-03,3.556860145181417465e-03
1.948386281728744507e-01,1.287561058998107910e-01,5.610518902540206909e-02,6.768766790628433228e-02,1.714123412966728210e-02,1.574022881686687469e-02,1.415300071239471436e-01,4.049730300903320312e-02,8.446318097412586212e-03,6.023392826318740845e-02,1.701411902904510498e-01,1.020969636738300323e-02,6.943029165267944336e-02,1.266376022249460220e-02,6.578457076102495193e-03
1.075586974620819092e-01,1.078417599201202393e-01,1.257324963808059692e-01,2.107663154602050781e-01,8.089324459433555603e-03,7.473148405551910400e-03,1.699158400297164917e-01,4.939657077193260193e-02,5.873989779502153397e-03,9.326247125864028931e-02,6.779082864522933960e-02,8.326560258865356445e-03,2.529461495578289032e-02,7.572243921458721161e-03,5.105211865156888962e-03
9.535291045904159546e-02,8.010760694742202759e-02,1.114232242107391357e-01,8.001917600631713867e-02,1.733233593404293060e-02,2.341824211180210114e-02,1.773295700550079346e-01,5.629726499319076538e-02,1.458105817437171936e-02,1.132568866014480591e-01,1.160129681229591370e-01,2.138439938426017761e-02,6.461779028177261353e-02,1.774925924837589264e-02,1.111731771379709244e-02
9.517958760261535645e-02,1.529783457517623901e-01,1.064925789833068848e-01,1.273043751716613770e-01,2.474316023290157318e-02,2.936286665499210358e-02,9.625007957220077515e-02,1.907510124146938324e-02,2.580889873206615448e-02,1.509218961000442505e-01,4.736813157796859741e-02,4.742267727851867676e-02,3.014468215405941010e-02,2.393488772213459015e-02,2.301278710365295410e-02
8.628913015127182007e-02,9.105504304170608521e-02,1.156082004308700562e-01,1.138498708605766296e-01,8.494196459650993347e-03,9.258067235350608826e-03,2.076165527105331421e-01,4.955312609672546387e-02,7.833162322640419006e-03,1.590410619974136353e-01,9.907149523496627808e-02,1.319978665560483932e-02,2.393159456551074982e-02,9.051150642335414886e-03,6.147636566311120987e-03
6.539061665534973145e-02,6.560817360877990723e-02,1.232135444879531860e-01,1.084986627101898193e-01,5.804261192679405212e-03,6.475664675235748291e-03,2.443680614233016968e-01,6.613658368587493896e-02,5.776529200375080109e-03,1.688132435083389282e-01,9.879931062459945679e-02,9.666679427027702332e-03,2.043629623949527740e-02,6.796652451157569885e-03,4.215704277157783508e-03
1.007634103298187256e-01,8.324553072452545166e-02,1.006130203604698181e-01,9.986619651317596436e-02,5.860487930476665497e-03,5.887173581868410110e-03,2.403038889169692993e-01,6.989408284425735474e-02,4.342182073742151260e-03,1.205730587244033813e-01,1.272755116224288940e-01,6.407809909433126450e-03,2.595121599733829498e-02,5.893253721296787262e-03,3.123212140053510666e-03
1.217572689056396484e-01,1.011079326272010803e-01,1.059372127056121826e-01,9.214363247156143188e-02,9.144523181021213531e-03,1.013913098722696304e-02,2.051950842142105103e-01,6.631870567798614502e-02,6.523545831441879272e-03,1.111455038189888000e-01,1.119148805737495422e-01,9.481873363256454468e-03,3.576998412609100342e-02,8.545205928385257721e-03,4.875551443547010422e-03
1.061312034726142883e-01,9.900222718715667725e-02,1.225459054112434387e-01,1.520937681198120117e-01,8.450861088931560516e-03,9.350869804620742798e-03,1.882522702217102051e-01,4.861247539520263672e-02,6.774367298930883408e-03,1.246938928961753845e-01,8.307155221700668335e-02,1.058081164956092834e-02,2.650932222604751587e-02,8.360936306416988373e-03,5.569472908973693848e-03
9.292903542518615723e-02,8.970606327056884766e-02,1.243647933006286621e-01,1.281950473785400391e-01,6.909918040037155151e-03,7.302089128643274307e-03,2.134041190147399902e-01,6.970975548028945923e-02,5.736910738050937653e-03,1.308774948120117188e-01,8.747643977403640747e-02,8.670729584991931915e-03,2.318991906940937042e-02,7.106351200491189957e-03,4.421346355229616165e-03
1.109826639294624329e-01,8.712834119796752930e-02,9.701901674270629883e-02,9.098443388938903809e-02,7.043329533189535141e-03,7.574046496301889420e-03,2.238639444112777710e-01,6.807061284780502319e-02,5.020764190703630447e-03,1.124448999762535095e-01,1.402846723794937134e-01,7.231283001601696014e-03,3.170900046825408936e-02,6.986054126173257828e-03,3.656871616840362549e-03
1.397976279258728027e-01,1.053934320807456970e-01,6.671444326639175415e-02,6.952938437461853027e-02,9.887418709695339203e-03,9.277690201997756958e-03,1.912567615509033203e-01,5.216500163078308105e-02,5.901595577597618103e-03,8.620543032884597778e-02,1.969789713621139526e-01,7.830295711755752563e-03,4.612438753247261047e-02,8.726460859179496765e-03,4.211075603961944580e-03
1.034731566905975342e-01,9.247011691331863403e-02,1.007199138402938843e-01,9.145058691501617432e-02,1.035111304372549057e-02,1.121332962065935135e-02,2.024409323930740356e-01,6.613118201494216919e-02,8.026312105357646942e-03,1.172138899564743042e-01,1.309525519609451294e-01,1.142938528209924698e-02,3.772090375423431396e-02,1.041210349649190903e-02,5.994546692818403244e-03
9.864928573369979858e-02,8.139899373054504395e-02,9.751620143651962280e-02,8.024410903453826904e-02,6.171841640025377274e-03,6.629777140915393829e-03,2.300499528646469116e-01,8.950160443782806396e-02,4.492072388529777527e-03,1.137531325221061707e-01,1.478922218084335327e-01,6.414360366761684418e-03,2.767155878245830536e-02,6.368050817400217056e-03,3.246805397793650627e-03
1.422913819551467896e-01,1.093684062361717224e-01,9.820529818534851074e-02,9.677430987358093262e-02,5.235428921878337860e-03,5.278194323182106018e-03,2.235821485519409180e-01,6.515017896890640259e-02,3.383805975317955017e-03,1.146314218640327454e-01,1.021544635295867920e-01,5.120260175317525864e-03,2.178921736776828766e-02,4.588453099131584167e-03,2.446971135213971138e-03
1.286729574203491211e-01,1.294237971305847168e-01,1.128762736916542053e-01,1.239218115806579590e-01,7.286312058568000793e-03,6.854453124105930328e-03,1.891071051359176636e-01,6.792889535427093506e-02,4.823998082429170609e-03,9.592673182487487793e-02,9.034029394388198853e-02,6.832404993474483490e-03,2.571321278810501099e-02,6.442116107791662216e-03,3.849665867164731026e-03
1.872192174196243286e-01,1.231058835983276367e-01,7.729571312665939331e-02,7.376854866743087769e-02,9.868057444691658020e-03,9.740191511809825897e-03,1.755641102790832520e-01,7.295191287994384766e-02,5.490357521921396255e-03,8.439242839813232422e-02,1.253233551979064941e-01,7.068417966365814209e-03,3.622972965240478516e-02,7.789205759763717651e-03,4.192819818854331970e-03
1.503350436687469482e-01,1.211372986435890198e-01,7.557000219821929932e-02,6.858617812395095825e-02,8.677669800817966461e-03,7.993577048182487488e-03,1.902191489934921265e-01,7.628337293863296509e-02,5.147623829543590546e-03,8.966240286827087402e-02,1.550916135311126709e-01,6.744827143847942352e-03,3.334868699312210083e-02,7.413108833134174347e-03,3.789495909586548805e-03
1.750884503126144409e-01,1.331608742475509644e-01,8.010508865118026733e-02,7.201012223958969116e-02,1.090344786643981934e-02,1.250284351408481598e-02,1.683108955621719360e-01,5.625737830996513367e-02,6.302570924162864685e-03,8.973428606986999512e-02,1.362175345420837402e-01,8.858397603034973145e-03,3.640388697385787964e-02,9.102746844291687012e-03,5.041510798037052155e-03
1.688271462917327881e-01,2.276089936494827271e-01,8.794574439525604248e-02,1.188583076000213623e-01,6.673621013760566711e-03,5.448302719742059708e-03,1.451815664768218994e-01,3.852750360965728760e-02,3.568014129996299744e-03,7.071432471275329590e-02,9.142380952835083008e-02,5.239439196884632111e-03,2.187585644423961639e-02,5.082046613097190857e-03,3.025338286533951759e-03
1.293380856513977051e-01,1.152364015579223633e-01,1.147690340876579285e-01,1.010005995631217957e-01,1.325716171413660049e-02,1.557144057005643845e-02,1.673101186752319336e-01,6.029336526989936829e-02,9.470764547586441040e-03,9.836150705814361572e-02,9.822411835193634033e-02,1.350379828363656998e-02,4.374871030449867249e-02,1.210496854037046432e-02,7.809952367097139359e-03
1.122459098696708679e-01,1.293455064296722412e-01,1.148241385817527771e-01,1.275011152029037476e-01,1.530890353024005890e-02,1.711483485996723175e-02,1.465494483709335327e-01,3.447966277599334717e-02,1.307369209825992584e-02,1.301330476999282837e-01,7.895030826330184937e-02,2.186584658920764923e-02,3.255394473671913147e-02,1.438515260815620422e-02,1.166838407516479492e-02
9.396076947450637817e-02,1.548719853162765503e-01,1.119441911578178406e-01,1.220828816294670105e-01,2.302823588252067566e-02,2.834830433130264282e-02,9.654979407787322998e-02,1.920247077941894531e-02,2.499010786414146423e-02,1.615134924650192261e-01,4.358870163559913635e-02,4.734158143401145935e-02,2.835838682949542999e-02,2.262778393924236298e-02,2.159122005105018616e-02
9.429055452346801758e-02,8.696564286947250366e-02,1.129633188247680664e-01,1.102464050054550171e-01,1.158510800451040268e-02,1.381192356348037720e-02,1.970963031053543091e-01,4.544847086071968079e-02,1.009441912174224854e-02,1.385583728551864624e-01,1.050643548369407654e-01,1.622292213141918182e-02,3.781733289361000061e-02,1.197133120149374008e-02,7.863509468734264374e-03
8.636420965194702148e-02,8.259356021881103516e-02,1.240684911608695984e-01,1.454475969076156616e-01,5.393613595515489578e-03,5.411410704255104065e-03,2.278785109519958496e-01,6.702771037817001343e-02,4.359757993370294571e-03,1.236841753125190735e-01,9.128187596797943115e-02,6.623236462473869324e-03,2.084750868380069733e-02,5.654919892549514771e-03,3.363406052812933922e-03
9.065136313438415527e-02,9.203858673572540283e-02,1.232412010431289673e-01,1.418499648571014404e-01,6.234606262296438217e-03,5.949840415269136429e-03,2.177350521087646484e-01,6.708899140357971191e-02,5.105066113173961639e-03,1.263882219791412354e-01,8.482760936021804810e-02,7.649792823940515518e-03,2.096072211861610413e-02,6.330915261059999466e-03,3.948078956454992294e-03
9.570943564176559448e-02,8.177798986434936523e-02,1.103324368596076965e-01,1.104573011398315430e-01,6.643040105700492859e-03,7.011926267296075821e-03,2.299033403396606445e-01,7.087181508541107178e-02,5.092829465866088867e-03,1.186454370617866516e-01,1.171008795499801636e-01,7.478537037968635559e-03,2.835787087678909302e-02,6.837490014731884003e-03,3.779729595407843590e-03
8.591056615114212036e-02,8.270499110221862793e-02,1.268842667341232300e-01,1.317797899246215820e-01,6.657487247139215469e-03,7.012825924903154373e-03,2.200509905815124512e-01,7.222976535558700562e-02,5.653054453432559967e-03,1.308397948741912842e-01,8.703167736530303955e-02,8.480920456349849701e-03,2.344486676156520844e-02,7.016027811914682388e-03,4.302997607737779617e-03
9.291065484285354614e-02,9.688112884759902954e-02,1.298536509275436401e-01,1.702447086572647095e-01,5.665765609592199326e-03,5.629344843327999115e-03,2.019047588109970093e-01,5.714233219623565674e-02,4.623530432581901550e-03,1.248865425586700439e-01,7.525005191564559937e-02,7.245033979415893555e-03,1.820731908082962036e-02,5.769858136773109436e-03,3.785303328186273575e-03
1.001771241426467896e-01,9.372295439243316650e-02,1.122197657823562622e-01,9.372296929359436035e-02,6.996218580752611160e-03,7.535056676715612411e-03,2.199730724096298218e-01,7.841341942548751831e-02,5.303838755935430527e-03,1.163916438817977905e-01,1.184375360608100891e-01,7.768634241074323654e-03,2.833623997867107391e-02,7.058718241751194000e-03,3.942797891795635223e-03
1.229525282979011536e-01,9.820330142974853516e-02,7.963638007640838623e-02,8.807448297739028931e-02,9.817487560212612152e-03,9.170539677143096924e-03,2.019253075122833252e-01,5.558631196618080139e-02,6.392608862370252609e-03,9.352152049541473389e-02,1.687824577093124390e-01,8.567914366722106934e-03,4.362226650118827820e-02,9.074962697923183441e-03,4.671997856348752975e-03
1.411470919847488403e-01,1.142851188778877258e-01,7.328449934720993042e-02,6.815979629755020142e-02,7.426699157804250717e-03,6.690148729830980301e-03,2.050237208604812622e-01,7.013755291700363159e-02,4.439741373062133789e-03,9.259933233261108398e-02,1.691729128360748291e-01,5.945023149251937866e-03,3.205649554729461670e-02,6.490473169833421707e-03,3.141424851492047310e-03
1.194327026605606079e-01,1.055241152644157410e-01,9.446115791797637939e-02,9.610056877136230469e-02,7.543527521193027496e-03,7.029626518487930298e-03,2.133404463529586792e-01,7.042714953422546387e-02,5.107283592224121094e-03,1.035535857081413269e-01,1.292394548654556274e-01,7.065892685204744339e-03,3.041952848434448242e-02,7.004221901297569275e-03,3.750656265765428543e-03
1.202498897910118103e-01,1.031818985939025879e-01,8.998394757509231567e-02,8.195357769727706909e-02,9.811299853026866913e-03,9.599370881915092468e-03,1.963935643434524536e-01,8.054012805223464966e-02,6.712618749588727951e-03,1.002052575349807739e-01,1.422318518161773682e-01,8.889391086995601654e-03,3.601280972361564636e-02,9.189452975988388062e-03,5.044891964644193649e-03
1.284713894128799438e-01,1.148747280240058899e-01,9.847255796194076538e-02,1.060061454772949219e-01,9.166048839688301086e-03,8.507641032338142395e-03,1.898711621761322021e-01,7.537423074245452881e-02,6.161431316286325455e-03,9.891404211521148682e-02,1.122185662388801575e-01,8.251336403191089630e-03,3.063136525452136993e-02,8.250809274613857269e-03,4.828478209674358368e-03
1.079875826835632324e-01,9.183473140001296997e-02,1.122544035315513611e-01,8.980695158243179321e-02,7.569855079054832458e-03,8.378510363399982452e-03,2.172969579696655273e-01,8.448854833841323853e-02,5.592164583504199982e-03,1.140229627490043640e-01,1.107628941535949707e-01,8.057749830186367035e-03,3.039662912487983704e-02,7.393089123070240021e-03,4.156973212957382202e-03
9.214951097965240479e-02,7.873299717903137207e-02,1.186691820621490479e-01,9.185241907835006714e-02,7.736646570265293121e-03,8.583690971136093140e-03,2.163074910640716553e-01,1.033285781741142273e-01,6.203939206898212433e-03,1.194612607359886169e-01,1.067946776747703552e-01,8.742767386138439178e-03,2.874498069286346436e-02,8.013989776372909546e-03,4.677900113165378571e-03
1.319452673196792603e-01,7.145662605762481689e-02,6.900363415479660034e-02,4.546977579593658447e-02,1.406602840870618820e-02,1.883354410529136658e-02,1.943663954734802246e-01,5.853673070669174194e-02,8.364789187908172607e-03,7.702316343784332275e-02,1.905207335948944092e-01,1.087604276835918427e-02,9.147233515977859497e-02,1.247431524097919464e-02,5.590591114014387131e-03
2.399822473526000977e-01,1.142921894788742065e-01,8.616215735673904419e-02,5.479417368769645691e-02,2.454565651714801788e-02,7.731655240058898926e-02,8.885171264410018921e-02,3.847756609320640564e-02,1.432340219616889954e-02,8.143021911382675171e-02,6.235359981656074524e-02,2.171676605939865112e-02,6.269338726997375488e-02,2.013617753982543945e-02,1.292418688535690308e-02
7.506372779607772827e-02,1.019164919853210449e-01,1.229778751730918884e-01,1.098411902785301208e-01,2.138955332338809967e-02,3.084974363446235657e-02,1.310626119375228882e-01,2.983109839260578156e-02,2.310925349593162537e-02,1.564543694257736206e-01,7.244934141635894775e-02,4.185684397816658020e-02,3.958766162395477295e-02,2.353116869926452637e-02,2.007904462516307831e-02
7.884362339973449707e-02,1.175175532698631287e-01,1.147368326783180237e-01,1.129947081208229065e-01,2.545924670994281769e-02,3.514585271477699280e-02,1.088281944394111633e-01,2.575290761888027191e-02,2.830082923173904419e-02,1.537466347217559814e-01,5.950462445616722107e-02,5.025723576545715332e-02,3.598931059241294861e-02,2.755127288401126862e-02,2.537122927606105804e-02
8.107890933752059937e-02,1.142052486538887024e-01,1.197029873728752136e-01,1.099240705370903015e-01,1.803984679281711578e-02,2.378635853528976440e-02,1.350190192461013794e-01,2.757660672068595886e-02,2.021971531212329865e-02,1.846112459897994995e-01,6.324802339076995850e-02,3.852765634655952454e-02,2.719996124505996704e-02,1.922738179564476013e-02,1.763296313583850861e-02
8.209959417581558228e-02,8.304885029792785645e-02,1.214961409568786621e-01,1.325179040431976318e-01,8.046324364840984344e-03,8.700778707861900330e-03,2.094631046056747437e-01,5.060356110334396362e-02,7.506479043513536453e-03,1.549605578184127808e-01,9.097345918416976929e-02,1.239939406514167786e-02,2.352394722402095795e-02,8.711418136954307556e-03,5.948491394519805908e-03
8.931244909763336182e-02,9.167268872261047363e-02,1.276370137929916382e-01,1.355571150779724121e-01,4.919453989714384079e-03,4.892340395599603653e-03,2.260391861200332642e-01,7.143170386552810669e-02,3.844403196126222610e-03,1.178132966160774231e-01,9.327623993158340454e-02,5.885043647140264511e-03,1.963880658149719238e-02,5.087773781269788742e-03,2.992485649883747101e-03
7.824922353029251099e-02,7.189798355102539062e-02,1.188712418079376221e-01,1.146514490246772766e-01,4.545686300843954086e-03,4.881711211055517197e-03,2.533513009548187256e-01,7.318115234375000000e-02,3.843859303742647171e-03,1.383526623249053955e-01,1.046430021524429321e-01,6.043164059519767761e-03,1.968038082122802734e-02,5.028957966715097427e-03,2.778260968625545502e-03
9.520786255598068237e-02,9.140434116125106812e-02,1.327379941940307617e-01,1.433495581150054932e-01,7.019916083663702011e-03,7.240442559123039246e-03,2.079982161521911621e-01,7.189033180475234985e-02,5.439547821879386902e-03,1.086416468024253845e-01,8.274362981319427490e-02,7.883886806666851044e-03,2.718100696802139282e-02,6.995611358433961868e-03,4.265988245606422424e-03
1.346106976270675659e-01,1.035148948431015015e-01,1.029699668288230896e-01,1.118780225515365601e-01,1.079596858471632004e-02,1.185593754053115845e-02,1.883996278047561646e-01,5.535218492150306702e-02,7.331960368901491165e-03,9.942632168531417847e-02,1.057590618729591370e-01,1.017415244132280350e-02,4.256284609436988831e-02,9.737530723214149475e-03,5.630785599350929260e-03
1.228687465190887451e-01,1.067866459488868713e-01,1.170331984758377075e-01,1.337106525897979736e-01,8.692170493304729462e-03,9.045850485563278198e-03,1.888566166162490845e-01,6.214240938425064087e-02,6.218842696398496628e-03,1.041222885251045227e-01,8.840174973011016846e-02,8.800037205219268799e-03,3.025171533226966858e-02,8.064440451562404633e-03,5.004626698791980743e-03
1.124793440103530884e-01,9.950319677591323853e-02,1.058375239372253418e-01,1.237355098128318787e-01,6.626760121434926987e-03,6.484739016741514206e-03,2.121778428554534912e-01,6.406740844249725342e-02,4.653532523661851883e-03,1.069375202059745789e-01,1.141911223530769348e-01,6.691518239676952362e-03,2.663195319473743439e-02,6.399696692824363708e-03,3.582280594855546951e-03
1.051348447799682617e-01,8.857294172048568726e-02,9.142220765352249146e-02,8.128784596920013428e-02,9.806745685636997223e-03,1.023308187723159790e-02,2.086734622716903687e-01,7.181390374898910522e-02,7.243430241942405701e-03,1.101158335804939270e-01,1.515482664108276367e-01,9.923486970365047455e-03,3.917696326971054077e-02,9.783145040273666382e-03,5.263855680823326111e-03
1.254038810729980469e-01,8.972237259149551392e-02,7.813111692667007446e-02,6.199177354574203491e-02,8.876850828528404236e-03,1.011315174400806427e-02,2.052069306373596191e-01,6.874277442693710327e-02,5.770514719188213348e-03,9.951666742563247681e-02,1.839127391576766968e-01,8.005590178072452545e-03,4.204203560948371887e-02,8.464212529361248016e-03,4.099369049072265625e-03
1.092036515474319458e-01,9.589204192161560059e-02,1.006990149617195129e-01,1.047075018286705017e-01,8.326495997607707977e-03,7.926649414002895355e-03,2.112689614295959473e-01,7.537798583507537842e-02,5.986210424453020096e-03,1.067008823156356812e-01,1.215568929910659790e-01,8.164592087268829346e-03,3.169067949056625366e-02,8.014881983399391174e-03,4.483595956116914749e-03
9.871232509613037109e-02,6.964350491762161255e-02,9.666503220796585083e-02,6.802619248628616333e-02,6.996809039264917374e-03,8.274470455944538116e-03,2.326145619153976440e-01,1.004042923450469971e-01,5.016600247472524643e-03,1.078418418765068054e-01,1.514678150415420532e-01,6.949888076633214951e-03,3.674162924289703369e-02,7.167496252804994583e-03,3.477516584098339081e-03
1.108151003718376160e-01,8.889666199684143066e-02,1.078017950057983398e-01,8.595714718103408813e-02,6.897727493196725845e-03,7.841062732040882111e-03,2.158903777599334717e-01,9.104938805103302002e-02,4.893039818853139877e-03,1.080826744437217712e-01,1.253389716148376465e-01,6.958712358027696609e-03,2.903112396597862244e-02,6.821538787335157394e-03,3.724737558513879776e-03
1.150455549359321594e-01,9.556947648525238037e-02,1.071176975965499878e-01,1.115656867623329163e-01,7.003344595432281494e-03,7.006906438618898392e-03,2.087543457746505737e-01,8.199919015169143677e-02,4.949515219777822495e-03,1.085080206394195557e-01,1.092848703265190125e-01,6.920183543115854263e-03,2.569735236465930939e-02,6.716973148286342621e-03,3.860919503495097160e-03
9.373287111520767212e-02,7.887078821659088135e-02,1.218833848834037781e-01,9.174283593893051147e-02,7.546085864305496216e-03,8.812529966235160828e-03,2.169906198978424072e-01,1.025825142860412598e-01,5.995291285216808319e-03,1.183320507407188416e-01,1.035492122173309326e-01,8.529369719326496124e-03,2.908501215279102325e-02,7.821755483746528625e-03,4.525633994489908218e-03
2.508633434772491455e-01,1.510816365480422974e-01,4.952551797032356262e-02,6.643043458461761475e-02,1.420034468173980713e-02,1.294681616127490997e-02,1.278298497200012207e-01,3.321008011698722839e-02,6.339643150568008423e-03,5.739114806056022644e-02,1.563466936349868774e-01,7.812484167516231537e-03,5.107646808028221130e-02,9.816567413508892059e-03,5.128993652760982513e-03
2.595075666904449463e-01,1.228013709187507629e-01,8.870313316583633423e-02,6.080681085586547852e-02,2.204869873821735382e-02,7.385236769914627075e-02,8.527492731809616089e-02,3.364010900259017944e-02,1.285941153764724731e-02,8.548477292060852051e-02,5.410648882389068604e-02,2.036060579121112823e-02,5.052526667714118958e-02,1.805413886904716492e-02,1.197427883744239807e-02
1.850727945566177368e-01,1.463983803987503052e-01,7.715406268835067749e-02,8.291020244359970093e-02,1.530439779162406921e-02,1.591453328728675842e-02,1.464308500289916992e-01,3.611187264323234558e-02,9.371508844196796417e-03,9.202364832162857056e-02,1.153186112642288208e-01,1.350344717502593994e-02,4.480174183845520020e-02,1.207890734076499939e-02,7.605070248246192932e-03
9.831818938255310059e-02,1.462649852037429810e-01,1.055366024374961853e-01,1.282332390546798706e-01,2.474333345890045166e-02,2.931411936879158020e-02,1.003029122948646545e-01,1.934603229165077209e-02,2.536398917436599731e-02,1.492691487073898315e-01,5.010691285133361816e-02,4.628658294677734375e-02,2.973815239965915680e-02,2.402918785810470581e-02,2.314661815762519836e-02
9.489637613296508789e-02,1.285789906978607178e-01,1.050791293382644653e-01,1.114243566989898682e-01,2.630636841058731079e-02,3.046509809792041779e-02,1.128880158066749573e-01,2.910232357680797577e-02,2.654930576682090759e-02,1.395841687917709351e-01,6.531288474798202515e-02,4.384759813547134399e-02,3.575259074568748474e-02,2.579369395971298218e-02,2.441904507577419281e-02
1.005846187472343445e-01,8.754903823137283325e-02,1.143099069595336914e-01,1.105927377939224243e-01,8.162743411958217621e-03,9.281073696911334991e-03,2.127785682678222656e-01,5.950905010104179382e-02,6.617481354624032974e-03,1.321143209934234619e-01,1.058514118194580078e-01,1.032504439353942871e-02,2.887105941772460938e-02,8.321227505803108215e-03,5.131688434630632401e-03
8.990297466516494751e-02,8.230495452880859375e-02,1.120503768324851990e-01,1.087153330445289612e-01,5.289813037961721420e-03,5.600554402917623520e-03,2.407817542552947998e-01,7.033663243055343628e-02,4.197854548692703247e-03,1.298326700925827026e-01,1.138879135251045227e-01,6.450610700994729996e-03,2.197621576488018036e-02,5.587732885032892227e-03,3.084585070610046387e-03
1.049925535917282104e-01,8.040685206651687622e-02,1.127687990665435791e-01,1.219222694635391235e-01,7.209498435258865356e-03,7.812324445694684982e-03,2.251511067152023315e-01,6.639432162046432495e-02,5.315667018294334412e-03,1.112977266311645508e-01,1.054165139794349670e-01,7.660598959773778915e-03,3.255371376872062683e-02,7.138823159039020538e-03,3.959203138947486877e-03
9.814636409282684326e-02,1.181701347231864929e-01,1.233298927545547485e-01,2.270771563053131104e-01,6.380025297403335571e-03,4.877162165939807892e-03,1.737041920423507690e-01,4.901773482561111450e-02,4.870515316724777222e-03,9.986541420221328735e-02,6.031632050871849060e-02,6.993746384978294373e-03,1.709288544952869415e-02,5.933322478085756302e-03,4.225049633532762527e-03
6.587784737348556519e-02,7.089868187904357910e-02,1.515952199697494507e-01,2.470004856586456299e-01,3.212182549759745598e-03,3.156711580231785774e-03,1.901597380638122559e-01,7.663904875516891479e-02,2.887612441554665565e-03,1.164640337228775024e-01,5.165127664804458618e-02,4.402228631079196930e-03,9.815134108066558838e-03,3.676621476188302040e-03,2.563217189162969589e-03
7.837583124637603760e-02,7.790426909923553467e-02,1.583418697118759155e-01,1.841525286436080933e-01,4.887792747467756271e-03,5.769350565969944000e-03,1.956031024456024170e-01,7.617792487144470215e-02,4.207693971693515778e-03,1.168967112898826599e-01,6.484539061784744263e-02,6.501605734229087830e-03,1.729504577815532684e-02,5.431371740996837616e-03,3.609493607655167580e-03
1.199560090899467468e-01,1.083435341715812683e-01,1.036070510745048523e-01,1.031013727188110352e-01,8.069884963333606720e-03,7.974755950272083282e-03,1.997903585433959961e-01,7.175801694393157959e-02,5.634496454149484634e-03,1.040436699986457825e-01,1.187883988022804260e-01,7.867249660193920135e-03,2.903276681900024414e-02,7.632419466972351074e-03,4.400030709803104401e-03
1.053484603762626648e-01,8.217652887105941772e-02,9.197687357664108276e-02,7.262357324361801147e-02,1.083206385374069214e-02,1.209785509854555130e-02,2.092034518718719482e-01,7.265550643205642700e-02,7.818998768925666809e-03,1.016864329576492310e-01,1.570400297641754150e-01,1.059644669294357300e-02,4.961639270186424255e-02,1.073984056711196899e-02,5.587677005678415298e-03
1.580463349819183350e-01,1.044933125376701355e-01,6.594474613666534424e-02,6.764929741621017456e-02,9.401681832969188690e-03,9.107692167162895203e-03,1.905328929424285889e-01,5.659504234790802002e-02,5.093073472380638123e-03,7.515668869018554688e-02,1.907892078161239624e-01,6.467055529356002808e-03,4.915990307927131653e-02,7.933485321700572968e-03,3.629660932347178459e-03
8.430051058530807495e-02,7.483413815498352051e-02,1.238495931029319763e-01,9.471552073955535889e-02,6.830582395195960999e-03,7.706721778959035873e-03,2.236043810844421387e-01,1.052663400769233704e-01,5.675812717527151108e-03,1.239132136106491089e-01,1.034251525998115540e-01,8.169786073267459869e-03,2.614059112966060638e-02,7.309348788112401962e-03,4.258228000253438950e-03
1.193992793560028076e-01,9.365781396627426147e-02,9.866683185100555420e-02,8.787778019905090332e-02,6.166144274175167084e-03,6.292094010859727859e-03,2.209437638521194458e-01,8.843731880187988281e-02,4.083688370883464813e-03,1.019305661320686340e-01,1.307711005210876465e-01,5.690408870577812195e-03,2.720445394515991211e-02,5.839883349835872650e-03,3.038866212591528893e-03
1.249067485332489014e-01,1.369144469499588013e-01,1.099641621112823486e-01,1.236971914768218994e-01,8.400796912610530853e-03,7.433373946696519852e-03,1.801228523254394531e-01,7.073605060577392578e-02,5.595409777015447617e-03,9.075015783309936523e-02,9.437638521194458008e-02,7.639226969331502914e-03,2.746371179819107056e-02,7.440172135829925537e-03,4.559351131319999695e-03
1.116587966680526733e-01,8.864443749189376831e-02,1.041889935731887817e-01,8.951153606176376343e-02,7.016566116362810135e-03,7.504317909479141235e-03,2.104989439249038696e-01,1.068840697407722473e-01,4.827153403311967850e-03,1.012342721223831177e-01,1.218891143798828125e-01,6.516694091260433197e-03,2.914827689528465271e-02,6.815810687839984894e-03,3.660964313894510269e-03
1.789565980434417725e-01,1.053960397839546204e-01,5.690251290798187256e-02,7.402671128511428833e-02,9.430724196135997772e-03,8.086652494966983795e-03,1.813441514968872070e-01,4.564179852604866028e-02,5.288603249937295914e-03,8.549879491329193115e-02,1.941735148429870605e-01,6.786182057112455368e-03,3.659164160490036011e-02,7.882677949965000153e-03,3.993453923612833023e-03
1.959977447986602783e-01,1.401983648538589478e-01,7.763126492500305176e-02,7.168788462877273560e-02,8.127414621412754059e-03,8.529511280357837677e-03,1.832388341426849365e-01,4.504390060901641846e-02,4.306445829570293427e-03,8.373903483152389526e-02,1.278865635395050049e-01,6.260361056774854660e-03,3.795815631747245789e-02,6.243140436708927155e-03,3.151423064991831779e-03
2.205327451229095459e-01,8.813220262527465820e-02,1.085367947816848755e-01,5.410455167293548584e-02,2.082999236881732941e-02,1.228340119123458862e-01,8.089081197977066040e-02,3.801233321428298950e-02,1.501009333878755569e-02,1.069927960634231567e-01,3.802268579602241516e-02,2.598772756755352020e-02,4.588320851325988770e-02,2.030952088534832001e-02,1.392047666013240814e-02
