,Astro,Endo,Excitatory L2/3,Excitatory L4,Excitatory L5,Excitatory L6,Inhibitory Other,Inhibitory Pvalb,Inhibitory Sst,Inhibitory Vip,Micro,Neuron Other,Olig,Other,Smc
0,1.6454319715499879,0.0858719814568758,0.5874040007591248,0.5078814089298248,0.2634838029742241,0.5028878480196,0.8337618947029114,0.3575646370649338,0.7765296697616577,0.2804231375455856,0.049808166176080707,0.40648471713066103,0.0037907069199718535,0.0208034691400826,0.2033948466181755
1,5.357907247543335,0.7461125731468201,1.0213993728160857,0.9402701258659363,0.6394303232431412,0.7677419036626816,1.7858928263187408,0.3904586866497993,1.28575798869133,0.639756515622139,0.1633891098201275,1.1814393639564513,1.6372498750686646,0.45822370797395706,1.463981854915619
2,1.4302266597747804,0.12092452086508274,0.3007997691631317,0.2203465759754181,0.08105683624744416,0.20423848703503608,0.8087532728910446,0.20400839447975158,0.4082901731133461,0.08742463923990726,0.06095592528581619,0.9206973046064377,1.992122733592987,0.36204380393028257,0.46693673729896545
3,3.655540430545807,0.372316774725914,0.23359437957406043,0.31404650807380674,0.2662759035825729,0.5759854465723038,0.6506128311157227,0.5693271487951279,0.4481329798698425,0.18675431236624718,0.11216917783021928,0.6892382711172104,1.7942775070667267,0.5918230146169663,0.546415650844574
4,2.538230633735657,0.87302967607975,2.133856952190399,1.2247412025928497,1.1053657829761505,3.3831167340278627,1.7701613366603852,0.5330038070678711,1.997780042886734,1.0997833847999572,0.46507117748260496,1.4904868245124816,1.016966062784195,0.42734564989805224,1.3722790718078612
5,2.468467664718628,0.3625724583864212,1.5926037549972534,1.0941226959228516,0.6753806829452514,3.790725302696228,0.9538346797227859,0.43435634970664977,1.2285279870033263,0.7349626958370209,0.5183892756700516,0.8554545849561691,0.10405133329331875,0.08890635147690773,1.060563290119171
6,2.049522030353546,0.2923559069633484,2.3548497796058654,1.2409330010414124,0.5454977571964263,3.211949872970581,1.432840484380722,0.5050081223249435,1.2136691510677338,0.5280618757009506,0.42013849318027496,0.755106708407402,0.3414612486958504,0.20833805724978446,0.7259586364030838
7,2.1733513712882995,0.4812619239091873,1.4953427016735077,1.1139269649982453,0.90887391269207,1.6872497200965881,1.3961319863796233,0.29999834299087524,1.310468417406082,0.803693351149559,0.390119706094265,0.823180478811264,0.444095703959465,0.43491273522377016,0.6454135268926621
8,1.5694226920604706,0.09758195206522942,0.8525069117546081,0.5251664638519287,0.6697749048471451,0.9171072900295257,0.7773830413818359,0.6812522649765015,0.7555897265672684,0.1784956894814968,0.11009364388883114,0.35694808661937716,0.3472143143415451,0.1204847127199173,0.43743916153907775
9,2.13754026889801,0.08318259604275227,0.6431041657924652,0.32700287401676176,1.8955513298511506,0.8218802064657211,0.8446635454893112,0.36523122638463973,0.6505782514810562,0.36392298340797424,0.2504362344741821,0.23712581992149354,0.44808170944452286,0.3719558477401733,0.3725575640797615
10,2.36288583278656,0.36374092996120455,1.9981251120567323,2.325223743915558,1.7773212909698486,1.1608592987060546,1.7372245848178864,1.0387744963169099,1.36093208193779,1.2638067960739137,0.5930854916572571,0.7217244029045105,0.016126608196645974,0.26933854073286057,0.7431991040706635
11,2.6892154455184936,0.8688595652580261,2.3939593553543093,3.709101366996765,0.8240804463624954,1.0122212946414948,1.1892737984657287,0.6081699967384339,1.5809359490871429,0.7714870721101761,0.5740355849266052,0.9258236706256866,0.05785293076187372,0.3581232696771622,1.121816486120224
12,2.706620514392853,0.29794141799211504,3.5325602173805235,4.090477156639099,0.4463288724422455,0.8859929740428925,1.4117616951465606,0.6787369340658188,1.5576383292675018,0.9259581714868546,0.4403017953038216,1.0133108258247376,0.05540460757911205,0.4013794258236885,1.0434840500354767
13,1.404756063222885,0.23689456805586814,2.1070868372917175,2.292774522304535,0.49656962454319,0.9215024888515473,0.9390213161706924,0.27513437122106554,0.8379911243915558,0.8077292025089264,0.3792788863182068,0.6839470952749253,0.023717154935002326,0.10780106298625469,0.4131529599428177
14,2.148468518257141,0.8815293699502945,3.8207172036170958,2.23345285654068,0.3763021633028984,1.2611451148986816,1.5387251138687135,0.3918728992342949,1.5868881702423097,0.5815247178077698,0.47475677728652954,0.741995707154274,0.10277603566646576,0.24130194559693335,1.097597873210907
15,2.680398392677307,0.8393343657255172,4.873933887481689,1.7605033278465272,0.4378509357571602,0.931929075717926,1.1375957071781158,0.6026014626026154,1.1853797137737274,0.5826641023159027,0.6365109741687774,1.0167274057865143,0.030115772038698196,0.2771148085594177,1.103369528055191
16,3.2473673105239866,0.6815662145614624,3.443720078468323,1.5465287804603576,0.27876022309064863,1.2817179143428803,1.2270785212516784,0.4421672224998474,1.2223144233226777,0.40745789706707003,0.5179036498069763,0.8112360298633575,0.026366747077554466,0.2277980402112007,0.8278273940086365
17,1.17858926653862,0.3522340252995491,1.356114536523819,0.7686050981283188,0.27210136204957963,0.7006923645734787,0.9689705163240433,0.13942826613783837,0.6967633157968521,0.6845083802938461,0.23706258460879326,0.44580860137939454,0.0031235630158334975,0.16076942756772042,0.5957079619169235
18,0.6747578620910645,0.006372125749476254,0.05936648417264223,0.13233256861567497,0.04937957301735878,0.045485939085483554,0.08031797669827938,0.0629802767187357,0.08759476728737355,0.19833934381604196,1.4279347896575927,0.04467328991740942,0.000685413443716243,0.0032614900148473683,0.13518527820706366
19,1.3462284564971925,0.09802993647754192,0.0727435402572155,0.07113550901412964,0.07983140274882317,0.30564847141504287,0.5109859704971313,0.07396906614303589,0.10545078404247761,0.7717131286859512,0.038702531903982165,0.21352885141968728,0.0020404985989443958,0.052907702326774594,0.1934910960495472
20,3.9899791479110718,0.2511517837643623,0.8457332879304886,0.5638928353786469,0.34512535482645035,0.3696949914097786,1.1450001537799834,0.35696474015712737,1.1101479947566986,0.4648207128047943,0.33651480078697205,0.4792455092072487,0.5727389812469482,0.4733514338731766,0.38148846477270126
21,2.140272927284241,0.1443752482533455,0.2404468096792698,0.12696641460061073,0.4237046390771866,0.2770990923047066,0.7674410015344619,0.20420639142394068,0.5034073412418365,0.1857925221323967,0.039975276403129104,0.5086940646171569,2.609275221824646,0.483197794854641,0.5478525847196579
22,0.7419472306966781,0.23039621263742446,0.09067767299711704,0.29543389230966566,0.3149443373084068,0.10564982071518898,0.3435205087065697,0.14483057707548141,0.4031650751829147,0.14910924211144447,0.11325413472950459,0.2698327645659447,1.6840244293212892,0.2501172125339508,0.32235835790634154
23,3.21815185546875,0.4681657165288925,1.6174107253551484,0.9002929359674454,0.5889329433441162,3.487214684486389,0.8471368938684464,0.6280227035284043,1.2928243637084962,0.8843104541301727,0.24773755222558974,1.2213149011135103,0.48718276917934417,0.34059710055589676,1.1006929516792296
24,1.6198907673358918,0.2988661974668503,1.2644428372383119,1.060709434747696,0.4300818175077438,2.08116295337677,1.0247573852539062,0.2040137991309166,1.2076225638389588,0.6672654092311859,0.3047055214643478,0.4022072494029999,0.07379038371145726,0.04050458669662476,0.6505526185035706
25,2.8047256112098693,0.4554740399122238,3.4604551553726197,2.4258551359176637,1.017243880033493,4.674074387550354,2.2407347798347472,0.5653099536895752,1.6380272388458252,1.101196473836899,0.6515178501605987,1.5321367144584657,0.1308671049773693,0.17885417267680168,1.7301647365093231
26,1.7581313371658325,0.33032670319080354,2.2570478558540343,0.9240711778402328,1.1445014297962188,2.2248984575271606,1.4014889180660248,0.3864749684929848,1.1928593456745147,0.6810412287712098,0.3224116861820221,0.8382148295640945,0.45176792293787005,0.10547798052430153,1.1363130152225493
27,1.3856241703033447,0.35471791923046114,0.7672074943780899,0.28632649332284926,0.8662064522504807,0.7368994653224945,0.9065697938203812,0.12272720150649548,0.5814892381429673,0.27982022017240527,0.05638744905591011,0.361729933321476,0.1329974986612797,0.025102993287146092,0.2017184942960739
28,1.4547911286354065,0.39818243980407714,0.8560985803604126,0.2706631287932396,0.3585132956504822,0.3374008759856224,0.7342662632465362,0.1474560670554638,0.6516798049211502,0.2416217155754566,0.16307671517133712,0.37682585269212726,0.9442605584859848,0.17303648442029954,0.26665609180927274
29,3.742527723312378,1.850901871919632,1.1999825060367584,1.1802722692489624,1.5025115787982941,1.4047221004962922,1.3984146535396575,0.5667974442243576,1.0867129147052765,1.0577805757522583,0.29920724779367447,1.0850496292114258,0.06068978440016508,0.3448690414428711,0.5347088545560836
30,2.1465398907661437,1.7962519228458405,1.7394728899002074,1.5469478785991668,0.5172029614448548,0.642620050907135,1.0221182644367217,0.5532286643981934,0.8105098634958268,0.7397359222173691,0.45496101677417755,0.9692327976226807,0.10699256509542465,0.24032136052846909,0.5374280393123627
31,3.0841168642044066,1.9132978856563567,2.7125678777694704,2.590684103965759,0.5807023525238038,1.2906734824180603,1.34692063331604,0.8876414954662323,1.4019165575504302,0.672314366698265,1.174018520116806,0.667593902349472,0.10431772880256177,0.3665999978780746,1.3688806772232056
32,2.4784297227859495,1.4827569782733918,2.0896116733551025,1.8738805115222932,0.3390962705016136,0.8269286304712296,0.8256247997283935,0.5034381926059723,1.1694091618061067,0.38443738520145415,0.3223508283495903,0.9775681763887405,0.02196859708055854,0.3954529151320457,0.5483978420495987
33,3.577657675743103,0.9808937907218933,3.10404177904129,1.6420815110206604,0.3755564853549004,1.1501057922840119,1.4313459992408752,0.4113115444779396,0.7924232900142669,0.6768928945064545,0.38813391923904417,1.0748074769973754,0.10274084322154522,0.2823732301592827,1.286745512485504
34,3.5558488368988037,1.4949264645576477,4.687512302398682,2.3987483263015745,0.7947336316108704,1.5178342580795288,1.4540403187274933,0.6313057750463485,1.3381869435310363,0.8150939613580703,0.7106610625982285,1.1013696491718292,0.08197095170617104,0.34534778594970705,1.2252546906471253
35,2.7607583880424498,2.049304485321045,4.8086244583129885,1.7458374679088593,0.7956657707691193,1.9920558869838714,2.345504641532898,1.3293544590473174,1.741712898015976,0.9724113762378693,1.050353115797043,1.4625632762908936,0.40102180242538454,0.5134224444627762,1.8010758697986602
36,2.5358369946479797,1.4766456365585328,2.713920199871063,1.176144790649414,0.32366698831319807,0.7013656347990036,0.9086402446031571,0.3963834911584854,0.6770818889141083,0.6735965460538864,1.2584566712379455,1.2116214871406554,0.01792306350544095,0.1620800405740738,1.0185191214084626
37,1.802309787273407,0.659327557682991,0.2529838472604752,0.09860598966479302,0.21184305474162102,0.3351022839546204,1.0643460392951964,0.1223581999540329,0.3834771871566772,0.22085897102952004,0.25570850521326066,0.5065961062908173,0.014464588556438686,0.11335074566304684,0.36032525897026063
38,0.893469113111496,0.14711747393012048,1.342971795797348,0.5625343739986419,0.4636866256594658,0.915776577591896,0.8651274919509888,0.24597552195191383,0.861025258898735,0.546881252527237,0.13210314437747,0.23457386791706086,0.021966881584376097,0.10626260973513127,0.2697240382432938
39,0.7076949864625931,0.07431172840297222,0.3999600887298584,0.10742124915122986,0.11618827655911446,0.27316047698259355,0.3834741547703743,0.3205259248614311,0.23919285833835602,0.15467413663864135,0.01715282928198576,0.5027072042226791,0.7817139774560928,0.11663213111460209,0.10223255269229413
40,2.5716848611831664,0.246283470839262,0.29633459746837615,0.18617082834243776,0.14838360622525215,0.4400051191449165,1.2252127826213837,0.33799543380737307,0.4412796080112457,0.5642406821250916,0.12306452319025994,1.082766592502594,2.5855558633804323,0.4484732553362846,0.509402334690094
41,2.0296030402183534,0.2784771740436554,0.2844572216272354,0.08092066124081612,0.17118145003914834,0.1267249934375286,0.3729080677032471,0.11627254821360111,0.3361354246735573,0.13113302513957023,0.03214907888323069,0.3401319429278374,1.2195578515529633,0.17933274805545807,0.3800582945346832
42,3.03395471572876,0.3833128586411476,1.5531460285186767,1.3504453122615814,1.336601084470749,3.472618007659912,1.812461268901825,0.3111324816942215,1.4419395327568054,0.6623526096343995,0.38559057116508483,1.2169560492038727,0.8473480254411697,0.6643160372972489,1.3639587461948395
43,2.639398992061615,0.5964613229036331,2.6112924218177795,1.1467990577220917,0.6716423660516739,3.507528340816498,0.8092393010854722,0.6058701336383819,1.0858097672462463,0.7242332726716996,0.6139194518327713,0.9329529821872711,0.11948130428791046,0.17564905881881715,1.1135066509246827
44,3.7695632696151735,0.5562756687402726,2.4254255056381226,1.775061845779419,0.9809774428606033,2.2706249952316284,1.3096940159797668,1.5519148290157319,1.3816448032855988,0.6035542607307434,0.603807732462883,0.7955894559621811,0.38394373953342437,0.29410575032234193,0.7998003095388413
45,2.7807940363883974,0.3690715149044991,1.1933941841125488,0.5939315736293793,0.32691512256860733,0.9850965142250061,0.8139902740716934,0.25206165164709093,0.6688131392002106,0.4338751554489136,0.14314813539385796,0.17483616322278978,0.25598171949386594,0.04809108003973961,0.4363310977816582
46,3.8984413862228395,0.3357643991708756,1.1595876276493073,1.0579158127307893,0.8586908429861069,1.4017481207847595,1.2253767430782319,0.6047283262014389,0.8070428967475891,0.5494363009929657,0.27534557729959486,0.6143428832292557,0.5370509445667266,0.1834011435508728,0.7083511084318161
47,2.5530778884887697,0.28564477860927584,1.6676501214504242,0.8864866107702255,1.4408740520477294,0.8802628129720688,2.2073827147483827,0.5330293864011765,0.749058398604393,0.8617995828390121,0.3142761990427971,0.43715020418167116,0.05158578287810087,0.0985268834978342,0.84856898188591
48,2.033322751522064,0.35413880944252013,1.5452231407165526,1.7602978706359864,0.7653258830308914,0.8771323680877685,1.1867092490196227,0.6802104085683822,0.8902699619531631,0.6127872854471207,0.3428966671228409,0.6009852290153503,0.0381693797186017,0.19798556566238404,0.5811581701040268
49,3.303122651576996,0.35134174674749374,1.905968999862671,4.389388656616211,0.7415463119745255,1.194465845823288,1.4162817895412445,1.1338003516197204,1.2162855803966521,0.5906533509492874,0.6490920573472977,1.116436779499054,0.04179987702518702,0.15075169429183008,0.9917587697505951
50,2.0597605228424074,0.6873618096113205,1.770432424545288,3.3766064643859863,0.36443681716918946,1.4566713988780975,1.284943813085556,0.9599171489477157,1.0332378208637238,0.5346497386693955,0.4697590231895447,0.8510467439889908,0.12398124970495701,0.2731542274355888,0.5125689208507538
51,2.182806742191315,0.766017147898674,3.0241432905197145,1.3006082713603973,0.1783110700547695,0.7595224499702453,0.8290262132883072,0.7115507394075393,0.9480568706989289,0.5929610669612885,0.3060558080673218,0.6069160103797913,0.05435979720205068,0.19567402005195617,0.710214626789093
52,1.5718681633472442,0.2291728712618351,2.9636441469192505,1.0922558188438416,0.2364559330046177,0.9909403771162033,0.8321822643280029,1.1814919292926789,1.1048873126506806,0.5164213150739669,0.31752240359783174,0.8149972379207611,0.01081390236504376,0.1426900900900364,0.7949349552392959
53,3.0945250749588014,0.44095165729522706,6.0520000696182255,3.6881378054618836,0.5413366168737411,1.8992971003055572,2.221865105628967,0.7251533299684525,2.129379987716675,1.8342351078987122,0.8675887942314148,1.3556614816188812,0.4729412168264389,0.4482931450009346,1.064527201652527
54,3.139357495307922,0.6077816963195801,6.553688311576844,2.493660771846771,0.32283192574977876,1.6326553165912627,2.071766567230225,0.7884286403656006,2.898254668712616,1.1951094686985015,0.4820828139781952,1.4998127937316894,0.015354009438306093,0.14073708951473235,1.4010038316249847
55,2.973981463909149,0.16176131144165992,0.8535914152860642,0.647342711687088,0.2252698212862015,0.34055109322071075,1.841892123222351,0.19404561966657638,0.6102658480405807,0.6182768493890762,0.7552175641059875,0.5674689561128616,0.015658762166276576,0.05661424770951271,0.6942342728376388
56,1.9096734285354615,0.473301462829113,0.15099737793207169,0.11389038935303689,0.043572405353188515,0.05894465260207653,0.24437753856182098,0.1921852670609951,0.05166790243238211,0.10919956415891648,0.019117627758532763,0.1729126401245594,0.008850847790017725,0.037700385227799414,0.07077212929725647
57,0.6657840788364411,0.0769066121429205,0.39948205053806307,0.059789319150149824,0.6532953321933747,0.4690219804644585,0.6954685777425766,0.1845676653087139,0.19019942805171014,0.15673865377902985,0.26086519956588744,0.4364806964993477,0.29631392657756805,0.10949908047914506,0.25289272218942643
58,2.155045986175537,0.325428207218647,0.33388971388339994,0.1100668091326952,0.6038976728916168,0.11218750029802323,0.6798782199621201,0.1264418125152588,0.379392609000206,0.2513819053769112,0.14387254416942596,0.19043187648057938,0.5601458996534348,0.07738964073359966,0.2913576900959015
59,0.611976620554924,0.14812797605991362,0.039457110688090324,0.10195009894669056,0.1059423953294754,0.021847323141992094,0.4138489454984665,0.07091845236718655,0.05613197907805443,0.11436479762196541,0.011104186531156301,0.26936446577310563,0.8275316268205642,0.10199840143322945,0.20076221823692322
60,0.7147074401378631,0.2817224532365799,0.26275433152914046,0.251621463149786,0.24628300294280053,0.3376073330640793,0.8883650511503219,0.28454913944005966,0.39008149951696397,0.33646105229854584,0.2715153217315674,0.6044949948787689,2.622597706317902,0.48728503435850146,0.6330931484699249
61,2.052168548107147,0.37351744771003725,1.2102911949157715,0.5958937972784042,1.021778291463852,2.128440284729004,1.3582621395587922,0.508468034863472,0.8431609541177749,0.34619081765413284,0.24736253172159195,0.7452350467443466,0.6481285631656647,0.21246905103325844,0.551420795917511
62,1.6603050768375396,0.19990210682153703,1.6349985659122468,0.6192661345005035,0.31832950562238693,1.3356792390346528,0.6431024074554443,0.22059276849031448,0.6399835228919983,0.2718768730759621,0.1530994214117527,0.6350931704044342,0.13233649209141732,0.1825033485889435,0.29786511361598966
63,1.9880801022052765,0.2926328778266907,1.6306795179843903,1.1526261568069458,0.8733127981424331,3.4394278645515444,1.012365108728409,0.6016226023435592,1.1106135666370391,0.744121664762497,0.29633975476026536,1.184851497411728,0.15616020262241365,0.1572792075574398,0.8647475361824035
64,1.011356121301651,0.048084075935184954,0.21726605147123337,0.1961294449865818,1.1965425968170167,0.8882415980100632,0.5128498852252961,0.17429879009723664,0.3435142934322357,0.2469551630318165,0.0374630581587553,0.2551052153110504,0.14853211343288422,0.09383515045046806,0.2552153214812279
65,2.3487988471984864,0.5042465806007386,1.6093095004558564,1.3037471175193787,1.6087003767490387,1.6167429745197297,1.5969850540161132,1.0203654646873475,1.107423722743988,0.7102508872747422,0.29381088316440584,0.8519044339656829,0.9128350853919983,0.5358645349740982,0.8865376800298691
66,2.527960479259491,0.2991947442293167,2.71023143529892,1.1237629652023315,1.3547038555145263,1.0788716614246368,1.2153585612773896,0.7560772895812988,1.6266229569911956,0.5817635953426361,0.31784924417734145,0.5574601590633392,0.04276172015815973,0.11744796819984912,0.45292211025953294
67,1.9321406006813049,0.6768749594688416,1.4349318623542786,2.5927871823310853,0.4888678535819054,1.3286523044109344,1.2547903954982758,0.5516962140798569,1.1172649562358856,0.7586739391088486,0.5493416845798492,0.6572315901517868,0.36079530119895936,0.5388845175504684,0.5834364265203476
68,3.6408655881881713,0.6924952507019043,2.357354152202606,3.970388674736023,0.28697551786899567,1.16234530210495,1.1255825519561768,0.707572478055954,1.3278050363063811,0.541968920826912,0.6145433455705642,1.0342540740966797,0.20764650851488115,0.23024384006857873,0.7519619852304459
69,3.380242884159088,0.4005108654499054,2.4754145860672,5.485611772537231,0.6842161625623703,1.543596577644348,2.064805233478546,0.4251115083694458,1.3733892619609833,0.6692488133907318,0.8080063551664353,0.9561623424291611,0.42433971017599104,0.39951215237379073,0.838319206237793
70,3.994158983230591,0.5152681797742844,3.8178336143493654,4.228643298149109,1.1994364202022552,1.7688179314136505,1.8403396010398865,1.3030315577983855,1.7539001047611236,0.7594253063201905,0.6548594892024994,1.2085962533950805,0.2935209169983864,0.24995752573013305,1.4748479902744294
71,3.0221696376800535,0.4441110596060753,3.667367160320282,2.3479997634887697,0.37360317409038546,1.2545212388038636,1.5661925554275513,0.47831684052944184,1.4175945162773131,1.0350096881389619,0.6124068886041641,1.3538976609706879,0.025808247644454243,0.25891020596027375,1.1312122583389284
72,3.983877646923065,0.5695995032787323,4.596635532379151,2.2627312302589417,0.5194386631250382,1.8672416269779206,1.702800887823105,1.5566717982292175,1.7583717584609986,1.4353932857513427,0.6777040243148804,1.4453775584697723,0.2112935960292816,0.44732235968112943,1.2781469583511353
73,3.157710003852844,0.8806764513254166,7.2104923009872435,2.0346983313560485,0.42438178658485415,1.895210474729538,1.9496135890483857,0.6994777709245682,2.0492598176002503,0.7434225052595138,0.8545681476593018,1.6668836772441864,0.058047404140233995,0.3233487233519554,1.355374276638031
74,1.915942269563675,0.12304124608635902,0.4203736588358879,0.21134936586022376,0.21617082878947258,0.3530068457126617,0.7797724694013596,0.29558308869600297,0.38031266927719115,0.41693120896816255,0.5107311129570007,0.5846509218215943,0.06350958421826362,0.04687052723020316,0.26269294768571855
75,1.578421401977539,0.012432024348527193,0.04866485595703125,0.019559840112924574,0.09340331442654133,0.1279802516102791,0.061200502514839175,0.07064970135688782,0.044278989732265475,0.2254046842455864,0.010326919378712773,0.22103816047310829,0.1862867131829262,0.059238130785524847,0.12562113925814627
76,0.20885990262031556,0.012499432219192386,0.06866450123488903,0.05703482981771231,0.3336831361055374,0.15463972836732864,0.5471706002950668,0.031541085056960586,0.24885988757014274,0.04494904056191444,0.032693871296942234,0.020262358523905278,0.002417525765486062,0.007108568795956671,0.09693884775042534
77,3.1866493582725526,0.12796522453427314,0.331829859316349,0.1147118505090475,0.8192314982414246,0.34627391397953033,0.6155014336109161,0.19802094623446465,0.5792709171772004,0.5331357300281525,0.11801504045724868,0.4700564056634903,0.3210488259792328,0.15049878507852554,0.3136592537164688
78,1.9534607350826263,0.3808265939354897,0.14057608246803283,0.3048982068896294,0.22845824733376502,0.04225730299949646,0.7532474935054779,0.2742180749773979,0.49770552217960357,0.1915225401520729,0.04225266762077808,0.5912363678216934,1.7405436098575593,0.5418346017599106,0.19972947761416437
79,3.5410843968391417,0.6203699350357056,0.6395550906658173,0.5901445388793946,0.49139358550310136,0.725217866897583,1.9018442928791046,0.3806127458810806,0.7743265330791473,0.3440785899758339,0.13357875421643256,1.2627580225467683,2.9316174268722532,0.7455429702997207,1.0159285068511963
80,2.5043285727500915,0.5894859820604325,1.26878861784935,0.8860052824020386,1.3203457772731781,3.4051889777183533,1.422245317697525,0.7721287101507187,1.0853435397148132,1.0618187963962555,0.6101976364850998,1.109726792573929,0.15198670476675033,0.28518216609954833,1.2174668669700623
81,1.7790510296821593,0.5828020483255386,2.078834903240204,0.8505958914756775,0.4567291036248207,2.2637537717819214,1.096670961380005,0.2858786165714264,1.2321146070957183,0.6476779729127884,0.3240203961730003,0.9948889911174774,0.21710635498166084,0.2072485290467739,0.719217523932457
82,2.5263581037521363,0.39799870550632477,0.8342793792486191,0.5590023577213288,0.44243207275867463,1.0136542439460754,0.8994880616664886,1.1861119508743285,0.6801236808300019,0.34686814397573473,0.10721296295523644,0.397473107278347,0.07087970338761806,0.15423629507422448,0.5094816446304321
83,2.7150121450424196,0.5279498219490051,1.2747497022151948,0.4547206416726112,0.683897215127945,0.8551326751708984,1.3229803383350371,1.0787161886692047,1.2468287765979766,0.46383906751871107,0.33448682725429535,0.6348616242408752,0.4313241451978683,0.1382206052541733,0.6280753314495087
84,2.0130544781684874,0.08862792029976845,0.49542616158723835,0.2210169993340969,1.204248857498169,0.6779403448104858,0.829665195941925,0.21069857850670815,0.9431229889392853,0.43281848877668383,0.16060657426714897,0.18651987314224244,0.0787786863744259,0.07256284356117249,0.39630548655986786
85,2.264857089519501,0.4247442245483398,1.668066567182541,0.9791869759559632,0.7110587120056152,0.6647885650396347,0.7446543365716934,0.47611634731292723,0.7012359201908112,0.3269061490893364,0.33802491426467896,0.7977423936128616,0.39410867244005204,0.4247279614210129,0.7303702116012574
86,3.247954821586609,0.5434096932411194,2.2784990072250366,3.3038182497024535,0.5947327673435211,1.5197470247745515,2.0499741315841673,0.9592272430658341,2.1737943410873415,0.6989714801311493,0.589684396982193,0.9209703147411347,0.365951769053936,0.2445911794900894,1.2579821467399597
87,3.3635503172874452,0.2802299439907074,2.9328707814216615,4.711183309555054,0.6112064868211746,1.1716104865074157,1.0640598237514496,0.343581448495388,1.2732521712779998,0.5473744869232178,0.6600970208644867,0.9163451552391052,0.12562485933303832,0.2180865526199341,0.8482985347509384
88,2.0512378454208373,0.542015540599823,1.473066473007202,3.716602313518524,0.21007796749472618,0.8809458822011947,0.7665483891963959,0.45832484811544416,1.1499916434288024,0.34290235191583635,0.30806308090686796,1.2868340909481049,0.04220006000250578,0.0646349187940359,0.6699544668197632
89,1.4222937285900117,0.3345376342535019,1.6143112361431122,1.9553403973579406,0.16232232004404068,0.531700125336647,0.5681549876928329,0.4408768802881241,0.682502555847168,0.3137697383761406,0.33996018916368487,0.4173575386404991,0.32165883034467696,0.2621145203709602,0.5772399127483367
90,2.2349125027656553,0.39986007660627365,3.433408999443054,1.018870198726654,0.3350394442677498,0.6740748107433319,0.9569406688213349,0.41877761036157607,0.9375112622976303,0.22112089097499849,0.5699205100536346,0.6448103815317154,0.024672183953225613,0.13263368457555771,0.7057298421859741
91,0.5109612137079239,0.04519358593970537,0.3429120793938637,0.19272566363215446,0.1548179492354393,0.31943614035844803,0.5159523397684097,0.034462252818048,0.2699046120047569,0.086896613240242,0.2333953097462654,0.4460215389728546,0.018165008630603555,0.10165344774723054,0.43438066691160204
92,3.609752368927002,0.5141365617513657,4.045132255554199,1.6137948870658874,0.30652824938297274,1.041485571861267,1.588444173336029,0.5660306334495544,1.1273805677890778,0.5261412501335144,0.45477658063173293,0.8121765613555908,0.028147807624191046,0.24737610444426536,0.9988624751567841
93,1.2821422815322876,0.05093705542385578,0.35707468539476395,0.22858449071645737,0.08547317311167717,0.15596579611301423,0.09033472016453743,0.07348327599465847,0.12700024023652076,0.09175447449088096,0.4898090183734894,0.25215940177440643,0.03377958629280329,0.006625130982138217,0.0292518837377429
94,0.568808963894844,0.06472735106945038,0.09527950882911682,0.10779868103563786,0.14709998443722724,0.01184208942577243,0.14854300394654274,0.11482748836278915,0.03689549472182989,0.022980473376810553,0.058269571512937546,0.10792916417121887,0.3347454831004143,0.030209767632186413,0.1854277692735195
95,1.9949802339076996,0.43603771179914474,0.6014279901981354,0.18871687203645707,1.072053211927414,1.3247656285762788,1.6012124001979828,0.3062323436141014,0.7992426097393036,0.7249858498573303,0.15961944535374642,0.7317189514636994,0.7806016266345978,0.15513121858239173,0.5563635766506195
96,2.6352409958839416,0.29429008811712265,0.07545148059725762,0.20572054758667946,0.39944432526826856,0.12262434288859368,0.8259753435850143,0.2134885646402836,0.4284486249089241,0.0920986320823431,0.24435801059007645,0.9055604249238968,1.758865076303482,0.2968389630317688,0.29902182072401046
97,2.6027275681495667,0.07997066751122475,0.34219286888837813,0.0670650664716959,0.1924599550664425,0.18058743104338645,0.42986005544662476,0.09328509420156479,0.2598975583910942,0.2915337890386582,0.025339606031775475,0.556682425737381,1.6795390129089356,0.32400234788656235,0.24835002422332764
98,1.314612376689911,0.32081118375062945,0.7022081702947617,0.29485796093940736,0.330040830373764,0.8225605726242066,0.3867810681462288,0.135948333889246,0.5633881658315659,0.16027129590511321,0.22228321731090547,0.680326572060585,1.4414004683494568,0.15837250128388405,0.38377404510974883
99,1.9653551518917083,0.4006494328379631,1.4190303981304169,0.5764918565750122,0.7362039297819137,2.257564902305603,1.4771277189254761,0.3777538925409317,0.7823234647512436,0.29860061407089233,0.2851728409528732,0.9450242400169373,0.5718948394060135,0.20452007949352263,0.9552403628826142
100,3.086827051639557,0.4689444720745087,2.1507047772407533,1.2377708315849305,0.5195638775825501,2.729573130607605,1.3350173354148864,1.3318867623805999,1.794251263141632,0.540614691376686,0.3923651561141014,1.2740981340408326,0.3813282698392868,0.15162608548998832,1.2924268960952758
101,0.9700548976659775,0.09885921701788902,0.8692689448595047,1.1804498374462127,0.5921690672636032,1.31292125582695,0.7206970185041428,0.6728443264961242,0.9131165713071823,0.34307480305433274,0.14955877661705017,0.49917431175708776,0.5256695687770844,0.18704096898436545,0.44369303733110427
102,5.4901038885116575,1.0819035053253174,2.9509044647216798,3.079188084602356,0.9698413640260697,1.8281043767929077,3.234476637840271,0.8161205470561981,3.2963499665260314,1.3483326315879822,0.7106949806213378,2.0267632842063903,0.8771694839000702,0.46583128720521927,1.4995783567428589
103,2.9232895970344543,0.719172814488411,0.991745126247406,0.6629434138536453,1.8507790863513947,1.3376700043678285,1.669842153787613,0.8681335866451263,1.2078922748565675,0.704530319571495,0.30333576649427413,1.3820614993572236,0.07824058085680008,0.0586590139195323,0.7256013065576553
104,2.9451589703559877,0.2936999976634979,1.4077648282051087,1.2311143040657044,0.6813824743032456,1.139983993768692,1.707652634382248,1.3450279533863068,1.3348912119865417,0.450348362326622,0.29364041388034823,0.5285329431295395,0.9489360749721527,0.23255408480763434,0.45073139667510986
105,4.079521560668946,0.35777285844087603,2.8529243946075438,4.0603663444519045,0.4862256467342377,1.4744138300418854,2.2087864518165587,0.9219987839460373,2.344612491130829,0.8685870289802551,0.9699526846408845,1.2383038222789764,0.0574895940721035,0.1982186906039715,1.361947363615036
106,3.0310173511505125,0.45914620608091355,2.0773338079452515,3.698674273490906,0.502703920006752,1.0343068718910218,1.6314692795276642,1.134192568063736,1.510030096769333,0.41483974903821946,0.9047930121421814,0.8738271296024323,0.02687635160982609,0.15653309747576713,1.232381933927536
107,3.8002920389175414,0.7139488250017166,3.6792601227760313,5.068144035339356,0.43187739700078964,1.524445152282715,1.9956482470035553,0.8455164134502411,1.7058044791221618,0.8511033982038498,0.9338805377483368,0.8901082962751389,0.048329802602529524,0.30670091658830645,1.2844356656074525
108,3.950268030166626,0.5845924973487854,4.165574908256531,2.7860066175460814,0.3281427532434464,1.4954726159572602,2.0672110080718995,0.8983650743961334,2.113633060455322,1.0305208325386048,0.4017558217048645,1.6732215106487274,0.10858138538897037,0.3402317389845848,1.3226820170879363
109,2.544934797286987,0.7773148268461227,3.8916932106018067,2.456335413455963,0.4613117203116417,1.2124788522720338,1.4697168827056886,0.8483795166015625,2.0285019755363463,0.8080786734819412,0.4616595610976219,1.335683536529541,0.07240843027830124,0.33397219479084017,1.0948885083198547
110,2.643009531497955,0.9778320670127869,5.545643401145935,2.3604843616485596,0.5320408433675766,1.4347853481769561,2.1247285842895507,0.9065089523792267,1.7361440241336823,1.5281464278697967,0.7829703509807586,1.4154033839702607,0.2745930090546608,0.5033743679523468,1.2034986972808839
111,1.611107635498047,0.19242646247148515,2.5340067982673644,0.8067296624183655,0.34321866631507875,0.7248504489660264,1.1386060059070586,0.3109687343239784,1.316650825738907,0.4389430433511734,0.4448511391878128,0.588601142168045,0.07220396883785725,0.2949826180934906,0.5222715675830841
112,3.7009495854377747,1.3957561194896697,0.9668844401836395,0.9423581391572953,0.22206005081534386,0.8647547930479049,0.7652880847454071,0.37581885010004046,0.6463377177715302,0.5221834272146225,0.2265114612877369,0.6344398766756058,0.24774131625890733,0.387699693441391,0.5730365455150604
113,0.9310116529464721,0.34488704800605774,0.24381893873214722,0.10359771810472011,0.2854365274310112,0.30974784344434736,0.49343801736831666,0.6027952462434769,0.47193827480077744,0.09474198594689369,0.1572615310549736,0.19503743648529054,0.004927264642901719,0.05844711307436228,0.11053780652582645
114,3.7711069226264953,0.08396515808999538,0.23901998698711396,0.2687066331505775,0.3928805649280548,0.3053291365504265,0.4846206456422806,0.4117837116122246,0.6290924429893494,0.3780579581856728,0.08069174885749818,0.4044140338897705,1.351329779624939,0.29776337295770644,0.27267847806215284
115,1.2535869657993317,0.21876349970698356,0.07196560837328433,0.32269595861434935,0.2534613266587257,0.18993358090519905,0.5491510719060898,0.2544549286365509,0.3340612784028053,0.22886694371700286,0.015089931851252913,0.3877237632870674,2.0606661081314086,0.12902121767401695,0.23182208985090255
116,1.0734126806259154,0.6035894960165024,0.5585512340068817,0.7715883880853653,0.3328942656517029,1.6801581740379334,0.6126628547906876,0.25783607810735704,0.6057199478149414,0.26768875271081927,0.17953573018312455,0.6758582651615143,0.7607042193412781,0.16164677813649178,0.5371464341878891
117,2.3560075759887695,0.4359225407242775,2.196521890163422,2.0800599098205566,0.8458238869905472,3.414747929573059,1.4827751338481903,0.43334873765707016,1.1971796035766602,0.7320221424102783,0.22541212067008018,1.3209972441196443,0.7104699462652206,0.19146242290735244,1.2794302165508271
118,2.7301446318626406,0.31867397427558897,2.260205161571503,1.8146201550960541,0.7580880701541901,3.4311138510704042,1.3431167662143708,0.620012816786766,1.0108712196350098,0.7954914480447769,0.39142614901065825,1.0902166724205018,0.11206523515284061,0.19209585562348366,1.126310157775879
119,2.3915131449699403,0.44925388097763064,2.180273914337158,1.2841072976589203,0.4140742510557175,2.4038894295692446,0.9433926582336426,0.2900598645210266,1.1028564155101777,0.7209790915250778,0.4659301593899727,1.0923846125602723,0.17536839470267296,0.14337675273418427,0.6118489563465118
120,2.076660418510437,0.2839611977338791,0.4194758996367455,0.5832522600889206,1.0317342936992646,0.9483291059732437,0.8525762438774109,0.643166771531105,1.0574365735054017,0.5936665713787079,0.4170267701148987,0.7190130800008774,1.2090185761451722,0.14984219148755074,0.2830999165773392
121,2.397152066230774,0.4148125395178795,1.400777131319046,1.147129189968109,1.5893865644931793,1.7365895986557007,1.8575074672698975,2.002441918849945,1.4204343497753142,0.7432337135076523,0.6176038146018982,1.401323425769806,0.3824909433722496,0.18436153829097748,0.7960390746593475
122,3.6458495259284973,0.5171234428882598,2.83496640920639,3.361690270900726,1.4980333685874938,1.5150848746299743,2.240963709354401,0.47074939459562304,2.0111051321029665,0.8883498579263688,1.0152926802635194,0.8242500513792038,0.10634416826069355,0.30267170518636705,1.03623508810997
123,3.239327883720398,0.3198516294360161,1.1317097067832946,3.175906002521515,0.36171874701976775,0.7164315700531005,1.4182863891124726,0.5560236960649491,0.6160103350877761,0.34247940480709077,0.5009992867708206,0.7295907974243164,0.2618759125471115,0.23770068734884262,0.42978423535823823
124,2.6120747566223144,0.2011198155581951,1.2374145269393921,2.3692908883094788,0.48208469450473784,0.8288244783878327,0.6643106639385223,0.5562380403280258,1.1728799641132355,0.5815871149301529,0.1237823124974966,0.9489024132490158,0.4145861953496933,0.2632909774780273,0.5814859628677368
125,3.073117566108704,0.4786273404955864,4.72033965587616,3.0235056281089783,0.7766453117132187,1.6042785823345185,1.6201338946819306,0.49973184168338775,1.8098369359970092,0.7067862391471863,0.8222571015357971,0.8094100087881089,0.22793602496385573,0.3941724061965942,0.8612807422876358
126,1.4108946323394775,0.4933254882693291,1.695676290988922,1.165820562839508,0.20802061781287193,0.45818018019199375,0.7002445995807648,0.3797257155179977,1.0130238234996796,0.5680817782878875,0.11408565044403077,0.6048065334558487,0.18468925282359122,0.20678427889943124,0.40910459458827975
127,2.73408762216568,0.566442796587944,2.3425797820091248,1.038619041442871,0.7428507387638092,1.0929174304008484,1.471224981546402,1.0033207714557648,1.175277328491211,0.7593235909938812,0.4105319187045097,1.092543375492096,0.019981688261032107,0.2854087695479393,0.9071102857589721
128,4.47305953502655,0.7048042714595795,3.708002245426178,2.44035609960556,0.2743065759539604,1.411232590675354,2.239774560928345,0.6013900846242904,1.542234367132187,1.0071052014827728,0.5661961734294891,1.6140551030635835,0.11902226991951466,0.39253504425287244,1.587198829650879
129,2.3127070307731628,0.24949700832366944,2.4134527325630186,1.2987396359443664,0.3577811598777771,0.8727265208959579,1.3412643194198608,0.25410770773887636,1.318653589487076,0.5904786765575409,0.8945507526397705,0.574556028842926,0.0345343429595232,0.09389069303870201,0.5819567143917084
130,0.030865192227065564,0.10251098349690438,0.06593374274671078,0.007833472592756152,0.014037934970110655,0.06758139282464981,0.06437525674700736,0.020180786866694687,0.03746757209300995,0.008321433374658228,0.010155231412500142,0.04484880827367306,0.0004570779332425445,0.08362013697624207,0.011537240957841277
131,0.2150565505027771,0.005254066875204444,0.020334191154688597,0.03629459999501705,0.02907989462837577,0.11191706359386444,0.5019377768039703,0.01290824362076819,0.16292734667658806,0.006155895628035068,0.015844880882650614,0.04944673143327236,0.01664949506521225,0.0009368303435621783,0.06086620558053255
132,2.132864034175873,0.15497242361307145,0.8217544257640839,0.3936812952160835,0.32299181520938874,0.5543493121862412,1.2127730131149292,0.5161359190940857,1.5323241233825684,0.6292912036180496,0.2537949874997139,0.6057823061943054,0.4536413237452507,0.22714511677622795,0.4410048946738243
133,2.5420649886131286,0.1696605883538723,0.4906823858618736,0.39046531468629836,0.42843540459871293,0.5800655514001847,1.6967328011989593,0.2639134854078293,1.471996933221817,0.5696826606988907,0.1407315328717232,0.7457413226366043,1.6980454981327058,0.46485208719968796,0.5996828615665436
134,1.3373380243778228,0.3528800800442696,0.44916299134492876,0.6791559129953384,0.4573056727647781,0.377839170396328,1.0045628368854522,0.6561795979738235,0.39064268916845324,0.28831642866134644,0.07094395346939564,1.0204747915267944,4.366934418678284,0.37010717391967773,0.6854756355285645
135,2.381169557571411,0.13108067885041236,0.5815513998270034,0.462590192258358,0.43124355673789977,1.4024234414100647,1.0070757746696473,0.1767618738114834,0.5932379603385926,0.21903208792209625,0.17696199268102647,0.8509643614292145,0.9523705422878266,0.421948666870594,0.44244570136070255
136,3.649315130710602,0.7968074470758438,2.9654767990112303,2.03894579410553,1.0788363218307495,4.259873747825623,1.7900289356708527,1.3849403977394104,1.9086462259292603,0.9291335225105286,0.5061628252267838,1.2127885937690734,0.26411465704441073,0.5296491175889969,1.2435821056365968
137,1.8316689789295197,0.36349614560604093,1.1767042934894563,0.9002706944942475,0.7969809889793396,2.721952188014984,0.8167668551206588,0.5874277830123902,1.154306125640869,0.5078386217355728,0.23545494675636292,0.9045884430408477,0.18005271330475808,0.09287741892039776,0.6758560508489608
138,2.4763761281967165,0.3609058797359467,1.8347467720508575,1.196006965637207,0.823464971780777,1.6182399034500121,1.1204520285129547,0.3450724110007286,1.0025127172470092,0.6441771030426026,0.45928875654935836,0.6905501812696457,0.14188745617866516,0.2148110792040825,0.952455073595047
139,1.5237913250923156,0.30535714477300646,1.2440657377243043,0.2763749748468399,0.7630921930074692,0.8407642096281052,0.7654966056346894,0.9512533634901047,0.7027742475271225,0.11827130094170571,0.1260584034025669,0.1747570052742958,0.10968442671000958,0.06705941930413246,0.42678515762090685
140,1.3172953367233275,0.18628116473555564,1.0257255971431731,0.5879269510507583,1.1072810888290405,0.9455057978630066,0.9816749423742295,0.9067598074674607,0.8535389691591263,0.2558618143200874,0.20568746849894523,0.5570017009973526,0.22324194982647896,0.04452392011880875,0.7153107136487961
141,1.3072023689746857,0.0440984295681119,0.8181416481733322,0.9536866098642349,0.759234145283699,0.5520988702774048,0.8186955481767655,0.35126143842935564,0.5745988816022873,0.2173535220324993,0.08219665102660656,0.27534211724996566,0.004455804545432329,0.17998099252581595,0.3378052100539207
142,3.624490463733673,0.5054790556430817,1.6295491278171539,3.9366118907928467,0.5253562450408935,0.9395210891962051,1.2371040105819702,0.8695369869470596,1.4003002226352692,0.5198050528764725,0.4308076843619347,1.0590773224830627,0.16134612932801246,0.24438949897885323,0.9043367952108383
143,3.5327263832092286,0.4680309325456619,3.261195659637451,5.904991221427918,0.42360465228557587,1.3439861238002777,1.5561220943927765,0.568867227435112,1.543135416507721,0.8147591710090637,0.7084119975566864,1.1473817944526672,0.20830242559313775,0.15441002547740937,1.0577741801738738
144,5.415626668930054,0.595187884569168,4.959641408920288,4.330651426315308,0.5574051022529602,1.9002003729343415,2.1179659247398375,1.213937520980835,1.9304428040981292,1.4172138452529908,0.8751021087169647,1.1557284832000732,0.1405575715005398,0.32413272112607955,1.6306223332881928
145,5.319321250915527,0.9173377871513366,6.518949270248413,4.492158150672912,0.6430775076150894,2.049883222579956,2.8414172649383547,0.6408011555671692,2.7849552631378174,1.554524004459381,1.261609184741974,1.3689478039741516,0.2548755005002022,0.4150463089346886,2.177663791179657
146,2.5419118642807006,0.6858030945062638,2.801490080356598,1.6581281483173371,0.4679872527718544,0.7856988221406936,1.7661351025104524,0.6011152237653732,0.9140580803155899,0.6622749716043472,0.5869548052549363,0.319773530960083,0.03193855378776789,0.5057754844427109,0.5866658568382264
147,4.477498722076416,0.8717294871807099,4.402890419960022,2.273281967639923,0.43022704124450684,1.821522605419159,2.0244673609733583,0.8380984514951706,1.6129195988178253,0.9843990415334701,0.46566639095544815,1.2635734617710113,0.04126804955303669,0.3449485346674919,1.1270621597766877
148,0.8988239914178848,0.587526124715805,1.9211913168430328,0.6807160049676895,0.1813382960855961,0.3347918063402176,0.3186046615242958,0.22797578498721124,0.570032662153244,0.5291314899921418,0.0957926508039236,0.3144493207335472,0.032358300127089026,0.06868929229676723,0.40423664897680284
149,0.3429780438542366,0.043639751709997655,0.013127260003238916,0.007411389239132405,0.012876615766435862,0.0985592719167471,0.0138039018958807,0.008464315114542842,0.0399893244728446,0.032652102410793304,0.0019477341964375227,0.022671560104936362,0.00018492706876713783,0.0046090470161288975,0.03775447327643633
150,4.344451808929444,0.4551644414663315,0.2915690511465073,0.8202088057994843,0.18996716439723968,0.30508004277944567,0.6004426807165146,0.249208215624094,0.40507540553808213,0.5978447020053863,0.09615176469087601,0.3979190826416016,0.430836109817028,1.1577851712703706,0.38781134635210035
151,1.6534777522087096,0.12447409331798553,0.2742792144417763,0.11333338469266892,0.2894624635577202,0.074365234375,0.3389236658811569,0.16565623506903648,0.25685863345861437,0.19033680930733682,0.1206907443702221,0.2018193244934082,0.7867196440696717,0.3038421243429184,0.1741788014769554
152,2.025884485244751,0.08632474280893802,0.3525873780250549,0.11218192800879478,0.19731976017355918,0.20990051776170732,0.4552855953574181,0.4606316968798637,0.23703626543283463,0.17006116211414338,0.19129802137613297,0.520616140961647,1.6386000096797944,0.45926044732332233,0.40628009736537934
153,1.213618314266205,0.3447464406490326,0.516296660900116,0.657356783747673,0.2855715125799179,0.26661952435970304,1.1889960587024688,0.5755023092031479,0.5137334793806076,0.343892927467823,0.3685785084962845,1.0819852292537688,3.784779357910156,0.29385624527931214,0.6422092199325562
154,2.89562109708786,0.5577681809663773,1.8296501517295838,0.9376574635505677,1.1054852187633515,2.917501425743103,0.900361055135727,0.6640146702528,0.8689486652612687,0.6473675042390823,0.45061018168926237,1.847554349899292,1.2299022257328034,0.42882749289274213,0.9336638182401658
155,2.462909233570099,0.45589425414800644,2.147597372531891,1.8824739098548888,0.9144203901290894,2.691713047027588,1.8468147099018097,0.8410734742879867,1.9488428473472594,0.752397820353508,0.3682069808244705,0.9658014327287674,0.11527113467454911,0.1367582082748413,1.1940555453300477
156,1.4879369497299195,0.1365986667573452,0.9847548604011536,1.0855376243591308,0.7760025858879089,2.999007260799408,1.0457594037055968,0.24416723027825354,0.78978451192379,0.31265257596969603,0.21427231952548026,0.6725316941738129,0.032106520235538484,0.11617494821548462,0.6792661011219024
157,2.7304100155830384,0.19450872391462326,1.2849988877773284,0.8810559570789337,0.5122381061315536,0.9956382036209106,1.3398403167724608,1.819599974155426,1.3094107806682587,0.5294382780790329,0.18530022874474525,0.4718308761715889,0.14722400084137915,0.25201929211616514,0.5680350840091706
158,3.2086060881614684,0.2893355697393417,0.23045929968357087,0.4837823435664177,1.2490965485572816,0.7174522191286087,0.9086308389902115,0.2755668073892593,0.5306358933448792,0.2168418951332569,0.30339673161506653,0.6442842960357666,0.07365491837263108,0.07195555903017521,0.2879730507731438
159,3.3844735503196715,0.49505756944417956,2.0928040862083437,1.6725550055503846,1.3421784162521362,1.1837942898273468,1.9620470702648163,1.10511656999588,2.342687690258026,0.9600205659866333,0.4168940454721451,1.3424021303653717,0.021434589941054582,0.23422111123800277,1.383582103252411
160,3.4704851627349855,1.0927263736724853,2.6959826231002806,2.687562608718872,0.9745272397994995,1.4227301895618438,1.8140351593494415,1.1520962178707124,1.898719596862793,0.7746743798255921,0.5265688866376876,1.0085995733737945,0.18183326050639154,0.2624459534883499,0.740017157793045
161,2.532726550102234,0.3899808555841446,1.274768018722534,2.969886040687561,0.3872013047337532,0.8903101146221161,0.7105172425508499,0.29126831144094467,1.332725590467453,0.3461341455578804,0.5968094289302827,0.6219442695379257,0.034280577301979066,0.29323358088731766,0.8880797922611237
162,2.9737333178520204,0.25618189573287964,2.6525625348091126,3.0972992181777954,0.361842206120491,0.9417645871639252,1.0516784846782685,0.5728066891431809,0.9206533968448639,0.6913557857275009,0.5738488644361496,0.6914723247289658,0.18719553276896478,0.29373895823955537,0.7572484195232392
163,4.375244569778443,0.4663656041026115,4.007948923110962,3.6929629325866697,0.3703746870160103,1.8467363178730012,1.4964374482631684,1.0935563445091248,1.3335351586341857,0.906236219406128,0.5771463513374329,1.3113771438598634,0.034400188736617564,0.38701179474592207,1.1757645666599275
164,2.8325968384742737,0.15284949243068696,2.93709911108017,1.76948744058609,0.48850858211517334,1.127088612318039,0.5219063937664032,0.4077677264809608,1.2157766282558442,0.7436057180166245,0.44998291730880735,0.6115644812583924,0.031581638194620607,0.1903981737792492,0.4917968213558197
165,2.7336945652961733,0.6993585348129273,4.8009494066238405,1.9698261320590973,0.40360250025987626,1.4126230478286743,1.5570037722587586,0.643873131275177,1.7039969265460968,0.8153024852275849,0.5503236323595047,1.4878114402294158,0.025712636951357126,0.4028336346149445,1.8239909052848815
166,1.5452236235141754,0.5104654133319855,2.68094824552536,1.157035768032074,0.4618106484413147,0.5918845802545547,0.9216920405626298,0.6161244511604309,0.6213746875524521,0.7277182459831237,0.48885473161935805,0.4970685079693794,0.0530928498134017,0.12337590456008911,0.8511663258075715
167,2.4252196311950684,0.2187193363904953,3.8653106927871703,1.0006001889705658,0.21837103366851807,0.8050231367349625,1.3396294832229614,0.4365137815475464,1.357768952846527,0.5388697415590287,0.5052136451005935,0.623733326792717,0.016392112523317338,0.37536373585462574,0.7997138321399688
168,1.5140655517578125,0.6358558416366578,0.3703689515590668,0.22539903372526168,0.17683596909046173,0.2543727561831474,0.5672325044870377,0.09532077386975288,0.16805363222956657,0.49403494894504546,0.6540628939867019,0.5208085536956787,0.004154901066794991,0.055209077522158624,0.08492234051227569
169,3.985357701778412,0.5238274216651917,0.49763170927762984,0.21329905614256858,0.7121621519327164,0.4506536304950714,1.0119227468967438,0.8368991255760193,0.8810611665248871,0.8518384605646133,0.687209951877594,0.8550161421298981,0.7703843116760254,1.8562630712985992,0.41841484457254413
170,2.3344701290130616,0.12372417561709881,0.08685444630682468,0.18245446532964707,0.47101050019264223,0.08944429121911526,0.5816454619169236,0.12186038456857204,0.3903245747089386,0.29021247029304503,0.11937188468873501,0.2579361543059349,0.941562893986702,0.22272920608520508,0.17805831208825112
171,0.7652483761310578,0.07557710893452167,0.23766635954380036,0.01194569244980812,0.16725559458136557,0.10063185654580593,0.25151215940713884,0.1275290995836258,0.09793364517390728,0.2809567034244537,0.04275610595941544,0.2790916919708252,1.4072851836681366,0.04789730180054903,0.15698770359158515
172,0.7237109541893005,0.0791133563965559,0.06004432253539563,0.00888952794484794,0.028758321609348058,0.14908622577786446,0.33930649757385256,0.16879120618104934,0.09918470047414303,0.03853631354868412,0.02042717132717371,0.3837923139333725,1.0098106384277343,0.167861770093441,0.19504110813140868
173,1.5847873151302339,0.18645279258489608,0.6246482521295548,0.5620612651109695,0.48724476248025894,1.7095479726791383,0.5286767482757568,0.16714591681957244,0.7637869656085968,0.5444523185491562,0.16417306363582612,0.6043489396572113,0.45103196501731874,0.12982578575611115,0.8065095782279968
174,1.1004790484905242,0.19410080015659334,0.7736871749162674,0.6682898938655853,1.036917859315872,1.544437736272812,0.7003775626420975,0.201549731194973,0.597329193353653,0.20743565857410431,0.13350641205906869,0.40048615336418153,0.057362391427159314,0.15186398178339006,0.4939543351531029
175,2.2904064893722533,0.13804416209459305,1.0397055387496947,0.4262360602617264,0.31366024613380433,1.2752617120742797,0.6056182980537415,0.33283646404743195,0.6026986718177796,0.31899754852056506,0.12169293835759162,0.35401633828878404,0.03443254940211773,0.07346508987247945,0.5417762488126755
176,0.8255623340606689,0.08013185299932957,0.24446131736040116,0.09850218370556832,0.2441552571952343,0.4215517550706863,0.39284284561872485,1.1891496658325196,0.33150018453598024,0.1953069157898426,0.18805332183837892,0.23707311004400253,0.02848906209692359,0.005065195099450648,0.3054787218570709
177,0.795687559247017,0.059331067651510236,0.601878222823143,0.043902025930583476,0.7213844180107116,0.38217083364725113,0.5671171545982361,0.13031766563653946,0.21625135838985443,0.30666234642267226,0.18651560693979263,0.13122807145118714,0.015009854827076197,0.040581210143864156,0.13165344223380088
178,1.2086760342121123,0.03247380461543799,0.7273398011922836,0.34806835651397705,0.39399812519550326,0.2817933186888695,0.5202664762735367,0.17754349634051322,1.0400618374347688,0.48089779317379,0.14952991381287575,0.18585289195179938,0.09644379690289498,0.10086073540151119,0.26195368319749834
179,1.251259797811508,0.1102176208049059,0.7686626225709915,1.1700635492801665,0.33174634873867037,0.946881839632988,1.0229274451732635,0.25819325298070905,1.1871154367923737,0.36194502711296084,0.3363529026508331,0.44404540956020355,0.007569989468902349,0.21812343075871468,0.3337244525551796
180,2.062923789024353,0.1955135755240917,1.4453674137592316,2.7223689198493957,0.1788217045366764,0.7332029789686203,0.540295273065567,0.29576263278722764,0.6768161147832871,0.2556445151567459,0.4372859507799149,0.6160072267055512,0.04599646255373955,0.12892395853996277,0.5225655853748321
181,2.120591640472412,0.29378388077020645,0.8538419842720032,1.7813034296035768,0.266014052927494,0.6067710965871811,0.6175339341163635,0.27659543603658676,0.6130161881446838,0.36299378126859666,0.4394462242722511,0.36844967752695085,0.003345523029565811,0.12863047868013383,0.49811880439519884
182,1.0353864312171936,0.19153920337557792,1.7702326118946075,0.6623310595750809,0.257868655025959,0.7052030891180039,0.6208501309156418,0.17135976403951644,0.3982527434825897,0.25324647724628446,0.09733829312026501,0.2921979442238808,0.02320612035691738,0.039749875850975516,0.2953766375780106
183,1.2908694207668305,0.1734053060412407,1.8752275347709655,1.0521291136741637,0.2060176931321621,0.9325605243444443,0.703319576382637,0.30025139153003694,1.0064039409160614,0.6933305919170379,0.2691026970744133,0.40556488633155824,0.05749355647712946,0.0955105572938919,0.4660300388932228
184,1.5670903027057648,0.13782894164323806,1.3375786304473878,0.5894830584526062,0.22525513097643854,0.3276776820421219,1.6897963523864745,0.5639407843351364,0.7460133135318756,0.21446649879217147,0.4215686321258545,0.5731253236532211,0.00938187250867486,0.07025063000619411,0.4627375900745392
185,0.8711777865886688,0.1059228677302599,1.554925936460495,0.22023331224918366,0.04933303873986006,0.20357282161712648,0.3539305955171585,0.06084121130406857,0.4238491222262383,0.17250089719891548,0.06512357965111733,0.2723701253533363,0.012007193174213171,0.06138296760618687,0.24843311905860901
186,0.10064345002174378,0.0019221926806494594,0.015420311829075217,0.25506325364112853,0.01548284343443811,0.07209614738821983,0.04008051808923483,0.010015121893957257,0.0067612008890137075,0.09728877209126949,0.141837926954031,0.008947810158133507,0.00019523747832863594,0.0004951828886987641,0.057205358147621156
187,0.7152849107980728,0.028451902139931918,0.026414131093770266,0.1030858363956213,0.028968345560133456,0.07798755764961243,0.11357436329126358,0.018854395672678947,0.12334035709500313,0.12736745476722716,0.021431568264961242,0.09457389488816262,0.04021952729672194,0.08629486858844757,0.01603255057707429
188,1.1808525919914246,0.07191003374755382,0.2944363862276077,0.033726326562464236,0.1545567400753498,0.18371139243245124,0.2317894071340561,0.04707401655614376,0.38787575364112853,0.2426182396709919,0.026531684398651122,0.2952989101409912,0.054825525544583795,1.4550839126110078,0.47435948848724363
