,B,CAF,Endo,Macro,Mal,NK,T
7x15,2.3536581158638,0.31714368909597396,0.43318756073713305,1.135498398542404,13.753295278549194,0.123074147477746,1.1621650159358978
7x16,0.04170178659260273,0.2780210435390472,0.1683235540986061,0.8483132719993591,4.193465685844421,0.23827407211065293,0.8375174641609192
7x17,2.044310474395752,0.44732012003660204,0.09571359790861607,0.3216166257858276,3.9905898332595826,0.02179186474531889,0.23308128491044044
7x18,2.1908928394317626,0.08741664849221706,0.06725773699581623,0.214125294983387,6.576322555541992,0.011207183776423336,0.3015400156378746
8x13,1.4818717420101166,0.29235315322875977,0.07799827829003333,0.3715727895498276,2.9537651419639586,0.08752445876598358,0.33613223731517794
8x14,3.106369984149933,2.0072106957435607,0.7888550817966461,9.378418111801148,14.775822591781616,0.7383389204740525,5.5536048412323
8x15,0.19354652762413024,1.997938323020935,0.7633708655834198,9.024757623672485,29.169193935394286,0.5874245285987854,3.7578548192977905
8x16,0.3253375947475433,0.24859075099229813,0.16263024434447287,0.3669522061944008,4.951245450973511,0.0361644696444273,0.31281386464834215
8x17,32.08950366973877,3.06234370470047,0.9185086518526078,3.617391562461853,1.5479339480400085,0.7547121524810791,8.249108266830444
8x18,1.4806917786598206,0.7930266052484513,0.12900414690375328,0.5065118610858917,4.2480748176574705,0.09100057184696198,0.4728147625923157
8x19,1.3905959367752074,0.12006049863994121,0.06092893239110708,0.05066831540316344,5.345289969444275,0.01801344659179449,0.07707879431545735
9x13,4.872581744194031,1.5477480471134186,0.6232050061225891,2.4833070278167724,4.6402408361434935,0.6500481247901917,4.98780369758606
9x14,13.43661961555481,5.832937216758728,2.4002387523651123,13.926316690444946,16.34979419708252,2.3629080057144165,15.826732730865478
9x15,17.31180429458618,2.0141783714294434,0.9949059009552002,9.661807966232299,30.472225761413576,1.3257870614528655,10.106744480133056
9x16,0.24298684000968934,0.8240671396255493,1.288515418767929,5.928923487663269,19.20234203338623,0.7266719996929168,4.026253700256348
9x17,9.748771286010742,1.1889697909355164,0.8555648356676102,0.9790745615959168,0.8937265753746033,0.14881571978330613,2.848696768283844
9x18,1.3435691714286804,1.5618232190608978,0.9553428947925567,0.9962954014539719,6.350954842567444,0.1203315544873476,1.1012878715991974
10x13,2.6564652800559996,0.7878591448068619,0.669875505566597,1.6206180572509765,5.496171760559082,0.19638019800186157,1.6656581699848174
10x15,1.0705571174621582,1.8219174325466156,0.7070076048374176,2.8601419806480406,20.05889892578125,0.20479942858219147,1.526017564535141
10x16,4.325184965133667,2.2246791243553163,0.5198232501745224,3.8601998567581175,4.324185228347778,0.8066693156957626,3.5783887028694155
10x17,3.265760135650635,1.9094390094280242,0.3518567129969597,2.121968615055084,3.7328494071960447,0.22861575111746787,1.5371930539608
10x18,0.6704032599925995,2.2071757555007934,0.18461829274892808,1.0043374121189117,3.0148332715034485,0.03688039965927601,0.4823543533682823
11x12,2.192462515830994,0.4112765610218048,0.13222527652978897,0.5255432277917862,2.350074315071106,0.04358487501740456,0.8326461642980576
11x13,30.263029766082763,3.3230937123298645,1.2955043375492097,3.8881531953811646,14.515244245529175,0.840120130777359,9.310407829284667
11x14,0.6741871297359466,0.9224986523389817,0.37122485041618347,2.235739827156067,49.84519863128662,0.21340318620204926,1.3768202781677246
11x15,0.920070168375969,0.5308951556682586,0.42533840537071227,1.4319611191749573,55.16522731781006,0.14400267377495765,0.8532205402851105
11x16,2.7158299803733827,1.505157619714737,0.5982714504003525,1.72905735373497,17.975367546081543,0.24081811606884002,1.608439064025879
11x17,3.017494225502014,2.7125420570373535,0.45878861993551256,1.959113222360611,7.180028891563415,0.36235655248165133,2.0140684485435485
12x12,1.9110746800899505,0.5676928877830505,0.30850215554237365,0.9883608162403107,12.274072313308716,0.09421746022999286,0.7872708022594452
12x13,2.9942896366119385,0.46374436765909194,0.636740317940712,1.2573818027973176,25.54896287918091,0.07413964681327342,0.8781900912523269
12x14,2.4234714031219484,0.280419810116291,0.7967182189226151,1.3167917430400848,39.2608549118042,0.11173153892159463,0.8350077271461487
12x15,5.017973804473877,0.8331402391195297,1.0853333652019501,1.7082072734832763,37.584798431396486,0.22301768735051156,2.1742697834968565
12x16,13.651275730133056,4.264540886878967,1.8146931886672975,19.37770872116089,13.473350715637206,2.6410120010375975,16.101992702484132
12x17,4.882028079032898,3.022867476940155,1.100660651922226,3.008591318130493,3.5809825539588926,0.5882069438695907,2.2195059299468993
13x11,0.07507369257509708,0.20030181854963303,0.23569728434085846,0.6598493009805679,7.526968860626221,0.03347075395286083,0.13282970637083052
13x12,0.015364700229838492,0.09431876502931118,0.1628865644335747,0.01732101123780012,28.38909168243408,0.0031593433232046664,0.005249664862640202
13x13,0.032589104399085043,0.06472593620419502,0.14108659625053405,0.08785923793911934,42.20596771240234,0.016089984122663735,0.030620950087904934
13x14,5.199941396713257,1.4024917364120484,0.28585523217916486,3.937692165374756,23.707906436920165,0.24805616736412048,2.0889343500137327
13x15,0.23057016730308533,0.33678778558969497,0.29830818325281144,0.5541001826524734,33.57497386932373,0.056665480323135856,0.35717364996671674
13x16,0.36809243708848954,1.99586523771286,1.2715207397937776,7.706713533401489,37.635879325866696,0.8527710467576981,4.516011452674865
13x17,1.0973040223121644,1.9778707325458527,0.5082132667303085,1.1262593746185303,3.9034286379814147,0.1619843527674675,2.1259496450424193
13x18,0.5527337580919266,0.9831681817770004,0.12925973087549208,0.891949039697647,3.206514608860016,0.07245715074241162,0.46877516657114027
14x7,0.004972179653123021,0.04539840631186962,0.23703918531537058,0.02393351634964347,31.304440784454346,0.002158314676489681,0.0037161865155212583
14x8,0.012852338515222073,0.13641320168972015,0.14470598846673965,0.16507387459278106,39.7331579208374,0.013381660357117653,0.04175335299223661
14x9,1.5381459653377534,2.0755982995033264,0.24297861978411675,2.179584062099457,8.204108333587646,0.3391087517142296,1.6614820957183838
14x10,0.004812972596846521,0.1583840824663639,0.057184301875531675,0.129847464710474,28.410174655914307,0.006289619067683816,0.010909509565681218
14x11,0.018726115114986897,0.05705717541277409,0.21174171939492226,0.05385478343814611,20.149449253082274,0.009507382428273559,0.01125535937026143
14x12,0.051737334206700326,0.06062202900648117,0.08744572512805462,0.009021124895662069,38.37974262237549,0.003313784149941057,0.007451850059442222
14x13,1.4470413029193878,0.15413893908262252,0.09990484975278377,0.8622476607561111,16.47293519973755,0.05397484134882689,0.4814958229660988
14x14,0.8881954312324524,1.520233255624771,0.818520724773407,3.963627564907074,28.644108486175536,0.235588176548481,1.4357249915599823
14x15,0.038263772055506705,0.4187413156032562,0.255108517408371,1.2532208204269408,43.41445617675781,0.07556973919272424,0.45222930163145064
14x16,16.537479877471924,1.601446408033371,1.610137140750885,4.4718777418136595,37.57344989776611,0.6292034298181534,4.5116184711456295
14x17,2.3669906735420225,2.5983535766601564,0.5609993308782578,2.4636571168899537,1.8709371387958527,0.27363335639238356,2.8484545826911924
14x18,1.0472205400466919,1.8998636305332184,0.6017442256212234,0.8747303187847137,4.463603734970093,0.10022445805370808,0.3886313572525978
15x5,0.5080366939306259,0.4770584747195244,0.2336660549044609,1.026611989736557,6.927522873878479,0.07918020859360694,0.49832789301872255
15x6,0.0320489140227437,0.8469524949789047,0.4061893537640572,2.483154821395874,12.03888897895813,0.21216004714369774,1.2238674819469453
15x7,0.12549364231526852,2.038274276256561,1.1747907936573028,5.778033995628357,30.982282161712646,0.41408955305814743,2.7813886284828184
15x8,0.020944353006780148,0.8381702750921249,0.3920512855052948,3.5233421206474302,19.80229663848877,0.12069791108369828,0.9238010287284851
15x9,0.07541338466107846,2.062024486064911,0.8535710513591767,5.9034019947052006,51.30031852722168,0.3489684283733368,1.9047720789909364
15x10,0.004190119006671012,0.04970409981906414,0.3321284711360931,0.015905210189521315,79.10565948486328,0.0045111813116818665,0.002742867660708726
15x11,0.008024975378066302,0.052241704799234866,0.0983248621225357,0.04509184788912535,17.101898860931396,0.015138441696763039,0.018129799421876668
15x12,0.12545017451047896,0.3520201474428177,0.12728995978832244,0.4819748803973198,17.062617206573485,0.06904705017805099,0.3564889162778854
15x13,0.00969698065891862,0.2031864754855633,0.22433884739875795,0.0714417565613985,55.23076705932617,0.008379851281642915,0.01089479704387486
15x14,0.02038113782182336,0.12279453501105309,0.3751741603016853,0.09933572188019753,43.3665849685669,0.009192614816129208,0.016544688772410155
15x15,0.042669881507754324,0.17848313376307487,0.46839692294597624,0.5209059864282608,30.865061855316164,0.0247484914958477,0.16240289956331252
15x16,0.048183663934469226,0.8671838760375976,0.8274757325649261,3.7038441061973573,69.68296432495117,0.19045686572790146,1.2884266257286072
15x17,4.1656735897064205,3.4534709095954894,0.887562695145607,4.784192895889282,10.54406704902649,0.7151214599609375,4.6862540483474735
15x18,1.3416655838489533,0.33023438453674314,0.11841434873640537,0.32786566615104673,3.8418388247489927,0.013241126434877515,0.08401259407401085
16x3,0.5358286619186401,0.28907252550125123,0.1370985686779022,0.4199618861079216,3.9505427956581114,0.0249818928539753,0.3807054996490479
16x4,0.015106171043589712,0.22428808882832527,0.181280680000782,0.9649140745401382,8.459648036956787,0.03563948385417461,0.35746554285287857
16x5,0.05586358662694693,0.020526865497231483,0.30285786390304564,0.01590866521000862,32.543769454956056,0.0056289542000740765,0.009253055648878216
16x6,0.014389931270852686,0.12541016563773155,0.1586378514766693,0.4743404150009155,26.298978424072267,0.01633678749203682,0.06696948185563088
16x7,0.01300959805957973,0.46704559326171874,0.2646296709775925,1.6446645736694336,52.21217002868652,0.052084977738559246,0.3217113748192787
16x8,0.06690323427319526,1.285221093893051,0.881324702501297,3.135269808769226,21.785761451721193,0.2831225201487541,2.059313690662384
16x9,0.007196161756291985,0.06869679875671864,0.13259200155735015,0.06655549854040146,41.90452289581299,0.0051156188361346725,0.008968575485050678
16x10,0.026262121461331844,0.06461280025541782,0.10250071510672569,0.18492615297436715,47.841910934448244,0.006542878621257841,0.0168447301723063
16x11,0.006677976436913014,0.1128277275711298,0.2964551255106926,0.13217745572328568,67.26592979431152,0.00848595453426242,0.011281303502619267
16x12,0.006168761034496129,0.07533161714673042,0.1801528476178646,0.018062384333461523,56.77283420562744,0.00481774911750108,0.005432117125019432
16x13,1.3125108003616333,0.4572177857160568,0.09428659044206142,0.37925736159086226,42.60957298278809,0.021190169360488655,0.1385068841278553
16x14,0.04633285310119391,0.08559539131820201,0.08482772447168828,0.057669521495699885,31.406651878356932,0.008288266835734248,0.012420273432508112
16x15,0.02225091541185975,0.31417936980724337,0.36740701645612717,0.6497943103313446,82.21158943176269,0.043307481147348885,0.18169633150100709
16x16,1.3735640227794648,0.9209852516651154,0.586193659901619,3.2390899300575255,21.178692722320555,0.3433157876133919,2.0812778949737547
16x17,2.2727049827575683,2.6267160534858705,0.5609948694705963,1.7348878979682922,3.490269124507904,0.3560004413127899,2.300716054439545
16x18,1.9458682596683503,0.45892206877470015,0.31880885213613513,0.543873918056488,4.5880414009094235,0.054044784419238566,0.5680615305900574
16x19,1.9011517226696015,0.8361392319202423,0.5490521162748336,0.5564627021551132,4.53942904472351,0.19676570370793342,0.5386075288057327
17x4,0.02146383821964264,0.30686810314655305,0.24587910026311874,1.6410354316234588,4.701102352142334,0.24288483932614327,0.974903580546379
17x5,0.024729513935744765,0.6999476701021194,0.4792412921786308,2.6905910849571226,25.670433235168456,0.19196103289723396,1.198763233423233
17x6,0.007932650716975331,0.10497259981930257,0.08986253961920738,0.969490909576416,31.87712163925171,0.03528900612145662,0.1251493465155363
17x7,0.04398980047553778,0.5815156847238541,0.40368901044130323,2.4392949819564818,20.95540895462036,0.12044249363243581,1.2149671852588653
17x8,0.02894930159673095,0.14932507872581482,0.19297100603580475,0.8427779167890549,12.340496063232422,0.015913638379424812,0.14381189420819282
17x9,0.007244645315222442,0.15469856485724448,0.2658446952700615,0.4873577803373337,43.54921894073486,0.015388182736933233,0.0443437809124589
17x10,0.006606172397732734,0.088554722443223,0.1812375158071518,0.053717552125453955,51.523182487487794,0.009233654197305442,0.00792932917829603
17x11,0.015162657061591745,0.17400839626789094,0.13046426847577094,0.09953067526221275,67.22313919067383,0.010846222331747413,0.015155839547514916
17x12,0.02496873633936048,0.32916784137487415,0.16844742596149445,0.5219218105077743,41.60272445678711,0.043635852821171286,0.2339615263044834
17x13,0.015196355804800988,0.06389607563614845,0.07533317692577839,0.11716198101639748,44.02150325775146,0.0062552511924877765,0.02060789754614234
17x14,0.009492011880502105,0.1135378398001194,0.45964070558547976,0.21365211606025697,72.60699348449707,0.008334451774135231,0.02120231054723263
17x15,0.3830215409398079,0.24653933495283126,0.11777028664946557,0.5162559241056442,12.383086395263671,0.033752559870481494,0.4328911155462265
17x16,4.973204517364502,2.5923943638801576,0.9077726811170578,2.8739187359809875,12.870995426177979,0.46567751169204713,2.924680304527283
17x17,0.4807981953024864,2.2819579958915712,0.33722030371427536,1.37464080452919,5.356293487548828,0.26032871603965757,1.0906815111637116
17x18,1.4306854069232942,0.7676858812570572,0.2992880940437317,0.6072641342878342,6.744106793403626,0.08668361082673073,0.7837556511163711
17x19,1.6817503333091737,0.6457005560398101,0.2298614077270031,0.33927103579044343,2.4487909078598022,0.01502449787221849,0.3341758966445923
17x20,3.705759334564209,2.4935853719711303,1.3127812147140503,3.0984341621398928,4.429352426528931,0.28433938324451447,2.3033785939216616
17x21,2.5696554660797117,0.759892925620079,0.5139144986867905,0.7206206411123276,4.917591500282287,0.18036041110754014,0.7871642053127289
18x4,0.07007690556347371,0.0250999866053462,0.03462396543473005,0.12347571030259133,1.4039820373058318,0.0010951721691526473,0.01717829331755638
18x5,0.012064781738445163,1.0050526082515716,0.18767746388912201,2.092192816734314,10.667453050613403,0.286287634074688,0.41899453550577165
18x6,0.01099947839975357,0.07507638186216355,0.0633697833865881,0.3273161843419075,19.105686569213866,0.013060913188382983,0.04190678149461746
18x7,0.004855202697217465,0.04125058762729168,0.04219852574169636,0.007742140162736178,26.72478485107422,0.0019238790497183799,0.0025105330161750315
18x8,0.004381081508472562,0.08817217200994491,0.11340048797428608,0.03180490471422672,48.64559440612793,0.006178443250246346,0.003984369104728103
18x9,0.008494406566023826,0.07246453054249287,0.23142200261354445,0.11826437339186668,40.16310157775879,0.00832988233305514,0.01754901483654976
18x10,0.006088381144218147,0.06638336144387723,0.12258024699985981,0.03376593962311745,60.05953044891358,0.005616672639735043,0.006005145120434463
18x11,0.004238832974806428,0.042124179750680925,0.1633997455239296,0.03653637394309044,37.779574966430665,0.003041640773881227,0.003630371135659516
18x12,0.07484458312392235,0.17435978278517725,0.13241154253482817,0.1325448200106621,14.720436382293702,0.014053096389397978,0.04899851214140653
18x13,0.04506042115390301,0.21140940636396408,0.202627032995224,0.031145082600414754,29.934077644348143,0.007765920390374959,0.013378073181957006
18x14,0.014674469968304038,0.08449425101280213,0.2343836821615696,0.043434585072100164,70.17174034118652,0.011663670046254994,0.011162168486043811
18x15,0.3582460284233093,0.3354594841599464,0.1511772505939007,1.835874181985855,14.583260202407837,0.06465262956917286,0.7077649444341659
18x16,2.649440383911133,1.1931379556655883,0.7286685168743133,2.964715504646301,8.547300720214844,0.3467089056968689,3.1218211889266967
18x17,1.432525134086609,2.456994152069092,0.47256566435098646,1.142367696762085,6.004835867881775,0.11242394857108594,0.9617756843566895
18x18,0.5927762627601624,1.100946408510208,0.6844482123851776,1.2426466763019561,4.614336824417114,0.15578009262681008,1.2832479774951935
18x19,0.5224609225988388,0.3028518781065941,0.22581442072987556,0.43352065831422804,1.7421280920505524,0.08932815082371234,0.4328309640288353
18x20,4.667332768440247,2.261098825931549,0.9796598881483078,1.7160648345947267,4.770048975944519,0.17763154804706574,1.7470259487628936
18x21,6.237123250961304,1.3864291250705718,0.7344267547130585,1.5156108498573304,3.248283624649048,0.11760100312530994,1.236500334739685
18x22,7.465634226799011,3.283368468284607,1.511092984676361,2.8136357069015503,2.1026641488075257,0.2619720295071602,2.8831048369407655
18x23,2.741387116909027,2.093151068687439,0.8417605698108673,1.1528995096683503,1.9459617733955383,0.19032350480556487,1.8911718368530273
18x24,2.3471275925636292,1.137754702568054,0.29693743735551836,1.465731930732727,3.967576253414154,0.2915824294090271,1.7300929129123688
19x4,0.012441283045336603,0.09101944714784622,0.06294086165726184,0.9986167818307876,2.914825105667114,0.2361330859363079,0.3963592484593391
19x5,0.06871376298367977,0.028081679344177247,0.09609039165079594,0.038191364891827104,1.5882020831108092,0.006861724914051593,0.09075367711484432
19x6,0.009545708680525422,0.07859818451106548,0.12701091170310974,0.03723614942282438,24.822150897979736,0.003802670689765364,0.006238929345272482
19x7,0.009778178576380015,0.09947211816906928,0.10994429849088193,0.16500900834798812,34.4793981552124,0.004224757151678205,0.012363194348290562
19x8,0.08792538233101369,0.04343885444104672,0.023293720651417972,0.006979298125952482,22.027625465393065,0.002511454815976322,0.006285848142579198
19x9,0.004199943761341274,0.05712436828762293,0.033317144773900506,0.008606365509331226,24.567954349517823,0.0020142958383075893,0.001999744132626802
19x10,0.0034213924081996083,0.0346366023644805,0.20412276089191436,0.007711549778468907,61.00686340332031,0.0026745485025458037,0.002113139256834984
19x11,0.0021768553531728687,0.02786306077614427,0.08368290327489376,0.011532026156783105,44.84983043670654,0.002016924088820815,0.0014626558986492455
19x12,0.026125354133546354,0.3755157798528671,0.15466843023896218,0.7626572966575623,37.312475776672365,0.030596864502877,0.1397642359137535
19x13,0.016524362843483686,0.3220441326498985,0.2962491914629936,0.048184463381767274,56.26754360198974,0.009513533068820836,0.01889127930626273
19x14,0.011832710169255734,0.03868857566267252,0.266324457526207,0.05301486421376467,54.490335083007814,0.007173770805820823,0.008909528143703938
19x15,0.7104014754295349,2.2515802502632143,1.400626641511917,7.49361412525177,74.07495002746582,1.1527265310287476,6.904690241813659
19x16,7.570828437805176,2.3329844951629637,1.383227950334549,4.423762392997742,3.754070484638214,0.632263857126236,4.763249063491822
19x17,1.1218378722667695,0.8572447597980499,0.2260516494512558,0.4440468654036522,3.1070242643356325,0.012502711080014706,0.21406522542238235
19x18,1.778017383813858,1.0843802511692047,0.36830593049526217,0.7436393082141877,5.372229361534119,0.07692287638783454,0.5324360966682434
19x19,1.9131700575351716,1.7053429663181305,0.5279959321022034,0.7239477753639221,3.366715359687805,0.05177369229495525,0.47799177318811414
19x20,3.5992369174957277,1.3903841078281403,0.3937147676944733,0.7910838216543198,4.14181272983551,0.053880192525684836,0.8562374323606491
19x21,5.213231434026966e-05,0.0013413987238891424,0.0002522413211409003,0.00014827676859567875,0.0008371677162358537,4.6160538113326764e-05,3.164139488944784e-05
19x22,6.121081781387329,1.575388389825821,1.2193354964256287,1.241049087047577,2.4224687218666077,0.3249181181192398,1.541937243938446
19x23,3.6273653984069822,1.2544360220432282,0.38712241053581237,0.8038267314434052,2.610845947265625,0.10243706665933132,0.6627157002687454
19x24,2.2864783644676208,1.323800653219223,1.3962129771709442,0.9634081482887268,1.7809148967266082,0.1259129375219345,0.8153525859117507
19x25,1.4416510701179504,0.3264902800321579,0.46189955025911333,0.396398501098156,1.1160307228565216,0.029542467650026084,0.4948690071702003
19x26,2.63551903963089,2.765520763397217,1.0406975030899048,0.91429503262043,2.814741373062134,0.07010936848819256,1.0006910145282746
19x27,0.7364732563495636,0.5905295133590698,0.28447161614894867,0.07419430501759053,0.49667741507291796,0.021958463825285435,0.0543491329997778
19x28,0.47516227811574935,1.196977400779724,0.3761458396911621,0.10564972348511219,1.4462365329265594,0.01358903436921537,0.16888085901737213
20x5,0.004709872975945473,0.1090082734823227,0.031180665362626314,0.3743799164891243,2.346932065486908,0.04806678574532271,0.04775015264749527
20x6,0.011075896909460425,0.051474226638674736,0.034249388799071315,0.06193492338061333,9.928094291687012,0.004448940139263868,0.00625482548493892
20x7,0.0077510513598099354,0.058157052472233774,0.09519894197583198,0.009165371349081398,30.79603500366211,0.002036907069850713,0.005166456219740212
20x8,1.133071130514145,0.025227342359721662,0.03283416107296944,0.19069766998291016,18.941805267333983,0.009808776620775462,0.06343765445053577
20x9,2.2305134296417237,0.0204060235992074,0.03469811417162418,0.015412860549986362,28.830266380310057,0.004689595731906593,0.12262336760759354
20x10,0.005408501392230392,0.08287505246698856,0.3336396649479866,0.0204584383405745,59.14937953948974,0.0036949877510778608,0.0038521736627444626
20x11,0.8747429221868516,0.1684158645570278,0.04368589092046023,0.03967544250190258,18.517708587646485,0.0044751644367352125,0.04015427306294441
20x12,0.0262833783403039,1.5543049097061157,0.47263882458209994,0.19915177598595618,50.91238784790039,0.026109074335545303,0.09032709002494813
20x13,34.15337562561035,3.2267694592475893,1.7523478269577026,3.2571767449378966,36.71458835601807,0.6826288640499115,7.596886682510376
20x14,2.094016706943512,1.9560494542121887,0.3650229498744011,2.1490294337272644,44.50610065460205,0.21381241232156753,1.3562750160694121
20x15,0.1132435392588377,1.3349877834320067,1.723041158914566,7.604319953918457,48.497311401367185,0.6423371136188507,4.289274549484253
20x16,2.7324253916740417,4.699138259887695,2.7583351731300354,3.9294941782951356,3.884387969970703,1.307082897424698,8.900224637985229
20x17,0.7250228554010392,1.1783209443092346,0.8422735273838043,0.5448296070098877,4.256303095817566,0.04544256180524826,0.5775775820016861
20x18,0.8107793837785721,1.0031797885894775,1.2245689630508423,0.20324899330735208,3.8089964509010317,0.06202681548893452,0.2614981085062027
20x19,2.6028952479362486,1.3535102665424348,0.5027443945407868,1.9986131131649016,2.407694470882416,0.14486898705363274,2.279723620414734
20x20,4.211960196495056,1.147566908597946,0.7685513734817505,0.9852819055318832,4.367590117454529,0.10022353269159794,1.6056897819042206
20x21,6.0650125503540036,0.5708474308252335,0.15801778361201288,0.4777757152915001,2.8124571561813356,0.042282788269221785,0.8350482016801835
20x22,8.972746467590332,1.8186220049858093,0.7421864211559296,1.2047787308692932,2.2243529677391054,0.381870211660862,2.9670130729675295
20x23,8.710147285461426,2.737138903141022,0.6896782279014587,1.6836264193058015,2.6113237380981444,0.2889788046479225,3.5680365324020387
20x24,2.7060893535614015,0.9623658776283264,0.44687727391719817,0.6301411360502243,2.002838158607483,0.07398757450282574,1.4096409738063813
20x25,3.1052833676338194,1.0010124117136001,0.1235611192882061,0.6867936044931412,2.500114345550537,0.1409565456211567,0.8030920058488846
20x26,4.945027685165405,1.9542047560214997,1.3420057892799377,0.3632084548473358,2.3219706892967222,0.16770095601677895,0.6879504442214966
20x27,2.0330484747886657,1.8324200928211212,0.5953298926353454,1.0230781435966492,0.8593308240175247,0.07450841143727302,0.5758800625801086
20x28,0.7667891144752502,1.3990301012992858,0.36264524459838865,0.5941064238548279,1.362580692768097,0.11235820464789867,0.7584373980760575
21x6,0.008849470084533096,0.04318553116172552,0.06522653065621853,0.010636688210070133,21.299907207489014,0.0026009377907030284,0.00516742158215493
21x7,0.004268363188020885,0.04080324545502663,0.23774187192320825,0.034579312242567536,29.456387329101563,0.0031612327438779175,0.002825797046534717
21x8,0.0039974436396732925,0.033194641955196856,0.12814321145415306,0.01578830201178789,22.362741661071777,0.001910117029910907,0.0025121859274804593
21x9,0.018370630498975516,0.06551248542964458,0.05294073931872845,0.044596129655838014,17.523741912841796,0.004377697804011404,0.01153581226244569
21x10,0.04401713833212852,0.03936673272401094,0.045105958357453346,0.02131642596796155,28.687188339233398,0.0044316716725006705,0.0072109553730115294
21x11,0.11742315702140332,0.16013113781809807,0.07919026874005794,1.5149126589298247,20.525304794311523,0.0356309425085783,0.23154752925038338
21x12,0.03280309792608023,0.08912334442138672,0.14663287922739981,0.14586509987711907,34.538265991210935,0.013171232398599386,0.024565864447504283
21x13,0.02250738749280572,0.11343397870659828,0.369343501329422,0.07860619090497493,49.969513511657716,0.00950348642654717,0.01260926565155387
21x14,8.519839906692505,1.3964382410049438,0.34887239784002305,2.0910193800926207,17.11267900466919,0.5003494188189507,2.985344612598419
21x15,6.37642023563385,2.2893569588661196,1.7387335538864135,10.407643508911132,11.569193077087402,1.6903305113315583,10.734834146499633
21x16,1.102943480014801,2.0034147620201113,0.6440943002700805,1.7288259625434876,4.159342193603516,0.3360373392701149,1.647128427028656
21x17,0.46520756334066393,1.2217458844184876,0.6996560335159302,0.6910650193691253,1.9736154437065125,0.06798790208995342,0.4790459245443344
21x18,0.09760028086602687,0.45303038209676744,0.3204191982746124,0.47018463760614393,3.3793113589286805,0.035479895584285256,0.3813837319612503
21x19,2.601938080787659,0.896791610121727,0.8060692846775055,0.22526698485016824,2.925980293750763,0.013698847452178597,0.1232274267822504
21x20,2.640962266921997,0.5461854636669159,0.18258368149399756,0.3836221471428871,1.8452130138874054,0.014714526617899537,0.44542744755744934
21x21,28.26508378982544,4.452523922920227,2.5037937998771667,5.979587244987488,3.5546079874038696,1.0624413907527923,9.929034423828124
21x22,16.41358575820923,1.4283951103687287,3.5079291820526124,2.7593306064605714,0.41431669890880585,1.0251785159111022,6.369046926498413
21x23,19.70658082962036,1.8946833550930022,0.6990697383880615,2.3735628008842466,0.07985202819108964,0.30683873444795606,4.125117230415344
21x24,5.611935377120972,2.4746949672698975,0.6854881644248962,0.9822347581386566,1.1387380599975585,0.18343064710497856,1.5586735486984253
21x25,12.147377252578735,2.8817307591438293,2.305256450176239,2.813978374004364,0.4434240490198135,0.285184508562088,2.455270791053772
21x26,13.743462324142456,1.4432067930698396,1.4679198801517486,1.9912680864334107,1.3892828822135925,0.14246985092759132,1.8307656049728394
21x27,3.842165005207062,1.2997128427028657,0.22991074994206429,0.6708518415689468,1.051884162425995,0.03168125692754984,0.8604370713233948
21x28,1.4495930194854736,0.7028861910104751,0.8734958380460739,0.2747434452176094,1.9586525976657867,0.03945501334965229,0.28066306859254836
22x6,0.01151113659143448,0.06343836598098278,0.13870967030525208,0.11262223273515701,24.48667221069336,0.003119781438726932,0.007668737834319473
22x7,0.011478615319356322,0.11772080510854721,0.3464281514286995,1.3467855632305146,21.216530513763427,0.04428709540516138,0.22754622027277946
22x8,0.43226380050182345,0.07210665829479694,0.22602149471640587,0.2326458178460598,18.377155780792236,0.011024914029985669,0.08488524816930294
22x9,0.4660087153315544,0.19016017392277718,0.048397721350193025,0.016864127479493618,33.647687149047854,0.00532008174341172,0.02666217191144824
22x10,0.7685650914907456,0.3739017710089684,0.1181129738688469,1.0046303272247314,29.125315952301026,0.04266287330538034,0.3260666221380234
22x11,0.004843788547441364,0.06245766580104828,0.34313460290431974,0.1565451942384243,24.274642086029054,0.005871619167737663,0.009859639639034868
22x12,0.023114522174000743,0.17185263335704803,0.12423335574567318,0.22785263806581496,36.97413864135742,0.018973020557314157,0.06814856603741647
22x13,3.4819443464279174,0.8259287536144256,0.6309599876403809,1.3779635012149811,13.10362401008606,0.1947887919843197,1.5685892403125763
22x14,6.768886566162109,3.2289790749549865,1.3046617329120636,3.1794990420341493,4.765660357475281,0.55255146920681,6.05932047367096
22x15,1.9858231365680694,2.800142240524292,0.8865702420473098,1.6204800724983215,6.580450057983398,0.24797799661755562,2.41714608669281
22x16,1.3808274388313293,3.836456024646759,1.466144359111786,1.0378404796123504,4.673754739761352,0.11423160098493099,0.9337318480014801
22x17,0.9870926260948181,1.0376864790916442,0.39505979120731355,0.428755958378315,4.798104619979858,0.05327665321528911,0.49052327275276186
22x18,0.6100783407688141,1.2397714257240295,0.22409941777586936,0.6262610405683517,3.92387216091156,0.04605514742434025,0.5275807827711105
22x19,6.35203697681427,1.4299160540103912,0.6506925106048584,0.8860054045915604,5.869459891319275,0.09058655574917794,1.4974692642688752
22x20,11.0783860206604,5.159990549087524,2.5932629466056825,4.125367879867554,4.060384750366211,0.8595284402370453,7.077912497520447
22x21,11.234347581863403,2.6093029141426087,1.4080744981765747,0.9335220009088516,2.3200377583503724,0.09183262959122658,1.3823402881622315
22x22,26.406571865081787,2.6603692531585694,2.159933662414551,0.4454564586281776,0.8020837724208831,0.1320558398962021,2.6874675154685974
22x23,23.65993022918701,2.127618432044983,1.8194074034690857,1.4631169497966767,0.23176785856485366,0.1791032612323761,2.935660421848297
22x24,2.5057361483573914,1.0007669746875762,0.783172345161438,0.6502239316701889,0.6376074999570847,0.12548133879899978,1.49773428440094
22x25,9.412359476089478,1.2042747855186462,1.5841583490371705,1.3549380242824554,1.0382578432559968,0.11528242230415345,1.388472956418991
22x26,21.884461688995362,0.4206818416714668,0.20968883708119393,0.1644885130226612,0.045610197074711326,0.055569506622850894,1.694640463590622
22x27,8.89731764793396,0.2799188569188118,0.10157677792012691,0.07142315171658993,0.12542276233434677,0.012102763168513775,0.9815982908010483
23x7,0.028173595387488603,0.35258948504924775,0.5141817659139634,2.037105417251587,20.066685009002686,0.26867319345474244,1.0469870924949647
23x8,0.039708439074456696,0.031189250573515893,0.09924411959946156,0.012164812721312047,25.730640125274657,0.004463431867770851,0.006857470353133976
23x9,0.04325251150876284,0.08721824921667576,0.03270380701869726,0.005296018975786865,20.061118507385252,0.0015619278710801154,0.003741439851000905
23x10,0.004548995150253177,0.06521697305142879,0.10313363634049892,0.005881446227431297,23.229978370666505,0.0034909142530523242,0.0030784003669396044
23x11,0.07335669957101346,0.018186833150684836,0.022274998109787704,0.0069066161755472425,32.09635772705078,0.0020956221735104917,0.005453058541752398
23x12,0.0555619603022933,0.5906019508838654,0.7174109786748886,2.59885458946228,19.213383769989015,0.21276755928993227,1.0493346512317658
23x13,3.565827190876007,1.48439701795578,0.7919383555650711,1.9648446083068847,5.4979359865188595,0.3070251703262329,2.611167335510254
23x14,0.4410784631967545,1.9690456926822661,1.6767161667346955,1.1759249567985535,3.4818321466445923,0.12126517966389656,1.0727761507034301
23x15,1.608943259716034,1.8936442255973815,1.2074619233608246,2.01914519071579,5.862661409378052,0.17411294728517532,2.0366142868995665
23x16,1.0193970680236817,0.6077591568231583,0.30710687935352327,1.1836702346801757,4.873696970939636,0.07443995662033558,0.6153365164995194
23x17,2.18421448469162,1.2801607847213745,0.7550003677606583,0.7960975289344787,7.2361644268035885,0.12596824690699576,0.7840319663286209
23x18,0.8253116875886917,4.495229458808899,1.1500818192958833,2.6476767301559447,8.023650789260865,0.2821518614888191,1.6279266059398652
23x19,10.742828178405762,3.204388773441315,2.8942686438560488,1.8863374710083007,3.727607262134552,0.6621169596910477,5.256762504577637
23x20,18.627871227264404,3.632281446456909,2.53394535779953,4.155122637748718,1.76486634016037,0.4312362432479858,4.903779339790344
23x21,46.7927885055542,0.7156126588582993,0.4590241611003876,0.5631750166416168,0.12896685749292375,0.1825026035308838,4.132301783561706
23x22,24.578138637542725,0.5539558857679368,0.16000686660408975,0.08733666278421878,0.5390436619520187,0.07179482206702233,1.8912091970443725
23x23,15.697371673583984,0.8792438685894013,0.22610081359744072,0.8346584886312485,0.04483881089836359,0.5619320839643478,5.142947649955749
23x24,3.4979620933532716,0.5932964861392975,0.4121402382850647,1.0201879918575287,0.14312442541122436,0.6358624696731567,4.88670060634613
23x25,0.5582630574703217,0.10196958072483539,0.022248757630586626,0.12234739549458028,0.2558472752571106,0.40304024815559386,0.6629821211099625
23x26,0.6166734367609024,0.0574240418151021,0.13544832170009613,0.016503227688372136,1.1226160645484924,0.010382470628246664,0.19851845130324364
24x8,0.007997122872620822,0.13910603299736976,0.262008373439312,0.9610042750835419,13.17793517112732,0.022446653433144094,0.2099560648202896
24x9,0.005188307445496321,0.10338392667472363,0.2590937152504921,0.024973900895565747,15.43657898902893,0.009586175018921495,0.004913351102732122
24x10,0.004259637650102377,0.044780611619353296,0.0627150198444724,0.02265321249142289,16.08945198059082,0.0020480227540247142,0.0036367532797157765
24x11,0.12049730122089386,0.01044919528067112,0.016743334569036962,0.08674877509474754,17.830708694458007,0.002463423553854227,0.010241401102393865
24x12,1.7711352467536927,2.751501715183258,1.1323968052864075,6.5703212976455685,19.540262508392335,1.2264211773872375,6.224617052078247
24x13,1.2615753829479217,0.9288165986537933,0.8449738502502442,1.086775815486908,7.202293777465821,0.4530496343970299,2.4626350164413453
24x14,1.0417502403259278,0.7857382714748382,0.5497266411781311,1.0561477184295653,3.8389245510101317,0.1117583628743887,0.6840928435325623
24x15,1.1726310312747956,1.49587082862854,0.5047159671783448,1.011315244436264,4.603634881973266,0.349521541595459,1.2150100469589233
24x16,1.6400760591030121,1.7405636429786682,0.5235152125358582,0.9851335734128952,4.758287620544434,0.14125092700123787,0.8802785128355026
24x17,0.647173011302948,1.0637142956256866,0.40349403470754625,0.7851034998893738,2.884925091266632,0.048547803238034246,0.6392711132764817
24x18,1.1422903537750244,1.672312617301941,1.1433149456977845,0.9373805344104766,4.44820773601532,0.15224021896719933,1.0163501381874085
24x19,1.0771975815296173,0.16061352640390397,0.1873194120824337,0.18191978931427003,2.164457821846008,0.026495849434286355,0.11594792641699314
24x20,5.31621220111847,2.1771395444869994,2.8152453303337097,3.400741696357727,2.292156434059143,0.4044551715254784,2.790597903728485
24x21,30.20771026611328,0.3182076722383499,0.19175838455557823,0.038909675739705565,0.059021797962486744,0.15136513113975525,2.9214324235916136
24x22,22.866415596008302,0.6880537211894989,0.18593428730964662,0.3342251360416412,0.10805442482233048,0.08775619119405748,2.3189743161201477
24x23,6.268479180335999,0.6077824473381043,0.5322582691907882,1.4001782298088075,0.02809553574770689,0.4236805632710457,6.499061107635498
24x24,5.3302720308303835,0.641003230214119,0.5167064934968948,0.5782416462898254,0.16041071563959122,0.15032592937350273,2.2805917382240297
24x25,6.53962094783783,0.4841735944151878,0.44321158677339556,0.5740890234708786,0.08171066790819169,0.16476966217160224,2.3132152795791625
25x9,0.3074855715036392,0.09994853958487511,0.2304565988481045,0.3521483212709427,0.6948647409677505,0.11662086248397827,0.32535523027181623
25x10,0.2714951992034912,0.0433110972866416,0.07393315583467483,0.14522714987397195,1.2247704088687896,0.025520695839077234,0.03776970952749252
25x11,0.009064038842916488,0.1067253042012453,0.12409130595624447,0.698112764954567,3.405705714225769,0.05621394235640764,0.14934385418891907
25x12,0.5701303809881211,0.15105067193508148,0.2591000199317932,0.5625342011451722,3.722475266456604,0.17453135922551155,0.6341137677431107
25x13,1.6718363821506501,1.3735463917255402,2.0637654304504394,1.0176887333393096,3.1881520628929136,0.15197390243411063,1.0533571064472198
25x14,0.7977856278419495,0.6168130904436112,0.4924672141671181,1.1063321709632874,1.7393436789512635,0.07400629296898842,0.770486655831337
25x15,0.45363363325595857,1.795343267917633,0.49507986903190615,1.2064834654331207,5.137297844886779,0.1055918112397194,1.5175536334514619
25x16,0.6527088224887848,0.19074191004037858,0.20481048449873923,0.075742943957448,2.7418238520622253,0.018906921148300174,0.08623606748878956
25x17,0.11416208967566491,0.3994144767522812,0.1934535838663578,0.1931459903717041,2.3374894857406616,0.17872865200042726,0.24988734871149063
25x18,0.7558654218912124,2.5723618626594544,1.0673998773097992,0.22379428669810295,4.673503971099853,0.06990488395094871,0.20895108580589294
25x19,0.5928859174251556,0.33074069321155547,0.06229060925543308,0.14034004360437394,2.847200644016266,0.041319614835083486,0.09017233178019524
25x20,3.965880286693573,2.8425318717956545,1.5238629519939422,3.069133973121643,1.190882420539856,0.8423263490200043,3.40299277305603
25x21,40.790747261047365,0.6269349664449692,0.4444590538740158,0.03417768627405167,0.23324342370033263,0.1524264931678772,2.687174677848816
25x22,21.406612873077393,0.8058491945266724,0.4159068286418915,1.1200618267059326,0.1335488222539425,0.2989863380789757,7.066513562202454
25x23,9.075008296966553,0.6841708183288574,0.5689717769622803,0.9989854544401169,0.09963143654167653,0.3421528279781342,7.437772822380066
25x24,19.771605587005617,0.5087844669818878,0.3034008964896202,0.17216724827885627,0.10203113779425621,0.2654144838452339,2.0179964303970337
26x11,0.187977684289217,0.062041133642196655,0.15240390971302986,0.13764130398631097,1.735031008720398,0.06649634875357151,0.04972613286226988
26x12,0.5481065422296524,4.592238116264343,2.1769349932670594,1.2415560901165008,3.3350192308425903,0.16004603430628778,0.9599750369787217
26x13,2.2206066370010378,0.6452339649200439,0.2178513340651989,0.5587015867233276,3.3542947292327883,0.03638188075274229,0.47683923989534377
26x14,0.6795111030340195,0.5282634526491166,0.2828372225165367,0.21541519537568093,2.0682218790054323,0.057526410184800626,0.3749677032232285
26x15,0.3338930293917656,2.9767802953720093,1.3432155013084413,0.749638170003891,4.414733910560608,0.06587180271744728,0.491857685148716
26x16,0.8562644571065903,1.4422984719276428,0.1757388763129711,0.7766000747680664,3.5557234048843385,0.03380583096295595,0.41581213623285296
26x17,1.1329847276210785,1.2864417612552643,0.2688260182738304,0.4911264106631279,3.923898160457611,0.04027544315904379,0.26168025434017184
26x18,0.7680160194635391,3.9979605674743652,0.7048599421977997,1.0042653739452363,2.748437774181366,0.06424014009535313,0.5283602595329284
26x19,0.8189013242721558,0.6509182006120682,0.1581564724445343,0.08195171877741814,2.338818883895874,0.006621386320330202,0.19420746937394143
26x20,1.4066929817199707,3.377287042140961,2.5941460728645325,0.8470910847187042,0.9794859290122986,0.0928395640105009,0.8411672651767731
26x21,27.684462451934813,1.2650115191936493,1.6071990549564361,1.3903185546398162,0.15806711316108704,0.23660335540771485,3.3872838020324707
26x22,15.324720335006713,0.9257135808467865,1.2998999536037446,1.8077789843082428,0.41035712510347366,0.2812927648425102,4.121987080574035
26x23,1.5374020099639893,0.07947750240564347,0.07996582090854645,0.026177311223000287,0.4652134865522385,0.02261219620704651,0.7605671107769012
27x14,0.033285729587078094,0.14416232258081438,0.2224557340145111,0.14534661695361137,2.052396094799042,0.04967002980411053,0.1979845903813839
27x15,0.6766573995351791,0.6974613159894943,0.43175877779722216,0.49743250012397766,4.2362645149230955,0.0295308037661016,0.5463241696357727
27x17,0.8242839783430099,0.5578245282173157,0.4162454053759575,0.26267482340335846,2.321548044681549,0.014368044212460518,0.16425673961639403
27x18,1.2558629870414735,0.34341241866350175,0.22118558436632157,0.38949935734272,3.2042353630065916,0.11064138449728489,0.20309660956263542
27x19,0.7978633970022202,0.559260955452919,0.24934694841504096,0.3103815719485283,4.246847939491272,0.02135673062875867,0.10478264950215817
27x20,3.8752817034721376,1.58195658326149,0.5654318541288376,1.081641399860382,2.7155089020729064,0.1461804799735546,2.45838280916214
27x21,10.415673208236694,1.818655973672867,2.38672137260437,0.7160634607076645,0.24945011362433434,0.08425602428615094,1.3462613940238952
27x22,12.229518556594849,0.9570855081081391,0.30758209228515626,0.4416709661483765,0.12006926275789738,0.10468730293214322,1.7921918690204621
