"","Astro","Endo","Excitatory L2/3","Excitatory L4","Excitatory L5","Excitatory L6","Inhibitory Other","Inhibitory Pvalb","Inhibitory Sst","Inhibitory Vip","Micro","Neuron Other","Olig","Other","Smc"
"0x0",0.235966723998219,0.118981762641221,0.0491566925275465,0.047377620254311,0,0.0761092775236374,0.0576825939609656,0.0707065141002562,0.0683064874894069,0.112027494204299,0,0.034782818274094,0.0581943283436281,0.0467524037195729,0.0239552829628418
"0x1",0.307427476180404,0.0653205614532907,0.0205472409291769,0.0453035759781349,0.0465721222876823,0.0372924565971793,0.0301857049056602,0.0553809566947179,0.0592568075851492,0.100798719102681,0,0,0.0919479552262704,0.0814530938468177,0.0585133292128358
"0x2",0.178261194580649,0.0226160064510809,0.0422127406077241,0.010335968622156,0,0.0242599734983198,0.0843121021655625,0.0519166154633123,0.0355569800990303,0.0807375652783113,0.0218723046505253,0,0.267839345675625,0.110677487992029,0.0694017149156744
"0x3",0.317093247436521,0.0609440284359282,0.0574578607035459,0,0,0.0312738709079631,0.0153402266647131,0.0765830003996951,0.033804976989499,0.0697082008802263,0,0,0.163599070268311,0.123273740953144,0.0509217763604527
"0x4",0.148837844806738,0.0599353888009769,0.0153372617086392,0.0529550356770874,0.0194830035726997,0.181958179172825,0.0532375890094844,0.0411639434305805,0.103573194403839,0.0999427440671079,0,0.0217059707722609,0.0634799180067149,0.0806010452329241,0.057788881338122
"0x5",0.160681322835615,0.0579634884667596,0.0292542325766648,0.0575422946551421,0.0118452136280398,0.188981632638867,0.0354843058114659,0.0435359382828802,0.0713704919221335,0.0728034953870925,0.0671925829752542,0.0278480657073833,0.040263597097394,0.0824679004572403,0.0527654375580673
"0x6",0.146636704146177,0.0235643714419135,0.0606511368163166,0.0559838739754022,0,0.181751312295885,0.0567804211957893,0.0443759964571058,0.0559154365955365,0.0975522533027867,0.0646044292332521,0.0199460259920475,0.0697070925208699,0.0553431636332674,0.0671877823936501
"0x7",0.16224975237779,0.0672089630239771,0.0105555278863496,0.064427068926206,0.0475173953510549,0.111892464863715,0.0413256404465513,0.0469919981584091,0.0426344443082107,0.139607671459287,0.0121407378549232,0.0317755154178743,0.0595589703195329,0.103545487859101,0.0585683617470191
"0x8",0.176746435697144,0.0551631058143827,0.0496288434177312,0.0576399854248579,0.0434931811435933,0.111852859377036,0.0495030136235528,0.121609596757338,0.0529056698477207,0.0861165713149006,0,0.012961544162085,0.0777470078187589,0.0527688546203487,0.0518633309805501
"0x9",0.177593134519303,0.0341361915406592,0.0364657767631342,0.0503959057037731,0.203301885555671,0.0453002674902291,0.0396287281369916,0.0462487649898371,0.059985289332811,0.0641834708010295,0.0328457742577379,0,0.0512228468861293,0.107502497978159,0.0511894660445352
"0x10",0.13007120664637,0.0436702862169807,0.0401135335156768,0.106633299271729,0.13568586688614,0.0439405676059577,0.0364695866963927,0.0748560351916893,0.0296589432878354,0.122322378829296,0.0705284260570453,0.0166346414533179,0.0512877855572898,0.0633420788715807,0.0347853639126988
"0x11",0.14780615427192,0.0509550673062963,0.0477716950611171,0.160317352008413,0.0332023024175026,0.017280408940657,0.0323592063760665,0.0506919926599686,0.104666799616464,0.0731736575026794,0.0543085398483857,0.0349261746935824,0.0344807778333373,0.0918605079355001,0.0661993635281103
"0x12",0.151955375533095,0.0347556780928961,0.0498768872739288,0.21427066499731,0,0.0130632883524509,0.0637214492533706,0.0415075650263318,0.0353850842978738,0.124361999008432,0.0451117285800055,0.0231575523263691,0.0740580445118332,0.0917236453228119,0.0370510374232909
"0x13",0.115647010052969,0.0421143737115604,0.084797604214433,0.13914368420082,0.043134784579473,0.0686352296849057,0,0.0471119173441094,0.0676987201911138,0.136856184385287,0.0660056753092982,0,0.060284154010689,0.0598266803796034,0.0687439819357387
"0x14",0.122415333957404,0.0664480756496377,0.132805388578157,0.0867702819367181,0,0.0372577186628623,0.0564523756605092,0.0609783803694814,0.151260125075902,0.0580720079132925,0.0453023109591412,0,0.0238017025786303,0.0968159798281642,0.0616203188301012
"0x15",0.150967971819265,0.0914780839555864,0.157101121391498,0.0837719386213873,0.0115672596305342,0.0224832707263511,0.0170171671792487,0.0702945277398982,0.0624966899351413,0.0795559731599711,0.0421672248196549,0.0372288197685373,0.0483914626249855,0.0629765377026756,0.0625019509252652
"0x16",0.19368837426471,0.0768223557892431,0.101156215276906,0.0661771125646986,0,0.0786365746128078,0.0502770918684338,0.0528339065001027,0.0518439692517507,0.0686631450777183,0.0315852877712439,0.0360961370189692,0.0362364576349348,0.0991749977393529,0.0568083746291283
"0x17",0.142363736006267,0.0676977247147827,0.0864182973233756,0.0526610731372639,0,0.0542059943764747,0.0536179554631975,0.0210990690089685,0.0463279234575366,0.162191511909096,0.0801285372660221,0.107132752721879,0.0108348368342272,0.0599443897458521,0.0553761980350564
"0x18",0.259103015181224,0.0542261567756367,0,0.0312745594794473,0,0,0,0.0494500243372289,0.0888388283148854,0.083898601964556,0.327624649639584,0,0,0.0889798364046717,0.0166043279027662
"1x0",0.29721580480177,0.0231920659684334,0,0,0,0.0537673731507737,0.0979972688592494,0.0174618532663735,0,0.220011596139495,0.112407168737605,0,0.0214136438223836,0.0987574763611961,0.0577757488927205
"1x1",0.310029288243722,0.0409243679204351,0.0529861606810645,0.0301315610871164,0,0.019602564697297,0.0583606858980231,0.0429291024669112,0.117991402391007,0.0673759492257001,0.0809957658148563,0,0.063493538962806,0.0936444927543872,0.0215351198566741
"1x2",0.28721038600221,0.0334035645532086,0.0547784212026151,0.0241126154958876,0.0131064064342356,0,0,0.028758487107411,0.122556188991601,0.0952346991770448,0,0,0.226841602674499,0.0627643812560024,0.051233247105285
"1x3",0.175810764038551,0.0426969163359935,0.0468296510933315,0.0496783071801145,0.0224795151956812,0,0,0.0297453506350344,0.100399326350888,0.0762933735017816,0,0.0503347687861805,0.271445872335721,0.081169551467458,0.0531166030792646
"1x4",0.195975442958385,0.054987588610795,0.0383111727369596,0.0292313450150058,0,0.205838279564996,0.063792115459126,0.0774930152242414,0.0554337054060691,0.0502629543120132,0.0225981544461122,0,0.057599153134902,0.103421330824493,0.0450557423069009
"1x5",0.148241372398386,0.058823658762918,0.050864086845749,0.0545005535855475,0.0423994203387661,0.166493316092248,0.0309492419973215,0.0572885310112564,0.0493701795351967,0.141177185700814,0.0965056447431348,0,0.0320561200238669,0.0370433088588069,0.0342873801059889
"1x6",0.123452820375582,0.0552360657021136,0.0390370656980511,0.0720153052973989,0,0.218318031102144,0.0376444512343553,0.0445989015460772,0.0482363442766037,0.115615450841592,0.0465385792640651,0.0522115437771029,0.0334130582726416,0.0647981002038465,0.0488842824084261
"1x7",0.122995316237732,0.0502406219630366,0.0620565684008507,0.0404970824388877,0.101204465428084,0.107163429263613,0.056603450890915,0.054473438684697,0.0695102086604969,0.0820899653828244,0.0841115619660996,0.0118376085725731,0.0457071016625326,0.0535689943325559,0.0579401861151012
"1x8",0.155871749971538,0.0794083563394469,0.0680460562808242,0.0231943356396324,0.17524874334635,0.0613518224317993,0.080865994778724,0.0431851833869683,0.0533415101361515,0.0793822805112185,0.020970317761972,0.0392933404998026,0.0485376121128572,0.0526196963911924,0.0186830004115234
"1x9",0.162720815694824,0.0731706428292467,0.10918464838494,0,0.0442497591159371,0.0187452641641837,0.0465597309422358,0.0427350003366672,0.110296782681717,0.0679598966005491,0.0733872834143812,0.0155408243549838,0.136767285986953,0.0846784945647692,0.0140035709286121
"1x10",0.202179675300927,0.129882199722378,0.0204516932662641,0.0779986316786741,0.0798011782311185,0.0544555581925158,0.0141560144683722,0.0485525818209679,0.0516340131774545,0.10781536068567,0.0243998475573983,0.0387255899922911,0.0520347382989549,0.0979129176070128,0
"1x11",0.154208187948735,0.135813611416446,0,0.122791208877524,0.0387264161019845,0.030413364778113,0.0364313997834039,0.0706243165461566,0.0504616227212705,0.0761451736403811,0.0577564386368092,0.058874774159169,0.043927296928416,0.100242044501552,0.0235841439600392
"1x12",0.157924882250162,0.119432426626786,0.0269443993546085,0.147166291806453,0,0.0415329283373624,0.0380353520190696,0.0829077682644594,0.0341656875647487,0.0893287282070735,0.0673668896013719,0,0.0402974740599564,0.0856661023881731,0.0692310695197757
"1x13",0.156897658116281,0.161655459192004,0.082202481757297,0.108964197485273,0,0.0344776669547797,0.0140179363057078,0.0964423442826476,0.0692477802497886,0.0586472787819612,0.017525040542629,0.0157850128768123,0.0398316308001214,0.118619825676265,0.0256856869784316
"1x14",0.221721159407728,0.0934754683814746,0.141469701079761,0.0703210099442063,0.0113853510169194,0.0121766648832837,0.0563976951824973,0.0548375337335354,0.0181842781092086,0.0882323506207741,0.019315701924849,0.020903918736446,0.0398900674382322,0.100122235785224,0.0515668637558611
"1x15",0.176455775274519,0.0999067432876506,0.128480756785679,0.0954170655820522,0.0118756067190917,0,0.0335883072598579,0.0472418043820845,0.0555966572962892,0.0899803403612282,0.0336664506078848,0.0348347517697523,0.0517935830493601,0.0887626908826479,0.0523994667419028
"1x16",0.120193183536422,0.110478918768084,0.11665983266597,0.0444707063423003,0,0.0363332111535904,0.0675839642805719,0.102697518338314,0.0594918065780917,0.0915841272406038,0.0600218325282041,0.0112237929164217,0.0450019806713839,0.0816196041896557,0.0526395207903859
"1x17",0.175708347840893,0.119647913986637,0.11729201540078,0.0548671243757641,0,0,0.025427915677491,0.0346550254781668,0.0274300550170144,0.110987578937585,0.13660349777958,0.0327823215958313,0.0196450716173104,0.0906654874045377,0.0542876448884093
"1x18",0.263275543671375,0.136689968563944,0.0426479168806609,0,0,0.0247369773098935,0.194336979840505,0.0363020020241937,0.0728407097376545,0.0504910012091781,0.0633930351560887,0,0,0.0856732930696497,0.0296125725368569
"2x0",0.113918377521772,0.0808937122692552,0.0925974342265872,0.0369439372175104,0,0.112091172907159,0.0224847894785872,0.0727614934651375,0.093801338372389,0.132106084541477,0.0557936211645659,0.0118948218252515,0.0266314153189045,0.101961453073145,0.0461203486182579
"2x1",0.18603099359639,0.0545986680002155,0.0302826157904795,0.0232861409058812,0.0561275101945087,0.0740164811508538,0.0615851305827295,0.0886642039351617,0.0716483099425561,0.11473112890891,0,0,0.114633939637246,0.0786339502005536,0.0457609271545144
"2x2",0.198614604751091,0.0314227261078331,0.0450731092145515,0,0,0.0307347778192764,0.0725886857022565,0.0502327428144749,0.0193847808281097,0.148989457775422,0.0226518430123775,0,0.196715816966823,0.138300902912588,0.0452905520951956
"2x3",0.261741444172389,0.0513688882408752,0.0489787408211203,0,0,0.0613469058801229,0.0217634690067395,0.0550347101016655,0.0236126900727574,0.102160261369542,0,0,0.186120256243087,0.127968756203351,0.0599038778883499
"2x4",0.161365760034509,0.048195628233549,0.0372673680977461,0.0520521835205995,0,0.176588333303787,0.0791751183733896,0.0189974120984779,0.0661880499912739,0.0779718367042687,0.0248272711500535,0,0.0909064769686384,0.104235952881879,0.062228608641828
"2x5",0.147778758200813,0.048046810427321,0.0435961358503107,0.066099596366952,0,0.197355783163256,0.0201819184282135,0.0620820457948181,0.0647655575226642,0.0689038671425068,0.06927438692745,0.0546258926262817,0.0279075219950402,0.0692380348389382,0.0601436907154356
"2x6",0.198951556917057,0.0456567565738394,0.044389804950987,0.0684975595593817,0.0181268108296832,0.123691929927588,0.0307600809731442,0.101063164703138,0.0608487916610259,0.0710849960230322,0.0545407774447783,0.0307595076560732,0.0488643134672359,0.0627033865552474,0.040060562757788
"2x7",0.277191559486088,0.0825222416091975,0.0694620976306685,0.0391505627532561,0,0.0749918350995036,0.0439688615746546,0.0608188002768684,0.0822682764795172,0.0719226396135079,0.0196430833887934,0,0.0519969123599196,0.0715858652496458,0.0544772644783799
"2x8",0.247967233187686,0.0416775217231704,0.037522719198057,0.0428028228098024,0.125093375914573,0.0630644859499021,0.0385934456157798,0.0622658631552185,0.0498120655305406,0.100156609816826,0.0387407280625335,0,0.0532415264748482,0.0396560781640925,0.0594055243969711
"2x9",0.165798676184081,0.0611070468290171,0.0579142731345056,0.0511474732323099,0.129526951528275,0.0271559765688106,0.0591879519447997,0.0697936836965391,0.0257048464026517,0.147689821757293,0.0445647943452561,0.0476503133564029,0.0254003218080235,0.0549057261800997,0.0324521430319356
"2x10",0.144792368999938,0.0597463400333362,0.0353094978238956,0.126599311468484,0.0615258458922307,0.0560092578538214,0.0629000181151809,0.0802812835188677,0.0446998541237243,0.0880634388061783,0.069475659981816,0.0135209221715461,0.0413158325117822,0.068208082847313,0.0475522858518853
"2x11",0.187619698701616,0.0589041638398869,0,0.22091059586515,0,0.028663291821785,0.0622853161685525,0.0944646027194056,0.0658416117311442,0.057051549863854,0.0466630305574045,0.028918459678846,0.0345633153202691,0.0609834581468118,0.0531309055852738
"2x12",0.131368456412135,0.0460369162096447,0.0201801974869928,0.168643628384135,0,0.0972453973111643,0.0316636153011338,0.0936733017459552,0.0477551286244745,0.113277381297244,0.0632752377946544,0.0161202269325965,0.0477165071474152,0.0509183455127125,0.0721256598397412
"2x13",0.177747768244277,0.113604680757121,0.127885639703585,0.0820835770287612,0.0162297059044108,0.0199288978156673,0.0566335845444157,0.0694189863596903,0.0430485684553393,0.12396460126641,0.0172401859726322,0,0.0246610995848253,0.0581815606808068,0.0693711436820575
"2x14",0.138643168283326,0.0602161492937885,0.14615777205247,0.0342632236129076,0,0.0745432643951656,0.0469780544085173,0.141236720153879,0.076645396159919,0.0892839392799297,0.0197724506031189,0.0124205098692103,0.0211702763935788,0.0868722957449864,0.0517967797492024
"2x15",0.126440276843473,0.0555425472615878,0.153093233751813,0.116164986986216,0,0.0226515457391145,0.0454881538852871,0.0309502630075141,0.0572160496731647,0.156707734574281,0.0459124204007951,0.0296026357073535,0.0538221810846834,0.0636276076222544,0.042780363462463
"2x16",0.12134757284476,0.0467385883733151,0.151238982236383,0.0450103621575621,0,0.0675374208605026,0.0311579333069773,0.0460410487159217,0.130482357542386,0.0984408008720774,0.0478600625153932,0.0430270098731917,0.0473780089790473,0.0595986002874558,0.0641412514350272
"2x17",0.25430700631521,0.0274589511219634,0.0546232491077448,0.0563158129254677,0,0.010080356554415,0.165688265136492,0.0350566914589448,0.0324940344473613,0.103323580408937,0.0994434308211787,0,0.0471771164459741,0.0557229461738244,0.0583085590824865
"2x18",0.42954191827205,0.119535431109813,0.015325346709656,0.0253972088741026,0,0.0287603137339263,0.074109145403749,0.109301157697641,0.0127896617201478,0.0506624259684667,0.036968489920654,0.0165473015358643,0.0271815429800201,0.0300173570313227,0.0238626990425856
"3x0",0.132927708542383,0.0960664896885431,0.0844680241708013,0.0149328161274019,0.0931963785056324,0.0528103510512239,0.0468588601326483,0.0579927294609412,0.0498716611345727,0.0705277104064996,0.0692429664949633,0.037947668432785,0.102474393335734,0.0626203448415963,0.0280618976742737
"3x1",0.310218012822839,0.0916988932008836,0.0459198028173482,0.0383951626365344,0.0755069345991681,0,0.0608636082967386,0.0535546631049035,0.0239561619944465,0.0983247602744921,0.0314014144703793,0,0.0821066915269704,0.0661874925396655,0.0218664017156312
"3x2",0.224856461446276,0.0461493800838375,0.0409070228373924,0,0,0.0321492649359456,0.059595778536658,0.107269259431013,0.0321326199113097,0.108830170594179,0.0203446379295646,0,0.214003138551979,0.0484378493014802,0.0653244164403646
"3x3",0.0916909562149828,0.0717493927856038,0.0371595928503909,0.0140143047295458,0,0.0155431689035309,0.0651600415311065,0.0510037873420796,0.0351766137889617,0.126983739780044,0.0492630020088343,0,0.267718515705111,0.103999174449844,0.0705377099099651
"3x4",0.154485690237213,0.0922211404554207,0.0299991945219679,0.0403525289258654,0.0434975624838391,0.145448544518236,0.0715574592822092,0.0391822251978994,0.0494561121004887,0.0675461955019901,0.0172103970822594,0.0361526314712792,0.0900643749235478,0.0856221686983114,0.0372037745994724
"3x5",0.179294784061679,0.0750249157559033,0.102581875192623,0.0455401397392513,0.0585549406390427,0.0862064189023229,0.0476171941823686,0.0453035853493452,0.0684291381180465,0.0547496566585999,0.0295894340856049,0.0522347815886275,0.0275707181911143,0.0783896763996935,0.0489127411357774
"3x6",0.101192034151253,0.0269278480086477,0.0182527316233674,0.0782213854735314,0.0117073702068329,0.214839132568836,0.0558061228829575,0.0699613006722761,0.0753271367278828,0.104101811198599,0.0395960168157701,0,0.0557872666430146,0.0784287376700115,0.0698511053570212
"3x7",0.155975595028237,0.0190293356538655,0.0221161658035062,0.0459103967662329,0.220631730492622,0.0658340891817822,0.0826526403174445,0.0320191489156114,0.0654631159314978,0.0505682197313946,0.0406910095143568,0.0385948394222571,0.0692468778785774,0.036130248308999,0.0551365870536156
"3x8",0.123839110008366,0.0779378460304846,0.0302107117374746,0.0455988216384625,0.155759373910009,0.07896351589243,0.0208914684875133,0.0689744342829345,0.052652520195471,0.0991169144927604,0.0278262461244917,0.033454456688182,0.0683756795305621,0.069559411580294,0.046839489400565
"3x9",0.159876258096871,0.0805920651777999,0.103617817156196,0.0464471988737131,0.144268870974192,0.0499642024882037,0.0588871792294987,0.0806071298060254,0.0661061127819285,0.0549743395122676,0.0500657266661393,0.0239600018781088,0.0175272536656727,0.0437157503736571,0.0193900933197252
"3x10",0.114434910464594,0.065699483561817,0.0116349975891956,0.164170380724493,0.0288093518321841,0.0607285199620073,0.0373589004016118,0.0697329232651898,0.0355862889768499,0.120931890975625,0.0810545330976572,0.0259539152922962,0.0658433056527698,0.0784851343552215,0.0395754638484873
"3x11",0.176231680197386,0.0763701027081646,0.0418782798999606,0.191236296452269,0,0.0135642082969562,0.0327654206558109,0.0498517780409764,0.0554112832879227,0.0725816077471504,0.0784611990127584,0.034151598333722,0.0371507579720768,0.0809583229320204,0.059387464462825
"3x12",0.143568104129347,0.0640190822603552,0,0.219727830383874,0,0.0665162269643578,0.052082165031392,0.0479233670518379,0.0582085348093546,0.0852546466843288,0.04523511473534,0.0209755246644673,0.0677726475210686,0.0930717374617013,0.0356450183025746
"3x13",0.174797104291363,0.0292961168653827,0.0472979445055731,0.144262196615732,0,0.0752537061263649,0.034682090917068,0.0920840996412049,0.0482062213126145,0.0787239808538198,0.0788388030406378,0.012277617478247,0.0588217532832904,0.0607097220854404,0.0647486429832618
"3x14",0.164442806303321,0.0601709545272543,0.124759468348439,0.0751350880388433,0.0366242874284251,0.0242619262165816,0.0674194391203579,0.0372285466649902,0.0374702495173791,0.138658840796587,0.0206739073284827,0.0344061448645211,0.0239592362791853,0.0969806333407046,0.0578084712249265
"3x15",0.172268346992205,0.0394773258474676,0.116834211518238,0.0626418015699222,0,0.0497686218331212,0.045783235477466,0.096100511344393,0.0661554525324158,0.127136204536279,0.0582855564231171,0,0.0323985276953447,0.073706100740001,0.0594441034900295
"3x16",0.129540275473006,0.0470384338763166,0.207676348423831,0.0161574113400167,0,0.0626291208981896,0.0674539536225508,0.044594151893643,0.0682966800802925,0.0716647896475746,0.0544791334759459,0.0667187531844075,0.047096084213638,0.0463739283879655,0.0702809354826215
"3x17",0.259072877835063,0.0286080655629487,0.0461359578521671,0.0356806244710104,0,0.0323706176025658,0.100454686209026,0.0741937903712283,0,0.130560081117181,0.151597297385238,0.0259873542788156,0.0146027829793035,0.0577520340567651,0.0429838302786877
"3x18",0.432411415422798,0.0196859938332048,0,0,0.0959191054956751,0.0376447422488752,0,0.0735836900483657,0,0.107320516313031,0,0,0.0808206329699902,0.0966067145159405,0.05600718915212
"4x0",0.114449236189476,0,0,0.140204566417762,0.12486156346534,0.036983125625233,0.134470844587359,0.0111774214629755,0.0415765202192547,0.125783561886067,0.103528899781006,0,0.0550113744311288,0.0833703466894521,0.0285825392449467
"4x1",0.363538113089,0.0353838209926846,0,0.0544993220775371,0.0985459064960788,0.0224509264521417,0.0143541846035434,0.0255835180894232,0.0700940952273719,0.121389701879986,0,0.0328658100711255,0.0336131050295719,0.0892215416705894,0.0384599543209465
"4x2",0.260521879580197,0.0821987136832813,0,0.0566510306808126,0,0,0.0272351330134528,0.0757598783104726,0.0401968674593557,0.11080990213698,0,0.0221357804728361,0.185180026146966,0.110113397788366,0.0291973907272797
"4x3",0.243484704099158,0.0302881724085846,0.0440809528141552,0.0192531308238168,0.0157672075638237,0.0433984636284684,0.0725702013586939,0.0378257742044779,0.0486345331461954,0.109714581090992,0,0,0.209675055943464,0.0578270471112827,0.0674801758068874
"4x4",0.154636069301751,0.0558572702280796,0.017696811264803,0.0484908896670791,0.0647016174413446,0.15545487039008,0.0421311066672642,0.046695782574638,0.0591794849822951,0.129404895965889,0.0609884435022634,0,0.0492603877112692,0.0731602896069704,0.0423420806962736
"4x5",0.137340641993948,0.105134624011696,0.0421525126836243,0.0517572935754668,0.0314344328915069,0.140617831633394,0.0386122204613008,0.0465751956775983,0.0678984138261271,0.113508331412045,0.0491015332044848,0.0263374398893292,0.0486668228498498,0.053973467057589,0.0468892388320393
"4x6",0.238531316827502,0.0852572537798279,0.0391946852687014,0.0382480510187917,0,0.0868825314057903,0.0366680248931906,0.184124818534652,0.0124962666550425,0.128601504140347,0,0,0.0271559244507447,0.0649453101009911,0.057894312924419
"4x7",0.198387590852479,0.0575027420554184,0.0483733559693685,0.0312552227543583,0,0.0812393754861,0.0714911425799874,0.112952664821587,0.0965627800301882,0.0863602040675065,0.0320126036895984,0,0.0467580186935017,0.0943993922810648,0.0427049067188417
"4x8",0.214824618824383,0.0541825609752914,0.021763245840553,0.0577275683104544,0.210389431865562,0.0217142264161153,0.0457982425475261,0.048504146385394,0.0855651563274824,0.0859829325954171,0.0390386413847339,0.0369246072968168,0,0.0414184998706,0.0361661213596702
"4x9",0.215378385779318,0.0380314424088792,0.0562055171559512,0.0669667076691698,0.0605453284475096,0.0552483106382754,0.0346303758749745,0.068071172751962,0.0497578146907874,0.0703509492791155,0.0444462104863336,0.0255525024425567,0.0607013094886337,0.109702031571992,0.0444119413145415
"4x10",0.163382968989059,0.0877980234268489,0.01251730513175,0.165840147228532,0,0.0355080831170209,0.0579129417404282,0.0741409043462,0.0898775062616228,0.0908776549645129,0.0446889635812768,0.0338466459646811,0.0529871282472157,0.0410014868820439,0.0496202401188074
"4x11",0.176923794459895,0.0661882561051291,0.0355479972034023,0.217782311481132,0.0376345313740909,0,0.0481821712161666,0.0308631912662289,0.0704844095816022,0.0716454766664033,0.0732897747493745,0.0144039820631872,0.0477431186234119,0.0670266412980892,0.0422843439118871
"4x12",0.149108609593435,0.0775429258122654,0,0.218740603912387,0,0.061412872179837,0.0326359919151494,0.0533101031021795,0.0792654441028015,0.0579897647549683,0.0481995648320267,0.0733939340995336,0.0367409665192702,0.056301353262531,0.055357865913615
"4x13",0.159509115028899,0.0641039224413405,0.105975797953895,0.149464879571531,0,0,0.0153180335039938,0.0791245969555721,0.0566355612432448,0.0967289129508623,0.0339368501651838,0.0184818831206497,0.0927098379907478,0.0751666758126385,0.0528439332614423
"4x14",0.18395265478186,0.0639503950099236,0.17042017170713,0.0549664060669895,0,0.0341760954633277,0.0134561621580515,0.0594624513488149,0.0617087384217587,0.103063390939752,0.0547370057130718,0.0437876713526606,0.0191053274390152,0.0855992693558631,0.0516142602417817
"4x15",0.157967834483026,0.0415873586401498,0.0774306663745521,0.0501772715993406,0,0.057755050668677,0.0212989275172436,0,0.102910726106881,0.157573638189514,0.0594364512458985,0.0580330041468945,0.0364610208180701,0.106504479593001,0.0728635706167513
"4x16",0.223274154697008,0.0650921777593424,0.159610863029028,0.0681436835404352,0,0.0241676139579287,0.0642202977441943,0.0568510634479208,0.0460391676279256,0.0727370133352883,0.0293924516152006,0.0114230288492107,0.0566963772650754,0.0713004661913291,0.051051640940113
"4x17",0.323176411500759,0.0863326207744812,0.0945607683653075,0.0470493253344835,0,0.0191005761958334,0,0.0352527671637447,0.0745940266781121,0.0704769870388605,0.112716506452064,0.0422382244285792,0.0738217244690584,0,0.0206800615987161
"4x18",0.249980247274404,0.0632741550378486,0.0324365076165187,0.054702331080126,0,0,0.0352939248776989,0.0203484626947265,0.0832077791046339,0.0899355316799093,0.0965526087238101,0.0575868408531434,0.151761640984934,0,0.064919970072247
"5x0",0.154767223992379,0.0831115559146788,0.0242796789808349,0.0117058173679274,0.104080786591272,0.104403266150022,0.0299914102313782,0.0270384654445787,0.0822180368823772,0.139731670137547,0.0186981753178696,0.0415663791392608,0.0624200053981831,0.0542321836467687,0.0617553448049222
"5x1",0.289007990916653,0.0586896135941471,0.0339404939895332,0.0358462087242592,0,0,0.0666284484758363,0.0390390198015083,0.0575660005670917,0.063817251733715,0,0,0.186314427893459,0.138305544310883,0.0308449999929147
"5x2",0.320323764828542,0.0273935261576576,0.0122161585953967,0.0377319545935711,0,0.0218217821877963,0.0281788997985101,0.0193102030225317,0.0741402047961148,0.0948090825676328,0.0225683554591897,0,0.200083922865214,0.11763191034964,0.0237902347782035
"5x3",0.1801571114104,0.0643308614823614,0.0666629678910116,0.0418962351688729,0,0.101314999043387,0.0363711937890884,0.041052049050838,0.074284799760883,0.072065499289498,0.0525004481005684,0.0354657690562681,0.160356556312889,0.0521642569360614,0.0213772527078721
"5x4",0.158719721676072,0.0561792484485854,0.0419662293299709,0.0518473945006316,0,0.159610068658694,0.0729392140355685,0.0597478245303507,0.0414644718699432,0.085623201594009,0.0503498059549626,0.0214523615718262,0.0767343064798248,0.0667110352208394,0.0566551161287214
"5x5",0.168912306756649,0.0436869597221535,0.0412042929190188,0.026562569709156,0,0.152406357785285,0.0397584165507604,0.115014790783302,0.058753062505169,0.0810190539709742,0.0804447178723953,0,0.0452799016148072,0.0828763102754146,0.0640812595349149
"5x6",0.125525366097034,0.0537794400762916,0.0427636426086318,0.112744311736745,0,0.105676024677249,0.0480672667614589,0.109508046774532,0.0884429590012797,0.0825305577382429,0.0600548856125416,0,0.0631535325113748,0.0366839594688907,0.0710700069357272
"5x7",0.197607694312665,0.0673784802209499,0.0378498420224153,0.0785626731315878,0.0264673637396917,0.0159039665190645,0.076599524516623,0.0258535580599549,0.141281435558973,0.100635958129359,0.0284397302363243,0.033974294434782,0.0446097610011047,0.0784362587932118,0.0463994593232936
"5x8",0.198305414831816,0.055649361603848,0.0271050634529308,0.0233547377309044,0.139731972259202,0.0844572308409154,0.0459449511638843,0.074368234033525,0.0361395844993124,0.112879335699373,0.0605505889048329,0.0411516336815757,0.0365504314704618,0.0374936148192126,0.0263178450082048
"5x9",0.178228046280289,0.0371363698928443,0.0546927309987214,0.0616713649944253,0.0644425077194744,0.0450030135861971,0.0395911291480875,0.149386915616852,0.0447274650786401,0.080277817463923,0.0948264365544918,0,0.0536016686956352,0.0752327237708426,0.0211818101995771
"5x10",0.173420325327695,0.0222678741538437,0.0164061073115263,0.147496004875153,0,0.0561268629391262,0.0832076584694921,0.0734067792770341,0.0714822198615181,0.0644812067312838,0.0676453210407987,0.0462262299764038,0.0289187948279249,0.108730307273343,0.0401843079348564
"5x11",0.166626618848845,0.0668950873066466,0,0.194999378787366,0,0.0454372356911005,0.0694867498896521,0.0993924335038803,0.0741880591638447,0.0514109886228855,0.0923786230672621,0,0.0308776915238056,0.0656494408186954,0.0426576927760162
"5x12",0.154195706613215,0.0494431810196625,0.0359410272058145,0.205497563140087,0,0.0576959623110841,0.0472122074659183,0.049654578654503,0.0872314590332122,0.0701695368977938,0.0641208785875315,0.0131328989392062,0.0523768568783527,0.0558257004381955,0.0575024428154236
"5x13",0.183073073840312,0.06263489102369,0.0832906166302975,0.0959199071685049,0,0.0619424675121953,0.0554669516920683,0.0728092520443254,0.0588640396876573,0.10624322037415,0.0449088088595291,0.0111616490417071,0.0527946469388338,0.0589074021213445,0.0519830730653849
"5x14",0.145940332403626,0.0792990328249913,0.113718327895055,0.0962681993123221,0,0.0381639019883184,0.0555359603103262,0.0571183389392237,0.0771023275641769,0.106701989247708,0.0516486070889419,0,0.0581081286563396,0.0786953593491318,0.0416994944198388
"5x15",0.118736227775453,0.0481892352512994,0.187890973927202,0.0422351497059424,0,0.0266750325591008,0.0495179026403976,0.0448091919347573,0.0372483851955449,0.140687310167034,0.0683438012370247,0.0110215888968949,0.0639952999153902,0.113426992712863,0.047222908081095
"5x16",0.146706045245455,0,0.14792308893379,0.0354001592076975,0,0.0857079974001681,0.053097033054672,0.0250180282805712,0.122328086206893,0.083461337118816,0.0626098257400068,0.0277591395324968,0.0703138589535937,0.0738026298565697,0.0658727704692702
"5x17",0.266493775888357,0.130453400773318,0.0605672478361811,0.0484641693992396,0,0.0439715408012701,0.0610740240660173,0.0642293348587909,0,0.101326582966167,0.025835418584932,0,0.047079470596748,0.129964300286276,0.0205407339427033
"6x0",0.2221697054313,0.0988978038063284,0.0751176727861924,0,0.0965292925405727,0.0146653726780977,0.0490176901564245,0.156047487814547,0.0453077896811317,0.0549325008575762,0.0479328275192472,0.0296249836156745,0.0334040346924577,0.038976650933751,0.0373761874866985
"6x1",0.395045503202481,0.0392676058314797,0.0450345749272372,0.0177743404274304,0,0.0173446676364544,0,0.0651944455701756,0.0669369403355237,0.104798889938799,0,0,0.127361256188451,0.0847793926797496,0.0364623832622191
"6x2",0.185581645219963,0.0813700529444111,0,0.0655134561232752,0,0.0726347230690602,0.0111157838111897,0.0799484628833397,0.0123040094552705,0.134426133041328,0,0,0.264370705603378,0.0704469578500094,0.0222880699987747
"6x3",0.108619882342923,0.0909597702830835,0.0143399900578007,0.0695634580708976,0,0.173063605147385,0.077360175456548,0.0390536773578888,0.078869021895076,0.063133651172832,0.0597068998157326,0,0.112764823876772,0.0767571235288859,0.0358079209941749
"6x4",0.123200492748895,0.0628284916749818,0.0283104361373687,0.0913387636056964,0.0459580529938581,0.179307669449023,0.0406161813789804,0.0349054122812876,0.0654434561205536,0.0660833950718606,0.0500769553172769,0.0229398270151669,0.0675645801942809,0.0551029408294974,0.0663233451812725
"6x5",0.147095557630107,0.0702173568022894,0.0111335465351354,0.0971438891696045,0.0739936231070973,0.157110669075885,0.0634132918521699,0.0540593006044376,0,0.075600832131019,0.0711641448833796,0.0503322230597417,0.027572456596008,0.064367821141497,0.0367952874116288
"6x6",0.154333850610292,0.0709570749527572,0.0526544813379988,0.0689401189388474,0,0.177069808427367,0.048295800658365,0.0376332189159195,0.0718156379501487,0.101974406035311,0.0500096348816291,0.0177464575697627,0.0375440079469258,0.0578760513522031,0.0531494504224725
"6x7",0.159713068137544,0.0635321162753632,0.0495756500784248,0.0208077332917698,0.190347904005613,0.0195705468846829,0.0210261665728766,0.0868670446026352,0.0665880296226544,0.105202461284642,0.0151244292921926,0,0.115606747913869,0.0731149812031635,0.0129231208345698
"6x8",0.120756300538658,0.0672339653878096,0.0599077468820117,0.0222609593558699,0.106303298706597,0.0761279076084463,0.049099504858824,0.121725374987568,0.0738082590127817,0.0974992425351505,0.0668181869378446,0,0.0251308971147802,0.0733153014349432,0.0400130546387147
"6x9",0.167298747650737,0.0556674906559457,0.0339517161269984,0.137491675264493,0.0803285925036947,0.0602045419857418,0.0583982251657215,0.0382741630349596,0.0852867194222232,0.078410663596411,0.0492310035805167,0,0.0403265586941702,0.0727438348813169,0.0423860674370696
"6x10",0.221266162218589,0.0774929735952957,0,0.180446050646052,0,0.03529391060077,0.0342318114634037,0.0654826078688386,0.0503914844013566,0.0700122297668522,0.0588060668648393,0.0659860165267338,0.0604277183992714,0.049846695425476,0.0303162722225218
"6x11",0.199939031446944,0.0397464588045799,0.0172009484618336,0.170605956730572,0,0.0128807896365601,0.0276949515871653,0.0537329874559078,0.100332501967246,0.0880628885860766,0.0652153496347569,0.0441876294821692,0.0485922387754427,0.083684652565426,0.0481236148653199
"6x12",0.159428277390079,0.0506294377461541,0.153397791716161,0.110737049193576,0.0157899036670619,0.0452471423789541,0.0318135532006546,0.0514968476560053,0.100528915547527,0.0739055964614894,0.0442301413684472,0,0.0445680511816,0.0743420348401754,0.0438852576521148
"6x13",0.155617012070993,0.0974493385134164,0.0622397686062263,0.13138734106922,0,0.0343211410391482,0.0605008575240226,0.0636306719532809,0.0587129530391273,0.135011765952854,0.0470748464593937,0,0.0468928497762719,0.0565268792553802,0.0506345747406657
"6x14",0.216489411146991,0.0502358865945729,0.0878130014542432,0.064647757742813,0,0.0726207039171587,0.0812578728354073,0.1019477269906,0.0733063573047226,0.0907908096918584,0.0128849531697095,0,0.0297733394860343,0.0660601946741059,0.0521719849917834
"6x15",0.216585459641317,0.0485737023949715,0.112191089856989,0.0613395691709966,0,0.0272145050704095,0.0711591469935848,0.046373397469976,0.0624591770000932,0.107608467531328,0.0355979097926228,0.0565141429738416,0.0286213749317064,0.0789554903795048,0.0468065667926587
"6x16",0.15607279688994,0.0432098076118811,0.11344559751834,0.0843983580195287,0.0426180405530991,0.0133200414810927,0.0940479712262953,0.016877920938807,0.0806536657173003,0.119264980902931,0.0768649347484186,0.0153169714618591,0.0493675872687846,0.0469180728146767,0.0476232528470462
"6x17",0.0960525759931638,0.227985839715726,0.115005068119822,0,0,0.0140517449227994,0.085299066143825,0.0808604921006458,0.115983431102994,0,0,0,0.0803233294936089,0.114118927079601,0.0703195253278142
"6x18",0.159995780307762,0,0.0826554031134271,0,0,0.0721379785218346,0.334562421136372,0,0.0992466496027685,0.0145577862359941,0,0,0.0665997315949445,0.0965766893520077,0.0736675601348896
"7x0",0.207313094964904,0.0274547405824469,0.043146411648264,0.0175799147181211,0.0643695691954299,0.0192808413929563,0.0711206028789367,0.0784619282127144,0.135979165468811,0.116891628893152,0.0732868726744837,0,0.0256875741834821,0.0766345042061648,0.0427931509801339
"7x1",0.186341070545621,0.037746882376667,0.0283037373927486,0.020618429803912,0.0440603757672985,0.0457115172812682,0.0572177618233811,0.0528720795449131,0.129892268695891,0.146270410450606,0.0201190770990928,0,0.115391125800446,0.0834481802610238,0.0320070831571306
"7x2",0.104857331832522,0.0547271953291954,0.0419198804793064,0.0319110096334446,0,0.023217183033735,0.0279330351055647,0.0994562371512218,0.0148117424367492,0.114826496397244,0,0,0.35038650935625,0.0823042924419954,0.0536490868027724
"7x3",0.230605958630685,0.0551780857884557,0.0363930453188931,0.0494924551609675,0,0.104476962188104,0.0490528202998469,0.0710235748836888,0.0157835838258209,0.0815741462709264,0.0270120297964878,0.0466871167060445,0.0894284659150874,0.090782198634346,0.0525095565806466
"7x4",0.153698394387774,0.0613301418620697,0.020733867321854,0.0715806047189011,0,0.182058979669946,0.0294661542850444,0.115802472741835,0.0510484630504518,0.106032947750645,0.0262041531396276,0,0.0424615537193382,0.0880878010195926,0.0514944663329199
"7x5",0.14453832123805,0.059218376964173,0.0252650287262063,0.0754065599477165,0.0472118144280844,0.158754088307459,0,0.058191089633341,0.0707929682028992,0.0999423312721942,0.0508312113069954,0.0490692751816967,0.0452141173279969,0.0531374383253506,0.062427379137837
"7x6",0.18523081532746,0.0574378901218275,0.0516444896952545,0.0828659013872394,0.0166948102218964,0.0955568239383842,0.039969978929546,0.0692649718622232,0.0533568800358123,0.10688463049695,0.0477217038479518,0,0.0274937835799197,0.112366375554154,0.0535109450013811
"7x7",0.147501611502241,0.0486904804044365,0.0861028392342657,0.0206174137167115,0.0362760007622627,0.109636805380473,0.0583141574507737,0.145086189318564,0.0844080827962483,0.0355968898201623,0.0474983166835913,0.0191548078234243,0.0487283798889162,0.0636235602960575,0.0487644649218722
"7x8",0.115078528683076,0.0299741650092628,0.0652602200436551,0.0384847302121922,0.141516150754763,0.0665823735652812,0.0789208726942538,0.125261227191682,0.0627124576546695,0.0919599339973743,0,0,0.0516806224248702,0.0718773029666634,0.0606914148022566
"7x9",0.146477174317978,0.0391515641965479,0.0502731565880081,0.105750733368249,0.163824268690168,0.0565070512077343,0.0433168637132685,0.0956135162439211,0.0438331972683941,0.0604890905826979,0.0163414250862278,0,0.0485587326012128,0.0997408329371856,0.0301223931984068
"7x10",0.228254073979834,0.0784566764181607,0,0.185120147979859,0,0.0335345137985177,0.026951563836508,0.109265891031902,0.0327645321511089,0.0671579336655802,0.0483986192039599,0.0495923617537151,0.0149485125167261,0.0792933282808012,0.0462618453833266
"7x11",0.168899361227381,0.0521952542585848,0.0736368224605266,0.241209247758494,0,0,0.0381216878261562,0.0539603339944098,0.0960552038536657,0.0886504701646913,0.0465760826265087,0,0.0462900856315105,0.045062471269122,0.0493429789289497
"7x12",0.210023667296982,0.0524075820464678,0.118266499904834,0.116811486946885,0,0.0256535298923596,0.0206119356051199,0.0826773754783762,0.0833952782073682,0.100984111029673,0.0434047525140185,0,0.0177388613039014,0.0850942878416387,0.0429306319323753
"7x13",0.170598240987385,0.0421617647987408,0.115465776876632,0.11462443562927,0,0.0440016413639114,0.0554439087693581,0.0500542209946263,0.0613040508722233,0.104242384850199,0.0330677721134256,0,0.0496209917591959,0.0809905692451177,0.078424241739916
"7x14",0.195200876755325,0.0738879377123478,0.113583180504065,0.0840612229763756,0,0.0672003478354743,0.0469085685953716,0.0568980559477585,0.0330730942433401,0.147698863704649,0,0,0.0464244789961844,0.0949226036739232,0.0401407690551852
"7x15",0.220086105571579,0.0622653550317006,0.120016681869671,0.0618101953969113,0,0.0452487975672379,0.0543718002779619,0.034329714767877,0.0794415323523386,0.0978634320306131,0.0362050442836172,0.0134625664426607,0.049578420208461,0.0777804615614034,0.0475398926379667
"7x16",0.133341268589386,0.105361334404293,0.19133072610148,0.0563520408332871,0,0,0.0187457427726944,0.0407532809480232,0.0751257779175104,0.130235038647425,0.0589370186763243,0.0108226535323516,0.0567043256763884,0.0430288037069357,0.0792619881939012
"7x17",0.343918076786225,0.0931519157275766,0,0,0.0668936523761382,0.17547676833593,0.0395582195530133,0,0.0716265040123743,0.0205801581770399,0,0,0.044390962472917,0.105400773768997,0.0390029687897891
"7x18",0.364125843321233,0.0790598857787667,0,0.0551808455145262,0,0.0249101310722917,0.0267528169201363,0.0683731951949179,0,0.101412667644991,0.0414646069460037,0,0.0523458158214963,0.137233266194031,0.0491409255916066
"8x0",0.292761254388505,0.0648627248036989,0.0246739219034589,0,0.0254452611762308,0.0536982379003339,0,0.0666710619831182,0.0575808488573036,0.0898018894675347,0.0252248200068577,0,0.134158889775089,0.131394141496812,0.0337269482410573
"8x1",0.284255543605354,0.0619653851441016,0.062658545317849,0.0188868148227511,0,0,0.0219650096163504,0.105173109645921,0.0565037341142236,0.0493413269121935,0,0,0.159683705971412,0.140538517243869,0.0390283076059744
"8x2",0.109062019829419,0.046214304269107,0.0459986467627397,0.0165338944332872,0,0.0416661470577315,0.052072932876678,0.0959341549858071,0,0.130590215541871,0.0194464059593414,0,0.284515902257352,0.0973174941655825,0.0606478818610842
"8x3",0.173899833952545,0.0438361762207079,0.0427383280771632,0.0428271017515941,0.0171811078351668,0.160360714171028,0.0173378031821172,0.0475480595763462,0.0601818549923972,0.0970973587203713,0.0521981805903378,0.0250926173129942,0.102099687771171,0.0783793826952514,0.0392217931508083
"8x4",0.138967201339767,0.0504040646027256,0.0320404031296472,0.0792736289655677,0,0.138317029134095,0.0654596772188223,0.0763508767011991,0.0833672688875532,0.117481647633994,0.0315310857726064,0.023474280911999,0.0270498224003388,0.0743012811623945,0.0619817321392906
"8x5",0.115295105562134,0.034760936027167,0,0.0847593384864041,0.0972557420944364,0.173485613934967,0.0568966578288455,0.0254059637565274,0.0594103972201162,0.0692606132907348,0.0483586929359922,0.044100566826158,0.0551506682983319,0.0755863320467881,0.0602733716913971
"8x6",0.191699970682618,0.0518568375650279,0.0265646713529823,0.04835846955284,0.0668938414785105,0.0654036735094143,0.0557490011755383,0.160930747015155,0.0988527457626305,0.0580659140367782,0.0374418902716549,0,0.039233527424092,0.0500451136493508,0.0489035965234064
"8x7",0.279635674682067,0.0476460483431053,0,0.0706961389177006,0.174188659211374,0.0379538695540967,0.0567412313760194,0.044483004820943,0.0108644201532555,0.0976873268307883,0.0309125069625748,0,0.0231543033911566,0.0863152480557167,0.0397215677012024
"8x8",0.15791152563647,0.0429718790054963,0.0432411477589154,0.0504477925025416,0.160001805814943,0.0490832445083241,0.0667705444460098,0.107584365255749,0.0802025478465519,0.0856486546851953,0.0345870215506972,0,0.0176784953582607,0.0686370701007026,0.0352339055301427
"8x9",0.151952944900724,0.0890014654730362,0.0392413872970843,0.10266532653328,0.0351043190870481,0.0609588510639302,0.0423226630685849,0.0759624068782508,0.0848946480940068,0.106932641556894,0.0534318956272983,0,0.0412316869335701,0.0796035187830794,0.0366962447032131
"8x10",0.215450680112607,0.0554637178086346,0.0261733958768335,0.181045970420795,0,0.0242671018874206,0.0212322392876263,0.0415037919891437,0.0956026174547527,0.0717779018779971,0.0548191024025891,0.0583630659158408,0.023286997070094,0.0557248759015128,0.0752885419941529
"8x11",0.178241038016051,0.0359809016241617,0.0675340274127584,0.170041211128194,0,0.0335970174022843,0.0470711216683185,0.0503290247948103,0.0664425082375611,0.0724508545681896,0.0516766197094935,0.0314945272405084,0.0295513314112754,0.100602372033661,0.0649874447527318
"8x12",0.214082594350314,0.0329850719403233,0.0708071900925468,0.136298611035582,0,0.0799076555447655,0.0364114985740927,0.082737621233243,0.0463893055672616,0.0780614476936594,0.0393779596701905,0.0319481256378582,0.0434895609913475,0.046191125038996,0.061312232629819
"8x13",0.208611778382783,0.0449692611552399,0.137970085495781,0.0834195300052457,0,0.0583220514846467,0.0162712746847637,0.0392895292381899,0.0923632000118963,0.0988593278540507,0.0490189538092117,0,0.0618220431675798,0.0642208211649033,0.0448621435457081
"8x14",0.140149152746147,0.0311530512909888,0.127517137245599,0.05110611170937,0,0.0688098265661466,0.035122386651427,0.0570559143396421,0.0852794872905693,0.108123300295677,0.038003873381678,0.0497580798628311,0.0245824340551768,0.127601893155301,0.0557373514094463
"8x15",0.140930297938316,0.0830108943637457,0.188181721004717,0.0743357204631736,0,0.0111719964794661,0.0277361470918751,0.08066841378784,0.0580284893603881,0.123921585598429,0.0131413410798418,0,0.0578222587579697,0.0824365998114642,0.0586145342627735
"8x16",0.16717402372664,0.0778490723573926,0.155751487511269,0.0178552282105468,0,0.0743593580325315,0.0447042721163543,0.0494382634517684,0.0855220988951272,0.0903335782318711,0.052034804658994,0.0119939661033058,0.0300466826492457,0.0889137198030217,0.0540234442519321
"8x17",0.226345943224653,0.134835121950539,0.0234494118852686,0.0854674479146307,0,0,0.0697231634023451,0.0482718892854406,0.0266556412705048,0.151183443766783,0.0988986283564088,0,0.0605530752440385,0.0746162336993881,0
"8x18",0.271752643016382,0.0370278064399537,0,0.0395291014579015,0,0.0387451825971637,0.0406186001559218,0.0876883718213382,0.0524214140395524,0.11047610574451,0.0682565106416366,0,0.0630348624048264,0.180441828944663,0.0100075727361503
"9x0",0.339881347605643,0.0436739494994252,0.0427204078279326,0.0198387474890133,0.0319310901624784,0,0.061716535687997,0.0731289863206219,0,0.0946295862692772,0.0246057657934385,0,0.134199884778422,0.096567983561479,0.0371057150042721
"9x1",0.226305865560128,0.0382561518491332,0.0564481564042613,0,0,0.0356445136168832,0,0.0742552669009081,0.0113620484190728,0.200325751417868,0,0,0.295114595571746,0.0435377633135564,0.0187498869464427
"9x2",0.21742061780642,0.0583322698688941,0,0,0,0.0910130308347142,0.0491625378171679,0.0881604391199545,0.069343641627522,0.0473286983395631,0,0.0505889948626223,0.196056378061353,0.0986912442270944,0.0339021474346947
"9x3",0.183073150953633,0.0396540621479785,0.0542014452496491,0.0289426374390906,0,0.153709807412138,0.0406460871901043,0,0.115568963607071,0.122794058220995,0.0664688316186852,0,0.0525563820327226,0.0742975449566957,0.0680870291712367
"9x4",0.138381899955257,0.0477325731240145,0,0.130024394822928,0.0444199355537693,0.13346835535124,0.105598764869511,0.0636243102256819,0.0272119377464372,0.103731860606687,0.0399639982312108,0.0216222243889249,0.0404175314987629,0.0555050469127117,0.0482971667128637
"9x5",0.251905595157527,0.046075853464042,0.0242700983724804,0.0427213323862338,0,0.176120256278934,0.032795994711075,0.0779309338798801,0.0332837630925628,0.116175035253688,0.0395935132270406,0,0.0280425696043129,0.0852721278256931,0.0458129267465298
"9x6",0.156585370146413,0.0627687467512011,0.0133059030109971,0,0,0.0951137405967504,0.02803699500717,0.273906508375607,0.023612756950852,0.0994054132657676,0.0321041024691335,0.0459516047180057,0.0309924327552825,0.0575004026351755,0.080716023317644
"9x7",0.101627690544948,0.02425715917455,0.112676863120672,0,0.247894462268844,0.0338162188933805,0.0937276342000996,0.0213101096865451,0.121312766434634,0.052804718834467,0.0683688547540772,0,0,0.0759080795673089,0.0462954425204745
"9x8",0.182345535399696,0.027306983377072,0.0348709176243222,0.0911540082282571,0.0482194301721536,0.0180523595630668,0.0583998458742249,0.0755128859739189,0.20649663633325,0.0511918620671567,0.0836693867462308,0,0.0239884935829015,0.0646125746811663,0.0341790803765828
"9x9",0.143834506789139,0.0762345742378972,0,0.099471865761577,0,0.116436822351712,0.073759153552331,0.0561296949856051,0.140652034754193,0.0668824176849504,0.0718359017469547,0,0,0.10327680596926,0.0514862221663806
"9x10",0.20410729995341,0.0360450068082781,0,0.205865293345091,0,0.0788854228729469,0.0363487161218051,0.0446911841710536,0.0880479060703155,0.0679160126578342,0.0761440526517267,0.0105363103632742,0.0220272625175372,0.0904250187035451,0.0389605137631827
"9x11",0.234220256472591,0.0674563808437131,0.0235536923463231,0.163061091704169,0,0.0406085888276709,0.0466015357846888,0.0498636682520276,0.0537554190545944,0.101774835634778,0.0567511859389984,0,0.0310959320846204,0.0606397675830986,0.070617645472727
"9x12",0.144330581087409,0.0555052306422673,0.153564657128561,0.0744647607486586,0.0258709418151045,0.0510632235622823,0.0295007704476709,0.0523876414762812,0.0529288817912488,0.0880017371312988,0,0.0537860363077803,0.0910169945999765,0.0729162537481441,0.054662289513317
"9x13",0.14227286970879,0.0444046500562109,0.0969195225723662,0.0578463448245865,0,0.100361357035239,0.0277536521417153,0.0434799884414613,0.10403750674174,0.129116601379338,0.0514478005419207,0,0.094009208686269,0.0652961230646022,0.0430543748057607
"9x14",0.180188546218958,0.0108019838415569,0.0718311075546107,0.067894722510588,0,0.0372575021621544,0.147900316086347,0.0796121604640204,0.0834678376001386,0.0739327804701879,0,0,0.0486437145426139,0.126873469543596,0.0715958590052282
"9x15",0.19953865402969,0,0.170496734262541,0.0844751329471044,0,0,0.0499445728166057,0.0276337629458738,0.0548052178571673,0.156701485004721,0.0581913648331471,0.052496101508415,0.0156842481885224,0.0665845778929846,0.0634481477132275
"9x16",0.116735757767408,0,0.0391888429318833,0.183240047237225,0.0219174570751214,0,0.0904803305827513,0.08451536870236,0,0.114247456394436,0.168144091788212,0,0.0282906881488653,0.134781580658287,0.0184583787134499
"9x17",0.36616518327979,0.0368283619116539,0.0350907222895685,0.0529389952351296,0,0.0563695838136384,0.0567967044929697,0.0588242673132463,0,0.189524576195707,0,0,0.0376197599429796,0.0925305734432991,0.0173112720820171
"9x18",0.220884359276505,0.0297733592617347,0,0.0280019565207266,0,0.0748902546230902,0,0.094015176051927,0.0555447410985593,0.085753907885536,0,0,0.0382851413918107,0.306226859621354,0.0666242442687569
