"","L2/3 IT CTX-1","L4/5 IT CTX","L5 IT CTX","L5 NP CTX","L5 PT CTX","L6 CT CTX","L6 IT CTX","L6b CTX","Lamp5","Sst","Vip"
"1",0,0,0,0,0,0,0,0.674891663077766,0.0483497809726649,0.244486304615113,0.0322722513344562
"2",0,0.119347189089946,0,0.15648619445331,0,0.136681573757282,0.473382557194948,0,0,0.0803555028311689,0.0337469826733447
"3",0,0,0,0.346599600301294,0,0,0.5797796550562,0,0,0.0299857813591871,0.0436349632833189
"4",0,0,0,0.578415046796268,0,0.139377861730917,0.0107018248872286,0.101120026105962,0.00224961864931304,0.11545118551158,0.0526844363187315
"5",0,0,0,0.825754110460223,0,0.131939881958026,0,0.026483975020845,0,0.0054786268933585,0.0103434056675477
"6",0,0,0,0,0,0,0.0523331291900053,0.660798290921684,0,0.151918172556144,0.134950407332167
"7",0,0,0,0,0,0,0,0.208111789342073,0.0720329116669738,0.651727554623007,0.0681277443679462
"8",0,0,0,0.0664299847768711,0,0.831121532976111,0,0,0,0.0471340784615572,0.0553144037854606
"9",0,0,0,0,0,0.914447187018423,0,0,0,0.0479871078711969,0.0375657051103798
"10",0,0.0150804207684321,0,0,0,0.645487126652989,0,0,0.255728006959923,0.0802031096864479,0.0035013359322078
"11",0,0,0,0.0921954236001633,0,0.598531429245186,0.0170752185488069,0,0.173822869699938,0.107392862009591,0.0109821968963144
"12",0,0.0363574795635275,0,0.039660187056815,0,0.342098192541397,0.193040567124019,0,0.193323942134799,0.18348146081169,0.0120381707677531
"13",0.323723067416153,0,0,0.201404303406295,0,0.00367236338438927,0,0.212903409338731,0.237267335496228,0.00230466835686403,0.0187248526013389
"14",0.56079810669739,0,0,0.0306870402134557,0.237001613543217,0,0,0.101821543362473,0.00440702831534244,0.0262525929595473,0.0390320749085745
"15",0,0,0,0.310700898843154,0,0,0,0,0.279759113286383,0.409539987870463,0
"16",0,0,0,0.214958188483459,0,0,0.207383200845032,0,0.365954653260274,0.192894276685033,0.0188096807262026
"17",0,0.477455122039922,0,0,0,0.29963949129888,0.149717131450539,0,0,0.04954678347164,0.0236414717390194
"18",0,0.280215961315419,0.304854368015162,0,0,0.0521431425368785,0,0.0733230012194644,0,0.260431262003341,0.0290322649097343
"19",0,0.273627050202451,0.20517700123539,0,0,0,0,0.461631765224639,0,0.014030477774118,0.0455337055634019
"20",0.201286265931951,0.163571524839101,0.10057269275809,0.0615125235944858,0,0.0704139725603221,0,0.374091652628663,0.0229218479156082,0,0.0056295197717786
"21",0.562400950730903,0.0782969804618789,0,0.00548538836119434,0,0,0,0.298877121022752,0.0465748815617667,0,0.00836467786150514
"22",0.533464796486655,0.0694093358480743,0,0,0,0.310915941822202,0,0.0104866733719754,0,0.0371709993068038,0.0385522531642901
"23",0.574196745856475,0.0135247096089748,0,0,0,0.176098705735748,0.126120012982691,0.047797850767528,0.0206267834045508,0.0242220392312981,0.0174131524127341
"24",0.42109423478195,0.0137790493600866,0,0,0,0.151169627806454,0.132290688105492,0.0270773244526669,0.201970880570162,0.00853628595724621,0.0440819089659431
"25",0.685387923473166,0,0,0.0393570887891743,0,0,0,0.212173646642408,0.00572615229673746,0.0361594545434954,0.0211957342550189
"26",0,0,0,0.892410372672924,0,0.00362732623742901,0,0.0350746224769324,0.0188511223989537,0.037930930315911,0.0121056258978498
"27",0,0,0.0162713245030925,0,0,0.311653325160828,0.0421685674233712,0.454656483662022,0,0.174494526166556,0.000755773084129924
"28",0,0,0.0714867353575241,0.504518127327566,0,0.259420941801535,0,0,0,0.0965192234635421,0.0680549720498326
"29",0,0,0,0.792322129693799,0,0.00601073904060079,0,0.0253195091235458,0.0712155539614568,0.0615004026825369,0.0436316654980603
"30",0,0,0,0,0,0,0.565575501250731,0,0.143600787737826,0.177330490188082,0.113493220823362
"31",0,0,0,0.248529805496469,0,0.0580093832057388,0.0677626838850355,0,0,0.537552557376094,0.0881455700366631
"32",0.00626537978167222,0,0,0.471302603510354,0,0.321706781221104,0.072736127840601,0,0,0.0979251770033309,0.0300639306429377
"33",0,0,0,0.329776607537975,0,0,0,0.571383067776305,0,0.0473123704514717,0.0515279542342481
"34",0,0,0,0,0,0,0,0.611847646200663,0.00236393327278704,0.170531604256938,0.215256816269612
"35",0,0,0,0,0,0.394388114691411,0,0.352050573349049,0,0.11279016029506,0.140771151664481
"36",0,0,0,0,0,0.59826269218807,0,0.207100271088274,0.0749669067964368,0.10218804531365,0.0174820846135698
"37",0,0,0,0,0,0.718957079571272,0,0,0,0.266070870377661,0.0149720500510669
"38",0,0,0,0,0,0.608575221452129,0.203544779948709,0,0,0.122841193193189,0.0650388054059731
"39",0,0,0,0,0,0.488637905776781,0.440106600457893,0,0,0.0464712453173558,0.0247842484479702
"40",0.0960784361700573,0.0722642625999483,0,0.0097367552670321,0,0.156395258385373,0.188182233934886,0.0592383226955523,0.296662549265066,0.0861655978693888,0.0352765838126963
"41",0.0873098205369553,0,0,0,0.378826534292322,0,0.127599704097303,0.352624628741299,0.0372563126557197,0,0.0163829996764013
"42",0,0,0,0.013158190843976,0,0,0.281503875889776,0.555029892886881,0,0.139548010104415,0.0107600302749524
"43",0,0,0,0,0,0,0.0909387569834734,0.847828496752904,0.0446294960748294,0,0.0166032501887937
"44",0,0.314323678428785,0,0.0191553316561568,0,0.0840873799914106,0.383885626387748,0.0525253035902511,0.0601216376897415,0.0277553849007347,0.0581456573551726
"45",0,0.384459108806418,0.106448721555952,0,0,0,0.201952367754748,0.176270901684939,0,0.0936676992328505,0.0372012009650936
"46",0,0.375783421367715,0.212834846267502,0,0,0,0.0488596948680295,0.253109319774115,0,0.0818471011059372,0.0275656166167014
"47",0,0.240210375666788,0,0.124935345140414,0,0.0875965123540898,0.0303641301146444,0.0980061153565363,0.1095534933577,0.184073324682553,0.125260703327275
"48",0,0.200063410877831,0,0.0769665957429373,0,0.0742255144789655,0,0.287198965296324,0.218893924696518,0.020696838519023,0.121954750388401
"49",0.59490381780142,0.0573942868515771,0,0,0,0.164280657942367,0.109340175022405,0.053025208096962,0,0,0.0210558542852692
"50",0.385873451644231,0.042575605952197,0,0,0,0.176847151892628,6.65313587329988e-05,0.084618842965646,0.190455209702022,0.0896885932125046,0.0298746132720389
"51",0.562092477192776,0.0658585173787939,0,0,0,0.140877750977499,0.0338904029419987,0,0.0466438774520062,0.122857532550352,0.0277794415065753
"52",0.600224009114101,0.0164656891604626,0,0.00484903717617083,0,0.116865744284958,0.0723712660338229,0,0.079761224597919,0.0862308249712244,0.0232322046613412
"53",0.326276857256143,0.0120364038616571,0,0.0387028003622846,0,0.424964643786591,0.06696319479315,0,0.092739752947926,0.0250543687089483,0.0132619782832998
"54",0,0,0,0.316220564987531,0,0,0,0.527585520835443,0,0.0538651690831143,0.102328745093912
"55",0,0,0,0.122330532031786,0,0,0,0.219169893889839,0.422548077040888,0.206870991887756,0.0290805051497308
"56",0,0,0,0,0,0,0,0.64549945837065,0.0592108017222694,0.190159517658845,0.105130222248235
"57",0,0,0,0.0211204894588309,0,0,0,0.562935363283786,0.083298518497529,0.241527751866207,0.0911178768936478
"58",0,0.0937336176098966,0,0.174370667110911,0,0.0537185778337111,0.286650900935308,0,0,0.384464496299965,0.00706174021020777
"59",0.0338113594640006,0,0,0.0356517100675314,0,0.179499942595668,0,0.0727562139276428,0,0.66960507937286,0.00867569457229695
"60",0,0,0.163668908366542,0.225559822653114,0,0,0,0.480315580666477,0.00544003695345633,0.0667837667360897,0.0582318846243208
"61",0,0,0,0,0,0,0,0.549234915727868,0.119084347436408,0.280119411875726,0.0515613249599971
"62",0,0,0,0.0799970466321824,0,0.0134266872740191,0,0.200344392809431,0,0.676110325327144,0.0301215479572244
"63",0,0,0,0,0,0.720009824137955,0,0.191875820423225,0,0.0558959318718086,0.0322184235670117
"64",0,0,0,0,0,0.949109333385946,0,0,0,0.0234443784741857,0.0274462881398686
"65",0,0,0,0,0,0.679618046870695,0,0,0.178071902575699,0.135110312129564,0.00719973842404264
"66",0,0,0,0,0,0.599796537826233,0,0,0.0593277985520128,0.332538183033301,0.00833748058845279
"67",0,0,0,0.123473769372363,0,0.156072699630017,0.36916961794877,0.313147690795168,0,0.0254660106517806,0.0126702116019014
"68",0.30436815682535,0.00985872474508166,0,0.153997796422932,0,0.0852490750161163,0.017024345033437,0,0.241803284566694,0.173798834977828,0.013899782412562
"69",0.334448170739189,0,0,0.133605845957399,0,0.0685683152525967,0,0,0.10570650558307,0.353813902796434,0.00385725967131178
"70",0.63943073193488,0,0,0.155067753378328,0,0.0352042480149669,0.00307925629675613,0.114285145741177,0.0479810356790549,0,0.00495182895483743
"71",0,0.0154998910146516,0,0.0909454409623755,0,0.197675992656282,0.0516452527756882,0.142302936663052,0.299898887527046,0.202031598400906,0
"72",0,0.481268120765665,0,0.112973071471159,0,0.0419571572279333,0.214557742024179,0,0,0.130969164137766,0.0182747443732978
"73",0,0.504724997968659,0.246976421344717,0,0,0,0.12462336896583,0,0,0.0820678032123213,0.0416074085084723
"74",0,0.215124527014827,0.222331771949341,0,0,0.122018579590697,0.115694461256086,0,0.016705769117711,0.226042916874142,0.0820819741971956
"75",0,0.294110553792472,0.465037000885434,0,0,0.0143573084073086,0.191377778585593,0,0,0.019215987923881,0.015901370405312
"76",0.212976025602304,0.238675469672626,0,0,0,0.256942066215392,0.157225019629047,0,0.0921907471273195,0.039409437644896,0.00258123410841501
"77",0.438301931980389,0.13658118628343,0,0,0,0.228750358784819,0.189713467315755,0,0.0013318072093732,0,0.00532124842623358
"78",0.643419148504752,0.0243326051817398,0,0.00449267632616059,0,0.166762865267322,0.152143659436496,0.000130018669275382,0,0.00309199048464089,0.00562703612961411
"79",0.536876162636167,0.0516954393768358,0,0.0611074597889307,0,0.133598354007221,0.0213089805480036,0,0.0867633101149189,0.0916101575779813,0.0170401359499415
"80",0.504890547208516,0.0577572486418627,0,0,0,0.137847135763655,0.0493947954771191,0,0.144131175967881,0.0256005314799448,0.0803785654610211
"81",0.409413648001057,0,0,0.397880668490753,0,0.00811889940669913,0.00733052628890653,0,0.15644725268223,0.00461307505694851,0.0161959300734059
"82",0,0,0,0.252971747581632,0,0,0,0.497151263955099,0.0670285223886579,0.153214542636652,0.0296339234379593
"83",0,0,0,0,0,0.161681359718416,0,0.255801103135133,0.0785179108465084,0.235584185175802,0.26841544112414
"84",0,0,0,0.794938794605787,0,0,0,0,0.124984127420523,0.0447927543622485,0.0352843236114413
"85",0.0816985519645116,0.111118715498027,0,0.16109146464174,0,0,0.547968068572152,0,0,0.0754350306673739,0.022688168656196
"86",0,0.109294695287877,0,0.101740595256527,0,0.0285948274810316,0.527322453738548,0,0,0.203562917646254,0.0294845105897613
"87",0,0,0.230703009161512,0,0,0,0,0.600837752537756,0,0.1094137178612,0.0590455204395319
"88",0,0,0,0.0763571834447113,0,0.0266026020124299,0,0.0719928773038242,0,0.804750164068317,0.020297173170718
"89",0,0,0,0.068720912627595,0,0.301901176746526,0,0.245992470497022,0.0259510898599748,0.15103807597203,0.206396274296852
"90",0,0,0,0,0,0.771831413467011,0,0.133263877442736,0,0.0489970312865943,0.0459076778036594
"91",0,0,0,0,0,0.741882824511603,0,0,0.102390995135192,0.149191449231041,0.00653473112216359
"92",0,0,0,0.00126135395025666,0,0.697223795920761,0.0547345873682293,0,0,0.199751505553404,0.0470287572073491
"93",0,0,0,0.121319659720572,0,0.406191950384885,0.10691520315165,0.111249026467488,0,0.239820617513326,0.0145035427620792
"94",0.172932094681359,0,0.0369373065174007,0.073854715372303,0.106398176424896,0.0970994365774387,0.261334514503214,0.180361991995669,0.0643371826441166,0,0.00674458128360276
"95",0.117943494479114,0,0,0.015944515032598,0.340501312681515,0.0697606097244933,0.103483023437251,0.145228464089685,0.182953333693214,0,0.0241852468621298
"96",0.314821767471006,0,0,0.216433762185747,0,0.167556821375558,0.00174953230213865,0,0,0.290695288129684,0.0087428285358656
"97",0,0,0,0.0876554404998084,0,0.0330742743135505,0.225951388472504,0.271099715850796,0.0849649326702125,0.273065134630823,0.0241891135623057
"98",0.152325052765997,0,0,0.027426840571153,0,0.13258900511884,0.300348048934864,0,0.253750311675641,0.107309855822689,0.0262508851108167
"99",0,0.316455896819633,0,0.0691897576772719,0,0.090111568439419,0.133739263013354,0,0,0.361624266051013,0.0288792479993084
"100",0,0.456365591190128,0.0942354734090319,0.0870262236085166,0,0.0144238929302238,0.289846799163554,0,0,0.0217654776068508,0.0363365420916949
"101",0,0.407667657158972,0,0.154387255223172,0,0.0602591162599999,0.13863233181133,0,0,0.223926051767757,0.0151275877787696
"102",0.0278763258804558,0.495027255666076,0,0,0,0.222445726138007,0.229204839474705,0,0,0.0124091118432699,0.0130367409974853
"103",0.153208717048296,0.130048501942759,0,0.0153024905519133,0,0.138337927572948,0.262336697028468,0,0.279838415646102,0.0133540598991489,0.0075731903103648
"104",0.325867237387379,0.000889691868339145,0,0.0423624650908771,0,0.00222124107573726,0.441170029889099,0,0.148326440546773,0.0120961453400409,0.0270667488017553
"105",0.315410437758946,0.111086834886775,0,0.0520933497805043,0,0.0999049035258645,0.212114725289092,0,0.100073939148299,0.0928426557362449,0.0164731538742739
"106",0.646142998772989,0.0436683240839734,0,0.0311163001014658,0,0.080686826392657,0.133265951352495,0,0.031448123250988,0.0234572464524588,0.0102142295929729
"107",0.255406581435741,0.0337409379990851,0,0,0,0.352435351922101,0,0,0.284786150602409,0.0736309780406641,0
"108",0,0,0,0.0266164385873316,0,0,0.276739664986348,0,0.14558419779791,0.159279390981047,0.391780307647364
"109",0,0,0,0.30810167807674,0,0.158816572779255,0,0.201453488228514,0.142814219064198,0.131524458802336,0.0572895830489574
"110",0,0,0,0.816269756385869,0,0.0597270222831776,0,0,0.0222862528299138,0.0287884689548027,0.072928499546237
"111",0,0,0.0982228355143383,0.105208975500917,0,0,0,0.532687265574505,0.0113402451668765,0.146553139898358,0.105987538345006
"112",0,0,0,0,0,0.418182187589635,0,0.287850767404759,0,0.246987108802146,0.0469799362034604
"113",0,0.104654618692419,0,0.108158487375524,0,0.0877235954790525,0.494974046471854,0,0,0.174625193543691,0.02986405843746
"114",0,0,0,0.386468705075053,0,0,0,0,0.0618171612916239,0.551714133633323,0
"115",0,0,0,0.0492867078631558,0,0,0.0796232493771837,0.370173389313683,0.0535948925038039,0.219903694334466,0.227418066607707
"116",0,0,0,0.225086153281699,0,0.486775880579391,0,0.10910289977617,0,0.131145788297723,0.0478892780650169
"117",0.0410397036362394,0.000796304821528964,0,0,0,0.921756891916707,0,0,0.0118917669519111,0.00569703543492859,0.0188182972386847
"118",0,0,0,0.0180075995168311,0,0.505117160902118,0,0,0.0823486743609129,0.381492883151601,0.013033682068537
"119",0,0.0547422756284501,0,0,0,0.354986103828255,0.159465858602798,0,0.00566772730623155,0.415010970925306,0.0101270637089602
"120",0,0,0,0.144502424841643,0,0.306614627054605,0.236342697117638,0.171448216546931,0,0.12812757541513,0.012964459024054
"121",0.256617966160694,0.03834180661493,0.111945861336248,0.0269650636322543,0,0.243306852034928,0.25757372747297,0.0294057166379651,0.0332864317995647,0,0.00255657431044471
"122",0.107614518209973,0.110162840507658,0,0.00251801632078435,0,0.180626470580375,0.20173173244885,0.297874838506232,0.0809744066397083,0.00554486032683734,0.0129523164595823
"123",0.251651459184362,0,0,0,0.551434299564163,0.00761728619332957,0,0.0872122361386184,0.0644058724851244,0.0162905450830943,0.0213883013513082
"124",0.00474598265762392,0,0,0,0.44637271569391,0.110159566728585,0.089901486750698,0,0.244337054753692,0.0713481925254993,0.0331350008899921
"125",0,0.0953174927345908,0.0855121765789227,0,0,0.220123299963319,0.200567944080558,0.164609371662464,0.0608326408153909,0.159065309040874,0.0139717651238811
"126",0,0.540120514261522,0,0.0299835482206289,0,0.00741747299987211,0.292980067163533,0,0,0.123551309120397,0.00594708823404756
"127",0,0.329872340867522,0.468562076333774,0,0,0,0.0545037909769505,0,0,0.103349155112072,0.0437126367096812
"128",0,0.315369599720609,0,0.0994666312583942,0,0.0825634424590745,0.260205588909352,0,0,0.136972103921737,0.105422633730832
"129",0.212618250918184,0.411605737299959,0,0,0,0.204121026192845,0.151763130625665,0,0,0.000617559215226362,0.0192742957481206
"130",0.507567028696438,0.0996528245890186,0,0,0,0.235063831671901,0.108697192217705,0,0,0.0273774609512731,0.0216416618736645
"131",0.614612259211453,0.0757351795403928,0,0,0,0.115407484777249,0.0758933299656853,0,0,0.0950210302552891,0.0233307162499306
"132",0.603057422764421,0.0319810203763126,0,0,0,0.0466689531168192,0.254445488328338,0,0.00163347385893459,0.0538737798436337,0.00833986171154101
"133",0.318711669050144,0.0712157471971787,0,0,0,0.109809874412911,0.138245639079517,0,0.134588371301929,0.211701890867379,0.0157268080909421
"134",0.41983901775846,0.0413383998696024,0,0,0,0.0499020715421537,0.198253187701365,0,0.232791420353059,0.0489743542629697,0.00890154851239025
"135",0,0,0,0.786893123824553,0,0.0224111363923591,0,0,0.146365630753149,0.0365403991376471,0.00778970989229218
"136",0,0,0,0.113909440901232,0,0,0,0.195796973143337,0.477486609484653,0.188314390752885,0.0244925857178937
"137",0,0,0,0.489658676968537,0,0.0581609543435327,0,0.17760464548718,0.0758206694146628,0.137121092973016,0.0616339608130718
"138",0,0,0,0.149713620321655,0,0.0802980988283176,0.214344069565343,0.440517920602387,0,0.0533395586392763,0.0617867320430201
"139",0,0,0,0.0231044339072601,0,0.213651813604667,0.487559045122,0,0,0.19519543199898,0.0804892753670926
"140",0,0,0,0.207304605121902,0,0,0,0.0182124108234343,0.0520442033378683,0.722438780716795,0
"141",0,0,0,0.14516905975571,0,0,0,0.711047272287427,0,0.0938892406985343,0.0498944272583285
"142",0,0,0,0.677122423916651,0,0.0268453819367953,0,0.145466041194694,0.0838562349766978,0.0416304785489779,0.0250794394261839
"143",0,0,0,4.91096351090187e-05,0,0,0,0.558414586003778,0.195812058520573,0.196941442691699,0.0487828031488404
"144",0,0,0,0,0,0.496957336646294,0,0.363371680177251,0,0.0949915559639982,0.0446794272124569
"145",0,0,0,0.0296955525678856,0,0.332319487308554,0.0835225715303135,0,0.108964009627761,0.387342618695039,0.0581557602704465
"146",0,0,0,0.0278321014765113,0,0.331997740054648,0,0.0418657583906678,0.277598996129742,0.187716159619562,0.132989244328869
"147",0,0,0,0.0189307885700753,0,0.480761220136007,0.215972319170264,0,0.127374145587106,0.140892519992043,0.0160690065445052
"148",0,8.27670463818607e-05,0.0412253267863821,0,0,0.244807206048882,0.351371874333827,0.329689869220196,0,0,0.0328229565643308
"149",0.0337547091775093,0.0350642685302216,0,0.0607055167129719,0,0.226490950477354,0.152812618259629,0,0.394844196335979,0.0886813127198942,0.00764642778644157
"150",0.459207095162347,0,0,0,0.26747540187186,0,0,0.181298703334761,0.0910397132696976,0.000979086361334385,0
"151",0.124393670923486,0.0444520186473899,0,0,0,0.145543914905648,0,0.276545641090532,0.361344804115508,0.00390371637556245,0.0438162339418739
"152",0,0,0,0.0921924081367612,0,0.0902027896720199,0.0612039517120427,0,0.253625829164352,0.495739206487332,0.00703581482749231
"153",0,0.359837834536541,0.239751700834925,0,0,0,0.119350710592538,0.128240432223231,0,0.0799243391403647,0.0728949826724006
"154",0,0.326909080336051,0.327562725360846,0,0,0.0849375210285851,0.105841812384049,0,0,0.131378434667903,0.0233704262225663
"155",0,0.401507538137478,0.31814791475854,0,0,0.0567716990554895,0.12289576959974,0,0,0.0728791595576785,0.0277979188910737
"156",0.128582019732969,0.201792503165248,0,0.0236297695359012,0,0.198425952750999,0.140998550988204,0,0.241780312075775,0.0589456021671927,0.00584528958371147
"157",0,0.0717838651193007,0.0343837997729665,0.07916901364302,0,0.0556005833957931,0.131626166541086,0,0.481121257886622,0.144958164790532,0.00135714885067909
"158",0.312228261748173,0.0614502685876876,0,0.0071008672300434,0,0.282160491574153,0.061783601908668,0,0.203381183792799,0.0126530891570644,0.0592422360014121
"159",0.473759176407328,0.0582590579349076,0,0,0,0.108258141244478,0.167292035928112,0,0.171226704730008,0.0101855753813806,0.0110193083737863
"160",0.416055034530099,0.0493732100543367,0,0,0,0.131633487097185,0.119486247171148,0,0.149507605631857,0.0859605376714066,0.0479838778439671
"161",0.479626275918855,0,0,0.128913050699276,0,0.0869194887038502,0.112230288998494,0,0.12654631998524,0.0350419310346908,0.0307226446595933
"162",0.0707447991696222,0.0171678860258467,0,0.0634205161961745,0,0.151750270693464,0.0719461011482226,0,0.257343483272467,0.0858180009653202,0.281808942528883
"163",0,0,0,0.4571090962796,0,0,0,0.297612880700524,0.141277772133817,0.0710004453373071,0.0329998055487519
"164",0,0,0,0,0,0,0,0.652459224671446,0.0606370102145897,0.27859169176214,0.00831207335182473
"165",0,0,0,0.403682202963618,0,0,0.0261373689001007,0.314865427748722,0.0384308218135938,0.216884178573966,0
"166",0,0,0,0,0,0,0,0.00858150131996765,0.919533699878677,0.0718847988013553,0
"167",0.105034651529723,0.17877911312995,0,0,0,0.0393110989910253,0.60717676020947,0,0,0.0395891268141148,0.0301092493257164
"168",0,0.210819147243215,0,0.191638810675163,0,0.18650647545559,0.271686794382747,0,0,0.0906779132761003,0.0486708589671838
"169",0,0,0,0.215512326764143,0,0,0,0.588935964634585,0,0.118441850191396,0.0771098584098761
"170",0,0,0.0020045937228071,0.0251873838482319,0,0,0,0.5061577345879,0.0819898738253026,0.199932428165771,0.184727985849987
"171",0,0,0,0,0,0.291756321690901,0,0.546922359860388,0,0.0779238226149382,0.0833974958337727
"172",0,0,0,0,0,0.975758483607658,0,0,0,0,0.0242415163923422
"173",0,0,0,0,0,0.915442630209504,0.0437332868852151,0.00465596693405472,0,0.0223193986716006,0.0138487172996259
"174",0,0,0,0,0,0.699059787524023,0.073252311222345,0,0,0.211501065854397,0.016186835399235
"175",0,0.00490066908528937,0,0,0,0.699159875938593,0.206110819828194,0,0,0.0638010947262417,0.0260275404216815
"176",0,0,0.0315622331641271,0.256613375114434,0,0.0110297058831727,0.244177246607445,0.356773655890236,0,0.0463367883787382,0.0535069949618474
"177",0.146510438081645,0,0,0.106540876048012,0,0.121207861147749,0.147247796239294,0.214116925588994,0.255132153927237,0.00418923514380051,0.00505471382326855
"178",0.415450055452174,0,0,0.0814632519363542,0.219714072377793,0,0.0244634753250928,0.218660657824311,0.0012250201526223,0.00873196147668541,0.030291505454967
"179",0,0,0,0.0939650607668645,0,0.245581728624535,0.235903838710095,0.104761178425161,0.0185985283382167,0.298278017381603,0.00291164775352455
"180",0,0.0743388157074717,0,0.260610665271291,0,0.0379578541214483,0.119698605847173,0,0.14968395165301,0.306612773902727,0.0510973334968788
"181",0,0.479639033724004,0.383218747139255,0,0,0,0.000253498282010438,0.0616362389912221,0,0.0485241931931385,0.0267282886703697
"182",0,0.520807389365769,0.435245983924187,0,0,0,0.00663891423721699,0,0,0.0194156050386349,0.0178921074341917
"183",0.000757223863139755,0.334997777405936,0,0.0114944382833613,0,0.24038868135441,0.280747473093559,0,0.057829922588505,0.0484324609359777,0.0253520224751112
"184",0.24660851366433,0.261478112413337,0,0,0,0.209915829019164,0.259107889316929,0,0,0.0163340632471389,0.00655559233910012
"185",0.355936857846856,0.106288730776289,0,0.0164976776718639,0,0.134771132542328,0.275717487575606,0,0.0484447857230648,0.0560455101364143,0.00629781772757865
"186",0.116952143702253,0.348294652303471,0,0,0,0.182392078802188,0.263222244792574,0,0.0731784646307417,0.00406553799508319,0.0118948777736888
"187",0.423309126148827,0.0269357986231831,0,0.04371780966555,0,0.156015256864085,0.0408235451869635,0,0.258237292877362,0.0186145648967421,0.0323466057372875
"188",0.65369213465846,0.0180056163811397,0,0.0352112505807483,0,0.0781926624694149,0.171979522958268,0,0,0.0318635964738281,0.011055216478141
"189",0.556447075154173,0.0671180164092528,0,0,0,0.11663079230508,0.183611847650052,0,0.0297909107569696,0.0360958944736889,0.0103054632507838
"190",0.597401287445952,0.0230296014394231,0,0.0421270748867135,0,0,0.222340363964834,0,0.081619959711041,0.0316616708352448,0.00182004171679144
"191",0,0,0,0.203292645866588,0,0.0938983838216944,0,0.452254519488646,0,0.197452402098894,0.0531020487241768
"192",0,0,0,0.330939534095303,0,0,0,0.237126835354331,0.119089785885518,0.295091570755975,0.0177522739088728
"193",0,0.0990117326799496,0,0.0190536493635083,0,0.0614711698487935,0.591215766463491,0,0.120676343653758,0.0981119558683366,0.0104593821221623
"194",0,0.156875191776327,0,0,0,0.0883144450728927,0.656840917556461,0,0,0.0633415024169363,0.0346279431773836
"195",0,0.0357549877353952,0,0,0,0,0.654958607123526,0,0.00432878682017089,0.24817811838245,0.0567794999384572
"196",0,0,0,0.394133348967238,0,0.00428447215100044,0,0.255640236832232,0.0914532679682227,0.167323483725792,0.0871651903555152
"197",0,0,0,0,0,0.0120893538984262,0,0.736853839120329,0,0.178441621405021,0.072615185576224
"198",0,0,0,0.0694814370787283,0,0.649781632310095,0,0,0.0592057656036848,0.17371615168962,0.0478150133178719
"199",0,0,0,0,0,0.379358321477036,0,0.111951397817308,0.107461852282942,0.328476032373038,0.0727523960496761
"200",0,0,0,0,0,0.52785969015093,0.151841539537638,0,0.14042451293177,0.14704063639269,0.0328336209869718
"201",0,0,0,0,0,0.546621970513271,0.263228925537166,0.15622369407406,0,0.0259880214295771,0.00793738844592605
"202",0,0.0231706724953432,0,0.0260208204830627,0,0.145054364381758,0.196610273021999,0.134968488868727,0,0.436323724293119,0.0378516564559913
"203",0.64081901152818,0.0031352244306386,0,0,0.0795841794712805,0,0,0.182256940478995,0.070609859057136,0,0.0235947850337705
"204",0.35254472894761,0,0,0,0.424549050285859,0,0,0.115467114392425,0.0928493115093702,0,0.0145897948647369
"205",0.194683425638954,0.00722100132034986,0,0.156915146529466,0,0.159176252627404,0.104269002700246,0.091825593935481,0.143307393797858,0.00727756937608932,0.135324614074152
"206",0,0.107382284591041,0,0.309179478773128,0,0.283585681676651,0.0980448093394782,0.122047741697033,0,0.0342714452103624,0.0454885587123057
"207",0.123578003275732,0.379759687508296,0,0,0,0.0859207685709622,0.350184924926876,0,0.0214460161528628,0.00483374440030546,0.0342768551649656
"208",0,0.385070430607987,0.287514950102206,0,0,0,0.0809660932660271,0,0,0.114684211199513,0.131764314824267
"209",0,0.511293436363616,0.00709916858597383,0.200542168136094,0,0.0668671395308711,0.122871945907439,0,0,0.0672854252093057,0.0240407162667003
"210",0.0295833676184096,0.28458081315861,0,0,0,0.267149706306803,0.232944334268948,0,0.11376355706316,0.0316071139350042,0.0403711076490649
"211",0.332348879400284,0.150524404441401,0,0.0038234253240646,0,0.289249294718786,0.104630197381737,0.0251932942910764,0.0702163896747636,0.0123569486133685,0.011657166154519
"212",0.474245909468128,0.113970149924425,0,0.0168249161402569,0,0.184498670361302,0.123999346945733,0,0.0488950874438129,0.0301921412532852,0.00737377846305671
"213",0.619713179139256,0.0566819293401613,0,0.0399359762278738,0,0.152070161222761,0.0944796005085895,0,0.00800897868637393,0.0152060964938304,0.0139040783811534
"214",0.538088584063532,0.0232674397163747,0,0.0313869928750067,0,0.165668793656882,0.0591967709248669,0,0.107692827730654,0.0572847592493194,0.0174138317833634
"215",0.580297482046446,0.0496765289697338,0,0,0,0.109223291904573,0.157256451262987,0,0,0.0799285400538001,0.0236177057624608
"216",0.480042875388419,0,0,0.122214130715466,0,0.196626653997855,0.04152523560594,0,0.0748678147018233,0.00809240166491527,0.0766308879255813
"217",0,0,0,0.631203790996094,0,0.0523913199586033,0,0.247639494798055,0,0.0595795465008348,0.00918584774641227
"218",0,0,0,0.185987028823561,0,0.0954305918674169,0,0.458193058517921,0.0748861620257728,0.130360045362309,0.0551431134030187
"219",0,0,0,0.528115885215406,0,0,0,0,0.143974116272264,0.327248165002648,0.000661833509681664
"220",0,0.140157950227113,0,0,0,0.148096131468164,0.517814448468628,0,0.050625394416659,0.131523805145213,0.0117822702742235
"221",0,0.161557361058721,0,0,0,0.0854794568102951,0.546550990053882,0,0.084542618435083,0.101160688537866,0.0207088851041535
"222",0,0,0,0,0,0.0733007822503376,0,0.0340665885890791,0,0.849566744444167,0.0430658847164161
"223",0,0,0,0.278995804816887,0,0,0,0.18643628674596,0.0984177231319944,0.436150185305159,0
"224",0,0,0,0.379181394207507,0,0.0390932382969558,0.0636705207649554,0.147306336872613,0.0534606707234565,0.217738580378896,0.0995492587556158
"225",0,0,0,0.118290033830844,0,0,0,0.774427969158694,0,0.107281997010462,0
"226",0,0,0,0,0,0.570427379017123,0,0.257908429364556,0,0.102035686614481,0.06962850500384
"227",0,0,0,0,0,0.818277602577936,0,0.114205870756897,0,0.0499615090626142,0.0175550176025527
"228",0.013615330692602,0.0213478200073189,0,0,0,0.792434911673891,0.0644096169723404,0,0.0704397813239555,0.0217910687208292,0.0159614706090629
"229",0,0,0,0,0,0.649075607715606,0.0757520451693746,0.219952860852393,0,0.0347759338017034,0.0204435524609233
"230",0,0,0,0.282143818158777,0,0.449261552009016,0.141304552334509,0.0671547712704317,0,0.049622369055676,0.0105129371715895
"231",0.2075769307241,0.074741854745676,0,0.189132156251023,0,0.176201224725222,0.147253199518568,0,0.157508782751066,0.00537285017805375,0.0422130011062911
"232",0.244622264728395,0.145164100305601,0,0,0,0,0.253313107604457,0.262746899687858,0,0.0705153889854274,0.0236382386882613
"233",0.34248833367665,0,0,0,0.223732156508662,0,0.141588188573169,0.198839913270997,0.00189679210796553,0.0357745885142861,0.0556800273482702
"234",0.262101679577204,0,0,0.137596633208377,0,0.11416441971628,0.0432313371318271,0.0885456678782734,0.258824556590797,0.0932885384173467,0.00224716747989474
"235",0,0.09133661435314,0,0.063275783876154,0,0.308488631128683,0.0548888546647077,0,0.238705655983392,0.15475358040866,0.0885508795852634
"236",0,0.588729733138481,0,0.148026099413795,0,0.0398279796994394,0.168673259455031,0,0,0.0359666564830053,0.0187762718102483
"237",0,0.401654973929554,0.212896542291647,0,0,0,0.127143158791574,0.115460273824388,0,0.125098623492771,0.0177464276700652
"238",0,0.376925448582198,0,0.029095357637464,0,0.176260515500914,0.212032935833624,0,0.0457848584411443,0.133280309590735,0.0266205744139201
"239",0.0606271363749802,0.258459643251438,0,0,0,0.171835409675601,0.239835911355505,0,0.186149989294357,0.0830919100481192,0
"240",0.563544594177931,0.072755389974066,0,0.0785480314971332,0,0.0368586056452279,0.206559076798417,0,0,0.0291570325547417,0.012577269352483
"241",0.579140945687245,0.0463178621236172,0,0,0,0.124195872221171,0.206746785432535,0,0,0.0203041858193637,0.0232943487160684
"242",0.224746713474241,0.0635963484416175,0,0.0152823516977208,0,0.199984373968677,0.0307870295769221,0,0.120591225429043,0.345011957411778,0
"243",0.428339765040425,0.0382640399157075,0,0.00900319273541555,0,0.181382969647899,0.11805872558104,0,0.0900620699697411,0.12053591282202,0.0143533242877515
"244",0.573295200196206,0.0259983990439265,0,0,0,0.121768489372221,0.149756139335207,0,0.0657423560422772,0.0341244803243753,0.0293149356857873
"245",0,0,0,0,0,0,0.369949093611474,0.0283507646664599,0.43803753511759,0.163662606604476,0
"246",0,0,0,0.7107572961734,0,0.0927534774887301,0.000684223434044832,0.0419737725656981,0,0.0905520521479471,0.0632791781901799
"247",0,0,0,0.126788473779246,0,0,0.251629386952566,0.0012388381967124,0.215072729217555,0.234265900745415,0.171004671108505
"248",0.0317861107714616,0.190889119316132,0,0,0,0.0745781347229044,0.502416515188155,0,0.0983157009412143,0.0734173220721972,0.0285970969879359
"249",0,0.193889924241969,0,0,0,0.147536807676299,0.597068434834435,0,0,0.0438848721145705,0.0176199611327269
"250",0,0.00719433029265962,0,0.161898635675819,0,0.14711223229948,0.203894099296862,0,0.14675891150383,0.325741776757808,0.00740001417354207
"251",0,0,0,0.4051591999458,0,0,0,0,0,0.574473342937381,0.0203674571168191
"252",0,0,0,0.0406989748458702,0,0,0,0.440621496830368,0.0761558952937955,0.182884904590647,0.25963872843932
"253",0,0,0,0.271201820098868,0,0,0.0428847030440994,0.483212756065623,0,0.145325160705663,0.0573755600857465
"254",0,0,0,0,0,0.0822109496650331,0,0.50908184839546,0.148478318031101,0.111160015054847,0.149068868853559
"255",0,0,0,0,0,0.629729167900008,0,0.240406143265415,0,0.0888733948906044,0.0409912939439728
"256",0,0,0,0,0,0.959436355445268,0,0,0,0.0225687536187112,0.0179948909360207
"257",0,0.0152692907045014,0,0.0475539820711288,0,0.523023382460258,0.203548351342793,0,0.0361432601165447,0.15035004884273,0.0241116844620436
"258",0.0511419525851567,0.000427760843790419,0,0,0,0.640355015479573,0,0,0.283378494569463,0.0172415244509755,0.00745525207104168
"259",0,0,0.00943860265445583,0.0367871168522747,0,0.339275156612349,0.185379118176256,0.366301277785784,0,0.0514463887877054,0.0113723391311752
"260",0.35786069249635,0.0546741057602805,0,0.0736204832338141,0,0.0707701876151171,0.1846368181314,0,0.217863222188493,0.0324427085194703,0.00813178205507541
"261",0.4118376035809,0,0,0,0.308422953222895,0,0.0562036376012766,0.144123169152635,0.0545048428098552,0.0140443963279731,0.0108633973044653
"262",0.230159979396081,0.00476794927052055,0.0228929682785153,0,0,0.136799526374195,0.00176757502386657,0.221849286360608,0.276563189394785,0.0953890102333806,0.00981051566804749
"263",0.0157905356876356,0.139160597005362,0,0.135113540646653,0,0.154728075659947,0.0604516934599716,0.234551199398152,0.210295835732229,0.0334288684085736,0.0164796540014768
"264",0,0.324588794486602,0,0.16982894307443,0,0.0510200334576729,0.239599911934097,0,0.0543719891375888,0.145747718066963,0.0148426098426461
"265",0,0.50674791233503,0.237715867795272,0,0,0,0.0776835109619061,0.119507174085669,0,0.0266685393968444,0.031676995425278
"266",0,0.352452070623481,0.0695932402328281,0,0,0.0120433612352811,0.020803947254012,0.195525237850285,0,0.322039234353332,0.02754290845078
"267",0.111054329085366,0.526264772725665,0,0,0,0.156964332988984,0.186437492814022,0,0,0.00176805159197144,0.017511020793992
"268",0.412596010191593,0.20007687730378,0,0.0232358096994242,0,0.234581932592037,0.0640524812863336,0,0.0302026911650369,0.0340758285269569,0.00117836923483848
"269",0.123112253279824,0.0579412366469252,0,0.108500828443147,0,0.070349754583202,0.204089315942263,0,0.353485191358783,0.0377079223411149,0.0448134974047409
"270",0.613034978706202,0.0711927316032844,0,0,0,0.0937904928734136,0.201052776739779,0,0,0.00842801396510471,0.0125010061122154
"271",0.412914952380969,0.0696377316473011,0,0,0,0.152301143219262,0.0939884922091777,0,0.183180690017958,0.0879769905253322,0
"272",0.449065886156794,0.0405100949157927,0,0.0237471175283233,0,0.130090452419664,0.0416716553115117,0,0.253672953290049,0.0495345656096913,0.0117072747681738
"273",0.650095074995355,0.0609437358416559,0,0,0,0.15823115981551,0.0951145475806412,0,0,0.0158011818841461,0.0198142998826915
"274",0,0,0,0,0,0,0.289551011177553,0,0.337986688242614,0.366502145330717,0.00596015524911553
"275",0,0,0,0.530146765694782,0,0.0647831399055543,0,0.303781088629819,0,0.0606265673216244,0.0406624384482211
"276",0,0.140606327706349,0,0.0580712430988175,0,0.0424488620149862,0.712327483729203,0,0,0.0214255395539669,0.0251205438966774
"277",0,0.161343802857166,0,0.0277786635320938,0,0.131510860289339,0.597591318774806,0,0,0.0659989519154037,0.0157764026311917
"278",0,0,0,0.0322960730195135,0,0.353316157417574,0.535395692371592,0,0,0.053078111683342,0.0259139655079783
"279",0,0,0,0.404661470455244,0,0,0,0.487079415031401,0,0.0974584981445217,0.0108006163688336
"280",0,0,0,0.0938896544418465,0,0,0,0.474991754266686,0.107725581813903,0.157002698102525,0.166390311375039
"281",0,0,0,0.109981509328764,0,0,0,0.259966988320687,0.14584691618137,0.252608416966675,0.231596169202504
"282",0,0,0,0,0,0.575101260256186,0,0.142669045970015,0.0264110839676005,0.185769099298355,0.0700495105078435
"283",0,0,0,0,0,0.949356710492457,0,0,0,0.0401651288453957,0.0104781606621472
"284",0.0371195730000525,0,0,0,0,0.940230770517043,0,0,0.00796128806887273,0,0.0146883684140321
"285",0,0,0,0.0662845598550087,0,0.806572868838787,0,0,0,0.0830254250356966,0.0441171462705079
"286",0,0.0108877047368336,0,0.0967644725586232,0,0.585866602637096,0.236062783672014,0,0,0.0437465384838541,0.0266718979115791
"287",0.25435639767061,0,0,0.068268227052525,0.182974789964781,0.0145980480049417,0.05303981327128,0.0675985517570932,0.0240575331059849,0.319832262313972,0.0152743768588122
"288",0,0,0.0564627233866055,0.0802888643617716,0,0.0203432470398625,0.240728154047533,0.386500355415134,0.162705445753676,0.0414594392398432,0.0115117707555739
"289",0.278170065672241,0,0,0.0753865218537509,0.189656411077573,0,0.214607608581194,0.139678492632592,0.08056222347883,0.00632833285021519,0.0156103438536045
"290",0.421410219563832,0,0,0.11555119815518,0,0.0634590862563841,0.0517579081049164,0,0.263106592445139,0.0696960506277784,0.0150189448467698
"291",0,0.0722854298187464,0,0.125814420385247,0,0.233308738447355,0.118403896348695,0.0770086333348663,0.23535452797182,0.132142709624794,0.00568164406847583
"292",0,0.221545785683033,0,0.321718957909894,0,0,0.219182691795235,0,0.0461369946271249,0.17654416472119,0.0148714052635222
"293",0,0.396904097492983,0.111953727825792,0.0317690910505113,0,0.125840397261237,0.0831150622593147,0,0,0.220176561286202,0.03024106282396
"294",0,0.397134028771023,0,0.0304338509226121,0,0.30382535320496,0.207984352838556,0,0,0.0342402696643521,0.0263821445984964
"295",0.0820798971376715,0.447384738170937,0,0.0330808791128758,0,0.303821945093921,0.110632095601061,0,0,0.00630793590626952,0.016692508977264
"296",0.259408427038884,0.133431240444077,0,0.0642430758929516,0,0.201940897205735,0.12126867968759,0,0.0834248986211142,0.133301715811321,0.00298106529832577
"297",0.564143477759754,0.0803646638459686,0,0.0324159621701778,0,0.091031345412556,0.20009926014166,0,0,0.00338397929304278,0.0285613113768408
"298",0.636919985651979,0,0,0.153466069293402,0,0.0460347182043703,0.12260747622922,0,0.00691294366043283,0.0220136417611637,0.0120451651994317
"299",0.507274480418975,0.0307880444826405,0,0.0861493630710765,0,0.131887223852979,0.23929165057251,0,0,0.00116893183526885,0.00344030576654906
"300",0.523248317204394,0.00532860065471913,0,0.0390851240147558,0,0.159918987465406,0.139270511098683,0,0.0985647573772506,0.0320825615548135,0.00250114062997855
"301",0,0,0,0.0545937268257154,0,0,0,0.211918444911545,0.543556433108195,0.189931395154545,0
"302",0,0,0.0432957598387143,0,0,0.0805670868072152,0.0781527524179577,0.618054769574442,0.0619721703058245,0.0533108937197612,0.0646465673360847
"303",0,0,0,0.904457890575483,0,0,0,0,0.0259158520976065,0.0347478670429891,0.034878390283921
"304",0,0.00624943185687958,0.225188065005752,0,0,0.105683939363764,0.280680771557045,0.0263521449939543,0,0.26274647277472,0.0930991744478856
"305",0,0,0,0.269844202011494,0,0,0,0,0.17555831300161,0.269364450333564,0.285233034653332
"306",0,0.0724589646401469,0,0.201603551345922,0,0.163653759724585,0.219966246304046,0,0,0.323196209640967,0.0191212683443329
"307",0,0.193816211361844,0,0,0,0.126483609242483,0.594808730444646,0,0,0.059182072558514,0.025709376392512
"308",0,0,0,0.205861785030056,0,0.0707378718247194,0,0,0,0.723400343145225,0
"309",0,0,0,0.293056538685564,0,0.147512551440929,0.13056949029929,0,0,0.395445326104631,0.0334160934695859
"310",0,0,0,0,0,0,0.039000529768164,0.765647965666475,0,0.14963175420713,0.0457197503582309
"311",0,0.0612694294717386,0,0.0562055884846604,0,0,0.0210959902864446,0.625504707603549,0,0.115317543230523,0.120606740923084
"312",0,0,0,0.147944858010089,0,0,0,0.345186468491498,0.21034342847594,0.209639649391499,0.0868855956309734
"313",0,0.0247764129238571,0.0610940066442476,0,0,0.0566441164666211,0,0.599956768677274,0.0967832935588601,0.0678184888056748,0.0929269129234653
"314",0,0,0,0,0,0.777339965044571,0,0.0945493046867935,0.0515781186680865,0.0482155065585624,0.0283171050419866
"315",0.0110304245251303,0.0186072582910398,0,0,0,0.858133435545917,0.0450187432412591,0,0.0147049957887631,0.0292451949849318,0.0232599476229587
"316",0.223759632100123,0.0307751848526455,0,0,0,0.628871894737967,0.0512035160554861,0,0.0263448143702631,0.0289119504609423,0.0101330074225731
"317",0,0.0446487973635963,0,0.0238500810325237,0,0.607774966900759,0.163197900140907,0,0,0.151207760905161,0.00932049365705307
"318",0,0.02607405459125,0,0,0,0.269906092004882,0.538606376385392,0.0541448531507013,0.00691512445450191,0.0338584336703266,0.0704950657429456
"319",0.124785264634446,0.00313554493550153,0,0.127480545235048,0,0,0,0.169316507619833,0.511074106659128,0.0642080309160441,0
"320",0.598929420891646,0,0,0,0.210001248601859,0,0.0759743332552765,0,0.0925378237405389,0,0.0225571735106795
"321",0.495713496288032,0,0,0,0.317171907703366,0,0.0073912898883798,0.0750789427238485,0.0953747121444691,0,0.00926965125190398
"322",0,0,0,0.0979055688167667,0,0,0.243816122524917,0,0.432405852364435,0.210587243902856,0.015285212391025
"323",0,0.247193113113678,0,0,0,0.0433709597580517,0.189742269349594,0,0,0.515688819487802,0.00400483829087457
"324",0,0.405167825028496,0,0.116705296784888,0,0.107369044738348,0.0913989536391099,0.00456835165307007,0.0683034400938113,0.18723826481038,0.019248823251897
"325",0,0.50483332103372,0,0.072324791298139,0,0.2208827213531,0.0548923968305716,0,0.0467949638222879,0.0748558271415653,0.0254159785206168
"326",0.196861735434229,0.20902356481195,0,0,0,0.201079782227098,0.355334338818106,0,0.000149392355648906,0.0233843486923197,0.0141668376606486
"327",0.236154211669406,0.257538866307812,0,0,0,0.220466987289552,0.173790677448137,0.0458977807606441,0.0125518103889372,0.0406691864107393,0.0129304797247712
"328",0.420190197818767,0.171474649013526,0,0.0562602596726915,0,0.131786896256948,0.117533783154855,0,0.0252986918912655,0.0145740480283147,0.0628814741636333
"329",0.525238650248789,0.0673589318085741,0,0,0,0.196841526517042,0.187476393151774,0.00273865135418837,0,0,0.0203458469196323
"330",0.710743852902887,0.0361389436774603,0,0,0,0.126869685408632,0.100303660490867,0,0,0.0121724540676558,0.0137714034524981
"331",0.347523433769187,0.0909041662378752,0,0,0,0.192211659669234,0.0612520865113763,0,0.211963135617254,0.0961455181950737,0
"332",0.4751629214366,0.0674297127101516,0,0,0,0.0942553591955281,0.22852348247263,0,0.00898239536849364,0.0871219701811085,0.0385241586354881
"333",0,0,0,0.0869772226890897,0,0,0,0.27390579779771,0.244233529038683,0.369177951593575,0.0257054988809423
"334",0,0,0,0.249442442340418,0,0,0,0.453758137421643,0.0217437722743472,0.182531971440853,0.0925236765227387
"335",0,0.036945530641756,0.180241991571333,0,0,0,0.246282913132496,0.0998872815872394,0.0331161862651547,0.208625494807163,0.194900601994857
"336",0,0.0914044280648185,0,0.00462143936347121,0,0.184190128845433,0.634104949347971,0,0,0.0640204402706443,0.0216586141076621
"337",0,0.0369706469831709,0,0.0475515989448465,0,0.214992881060392,0.616388382497642,0,0,0.0620592918068882,0.0220371987070602
"338",0,0.046951195190605,0,0,0,0.199692417950629,0.641424358445417,0,0,0.0447515844931992,0.0671804439201489
"339",0,0,0,0.012862696503383,0,0,0,0.0506706466193266,0,0.931904249000375,0.00456240787691515
"340",0,0,0.178637533379092,0.413389969034965,0,0.047825342802661,0.0271041607998653,0.0703939718640749,0.00716381648144878,0.187831351109026,0.0676538545288671
"341",0,0,0.00135568388330299,0,0,0,0.0103068428574877,0.479882575990161,0.108061781165185,0.227691959942659,0.172701156161204
"342",0,0.0125551953232377,0,0,0,0.176245575954766,0.0226922337053008,0.580446494222103,0.119384759971887,0.032172932397833,0.0565028084248724
"343",0,0,0,0.141150878133868,0,0.337810211077127,0,0.201633283553887,0.0196499830258025,0.249515214398732,0.0502404298105831
"344",0,0,0,0,0,0.890354803849921,0,0,0.0543131180753518,0.0364944576054465,0.0188376204692809
"345",0,0,0,0.112016158423361,0,0.721944308214693,0,0,0.100090381613182,0.0659491517487637,0
"346",0,0,0,0,0,0.489213343947237,0,0,0.360414626392564,0.1503720296602,0
"347",0,0,0,0.0887103404440008,0,0.112044051549206,0.333916347696155,0.411004352317822,0,0.0231827374426535,0.0311421705501623
"348",0,0.016642595142251,0,0.0819281919059591,0,0.0546326777127373,0.0487923031572643,0.401958515190331,0.277194877542145,0.117869767041816,0.000981072307496373
"349",0.500290123145442,0,0,0,0.319457872282487,0,0,0.089576960060905,0.08150761935195,0.0064439957280915,0.00272342943112484
"350",0.55091207346986,0,0,0.100240955127091,0,0,0,0.016170154575983,0.297367581416482,0.0353092354105843,0
"351",0,0,0.0720158606814139,0,0,0,0.414346019665391,0.44324020526987,0.0173592162225841,0.0350569078320086,0.0179817903287322
"352",0,0,0.0103315558744154,0.125523661233546,0,0,0.0984974165331276,0.40324058905137,0.13988927491394,0.211859464110305,0.0106580382832965
"353",0,0.393181916521845,0.140625719945152,0,0,0.135271618862658,0.0944686039484945,0.0528028844985784,0,0.158357680828185,0.0252915753950886
"354",0,0.524608787333643,0.228783887514457,0,0,0,0,0.067377199379957,0,0.131588806102858,0.0476413196690843
"355",0,0.41333598540048,0,0.0447496088955349,0,0.257773967106434,0.131755022529831,0,0.0241996018084458,0.106953092531895,0.0212327217273793
"356",0.115786532402531,0.259546816595767,0,0,0,0.232465395698749,0.052521623678526,0,0.0896798900631808,0.234693388248683,0.0153063533125628
"357",0.492267702755902,0.171374905496945,0,0,0,0.241796084968779,0.0629493382477899,0,0.00671084299235681,0.0249011255382268,0
"358",0.569281882351246,0.0447979080601995,0,0.00834850073971126,0,0.164133552794762,0.128409206374633,0.0614305374483291,0,0.00799787038481448,0.0156005418463036
"359",0.260564165943134,0.0501701647148244,0,0.0375993562305765,0,0.193250021446789,0.0455436421264409,0.00341203838656511,0.369389601074409,0.0320888235282725,0.00798218654898792
"360",0.487367965387612,0.0224045793016062,0,0.0288244095742942,0,0.0650338581851938,0,0,0.0291138641884528,0.364844509283265,0.00241081407957605
"361",0.295413353903134,0.0346147684852854,0,0,0,0.0977200787305894,0.100053237343434,0,0.168291622658542,0.295625403373892,0.0082815355051222
"362",0.239960899252487,0.0600691304996341,0,0.206566514496959,0,0.130305323324138,0.173796877870059,0,0.0470161564978836,0.084950218640485,0.0573348794183538
"363",0,0,0,0.210251065253795,0,0,0,0.0403945008259304,0.293510157386712,0.369475822109179,0.086368454424383
"364",0,0,0,0.697538308152298,0,0,0,0,0.106140517605373,0.144629896316512,0.0516912779258162
"365",0,0.151524833850296,0.00292152626940723,0,0,0,0.351994771951462,0.0271254813105919,0,0.22333572399278,0.243097662625463
"366",0,0.097301140541758,0,0,0,0.0750664129613641,0.726185489184939,0,0,0.101446957311939,0
"367",0,0.0722137265245551,0,0.124394933822374,0,0.0999090764129453,0.624118094838307,0,0,0.068907054729942,0.010457113671877
"368",0,0,0,0.096382024077222,0,0.159171191980537,0.458169366802229,0,0,0.274254035649134,0.0120233814908775
"369",0,0,0,0.170029720678317,0,0,0.0149072497905735,0.484782416827515,0,0.0679758548127173,0.262304757890877
"370",0,0,0,0,0,0.0682353376505688,0,0.578638248848734,0,0.141065860544137,0.212060552956559
"371",0,0.0517080123172274,0.0970613497611876,0,0,0,0,0.584777289749504,0,0.217960056683123,0.0484932914889582
"372",0,0,0,0.0249517366745248,0,0,0,0.588933152019203,0.0482635641887522,0.266161480299421,0.0716900668180991
"373",0,0,0.00344800226062824,0,0,0.181945546775379,0,0.31591105924829,0.0985465589011165,0.272199585518332,0.127949247296254
"374",0,0,0,0,0,0.868880606044175,0,0,0,0.0859196704531782,0.0451997235026464
"375",0,0,0,0.0565498186627174,0,0.190841442477498,0.309644252012894,0,0.205401267776519,0.17943308948399,0.0581301295863819
"376",0.135107267036073,0.00184530950069341,0,0,0,0.513068727035976,0.151472444995384,0.160853434239461,0.0065055745796627,0.0227837963419962,0.00836344627075268
"377",0,0,0,0.100439904886416,0,0.440885605765727,0.313535698990191,0,0,0.0830981647135324,0.0620406256441338
"378",0,0.00975018574690275,0,0,0,0.747087840379699,0.153335221258415,0.0640406767800444,0,0.0152772611496327,0.0105088146853056
"379",0,0,0.00495606789567949,0.00758127063584424,0,0.294722792999499,0.238173157362143,0.362412219927578,0,0.0696732813987175,0.022481209780539
"380",0.311819346363344,0.0375193150803955,0,0.0201462809850936,0.163489519376907,0,0.203330838001365,0.17312353021115,0.0652949792071205,0.0153416088820006,0.00993458189262354
"381",0.183519010022187,0,0,0.13625777381201,0,0.0562651958463295,0.0792253188049244,0.303292959059365,0.18623118453337,0.0471496142596378,0.00805894366217643
"382",0.00157444682856482,0,0,0,0.224059545260565,0.00386156084829125,0.245680908631289,0.357259467602081,0.132507357533129,0,0.03505671329608
"383",0,0,0,0.39140377013103,0,0,0.0452133279823392,0.0152802940573444,0.214354121971677,0.327883111918801,0.00586537393880745
"384",0,0.619745684743514,0.10510463126283,0,0,0,0.138897525873839,0.096277898663744,0,0.0399742594560731,0
"385",0,0.301018481443249,0,0.090076580958157,0,0.194004941831875,0.174611925337153,0,0,0.21717491236499,0.0231131580645763
"386",0,0.48114896721778,0.146305958978912,0,0,0.135081469017062,0.168098290428333,0,0,0.0381137459567501,0.031251568401162
"387",0.0828664110201189,0.290975384275367,0,0.11901846597409,0,0.204081650337482,0.216614212806052,0,0.0243658691579175,0.0145476739325083,0.0475303324964639
"388",0.635779234160622,0.116230345126802,0,0.0251959643634476,0,0.142307079047496,0.0760446750129365,0,0,0,0.00444270228869604
"389",0.393721127318439,0.201653224140264,0,0.0895717292465645,0,0.202416166592903,0.0982099848625159,0.00354832104660987,0,0.00437454148869167,0.00650490530401156
"390",0.50823097692572,0.050771459779755,0,0.00571175714476169,0,0.203229529475951,0.166543900516566,0,0,0.0295521203998967,0.0359602557573492
"391",0.670263929827193,0.0206005670156892,0,0.0388203950029113,0,0.0963561003778778,0.114677072653276,0,0,0.0471840944787255,0.0120978406443272
"392",0.630304829429852,0.0509241904970849,0,0,0,0,0.303474067168487,0,0,0,0.0152969129045768
"393",0.377287986664599,0.0826012035171912,0,0,0,0.202218790760369,0.22550925270233,0,0.0404803691179958,0.0526415170850218,0.0192608801524937
"394",0,0,0,0.137598022934169,0,0,0,0,0.54379899597767,0.318602981088161,0
"395",0,0,0,0.479567209935835,0,0.342143225470384,0,0,0.020281480987451,0.127759831568872,0.0302482520374581
"396",0.065412428374449,0.180711278370539,0,0,0.0170272893661739,0.268080937943299,0,0,0,0.248541280599614,0.220226785345925
"397",0,0.0674172325260511,0,0.0449161853475343,0,0,0.785066071373832,0,0,0.0686101761216226,0.0339903346309604
"398",0,0.0964417858977172,0,0.0556371260589094,0,0.0245831019033079,0.754987205894874,0,0,0.042930053842099,0.025420726403092
"399",0,0,0.0130571307624457,0,0,0,0,0.0587510194766375,0.744275066353619,0.183916783407298,0
"400",0,0,0,0.523676863158864,0,0,0,0.149139746190166,0.11630474882567,0.058584514687268,0.152294127138032
"401",0,0,0.0840138396247746,0.0846862754526734,0,0,0.00510014739844533,0.640251600944292,0,0.0799873141734745,0.10596082240634
"402",0,0,0,0,0,0,0,0.469129292266602,0.160654606869591,0.254463177597131,0.115752923266676
"403",0,0,0,0.102993578382116,0,0,0.171333880414657,0.0483972073408116,0.177305301476407,0.338305605577879,0.161664426808128
"404",0,0,0,0.00811915131307324,0,0.443144273973372,0,0,0,0.526370066062862,0.0223665086506927
"405",0.00284801214698986,0.0319313256438547,0,0,0,0.901004100740107,0,0,0.0175459090433655,0.0147188608297787,0.0319517915959039
"406",0,0,0,0.096532974179205,0,0.616417770960537,0,0,0,0.269976733710014,0.017072521150244
"407",0,0,0,0.00172267137074838,0,0.890744855198734,0,0,0,0.095635393014612,0.0118970804159054
"408",0,0.105061173724746,0,0.092614903391313,0,0.325877210901185,0.227551435250568,0.0601088241860391,0,0.175434496891778,0.0133519556543708
"409",0.587101179107793,0,0.150851512645912,0.0537260099961192,0,0.0702287087431963,0.0518551619650335,0.0437865757717558,0.0365454734976257,0,0.00590537827256381
"410",0.603142450256601,0,0,0,0.299650432228414,0,0,0.0474420912152886,0.0363085615370611,0,0.0134564647626346
"411",0.396359938682279,0,0,0.0238528615990817,0.299680472664168,0,0.00254747002878618,0.198723305307602,0.0676158352068207,0,0.0112201165112631
"412",0.338265116485084,0.26236677526939,0,0.0329611037448063,0.081212306776239,0,0.00697025980071373,0.160876233457348,0.101404632179349,0.00362590567116644,0.0123176666159047
"413",0,0.0472337393464885,0,0.0454389345094898,0,0.0863540029352663,0,0.441072611429469,0.256939263456036,0.0490077579862577,0.0739536903369925
"414",0.00658671303205532,0.517254929872891,0,0,0,0.243475576698203,0.1585296959106,0,0.00557089390731241,0.048353727488549,0.0202284630903897
"415",0,0.24149682738654,0,0.115861072731745,0,0.177542425923591,0.196362031370347,0,0,0.263260873740591,0.0054767688471857
"416",0.0733599303549439,0.303732296227084,0,0.0200336500714835,0,0.305219071277339,0.234695540504405,0,0.00224054657048463,0.0337901316173665,0.0269288333768932
"417",0.346960112337361,0.266497535861819,0,0,0,0.183229350406554,0.167733213908332,0,0.0102744990503767,0.0163566179477924,0.00894867048776451
"418",0.454330181074716,0.203158728591209,0,0.0277924458438789,0,0.179472616258092,0.0917216985255484,0,0.0208066523575087,0.0179072437660543,0.00481043358299311
"419",0.576240842723423,0.101416378283165,0,0.00108078695256789,0,0.147091949648264,0.158210859114079,0,0,0,0.0159591832785005
"420",0.386907092235985,0.105533788974338,0,0.0271827743126109,0,0.187163846210829,0.0821653569018715,0,0.146148428232383,0.0584285149055784,0.0064701982264042
"421",0.54135780853658,0.0613478408122109,0,0,0,0.185073170282172,0.128970247903389,0,0.024146965143611,0.0317599292497597,0.0273440380722781
"422",0.337215097373875,0.0240051321529691,0,0.12189170996337,0,0.119024713446441,0.000474182426684362,0,0.140107889141552,0.173383669100554,0.0838976063945545
"423",0.445937019405151,0.0185688028663606,0,0.0125517024345231,0,0.100563043551442,0,0,0.378425763695521,0.0439536680470023,0
"424",0.0514683689729945,0.00515477190816786,0,0.0117774576595861,0,0.00409678236293844,0,0.0890698250908407,0.814812319067648,0.0236204749378243,0
"425",0,0,0.175342328661893,0.275704431423472,0,0,0,0.259476576563126,0,0.0712018335661413,0.218274829785368
"426",0,0,0,0.000800266851821001,0,0,0,0.474021125339211,0.192541622424125,0.326353620441688,0.00628336494315478
"427",0.00026489194443135,0,0,0.315289969742593,0,0.133344927326284,0,0,0,0.515679833922814,0.0354203770638778
"428",0,0,0,0.145607428837865,0,0.392674194524433,0,0.199896648458264,0,0.0545603473612473,0.207261380818191
"429",0,0,0,0.033934330929558,0,0,0,0.418052230363008,0.163880748414277,0.242997871401631,0.141134818891526
"430",0.0159356195412419,0.0454465866640771,0,0,0,0.092101388121444,0,0.324236818073066,0.379788497832091,0.0529172221279806,0.0895738676400987
"431",0,0,0,0.194504806273831,0,0.316375294282247,0,0.204938912822266,0.0709325841557175,0.135080489845824,0.0781679126201151
"432",0.0599776190065382,0.00855061129709018,0,0,0,0.889154870824508,0,0,0.0147760199105719,0.0126807984018214,0.0148600805594701
"433",0,0,0,0,0,0.692945835673923,0.192398377928317,0,0.00895070877878229,0.0801096110398261,0.0255954665791512
"434",0,0,0,0,0,0.639727178449174,0.322556803767514,0,0,0.0188563781203275,0.0188596396629838
"435",0,0,0,0.0641451205990464,0,0.517519430300056,0.028045434024571,0,0.14450883663439,0.231410866448961,0.0143703119929762
"436",0,0.159903039078682,0,0.0160340681394418,0,0.522468128716321,0.228230478316688,0,0,0.0488319685875074,0.0245323171613594
"437",0,0.0669685586252403,0.406253469392304,0,0,0.0491119951757885,0,0.34996244669857,0.106041419802009,0.00186622340038639,0.0197958869057016
"438",0.494692477899928,0.0317823183494655,0,0.07761364228738,0.0219086227031147,0.061889631870187,0.0799119929636127,0,0.180455178312304,0.0369154181247672,0.014830717489241
"439",0.234111117515032,0.126154349361327,0,0,0.235779565629457,0,0.0727310539353403,0.245712831184025,0.0834267617632034,0,0.00208432061161462
"440",0.0409202737367126,0.162728601558534,0,0.0799653907073649,0,0.191979666489832,0.127389819232977,0.151274659492431,0.210470506259391,0.00394787394793044,0.0313232085748279
"441",0,0,0.169684415915914,0.00384537537555419,0,0.166416925510807,0.203987199306872,0.172819771502591,0.0402799129930301,0.224644739350007,0.0183216600452239
"442",0,0.585424332256993,0.194988623926178,0,0,0,0.133149837411706,0,0,0.0476298941732665,0.0388073122318561
"443",0,0.48405548243046,0.184435900860096,0,0,0,0.142249710510079,0.102706371981577,0,0.0637759837247469,0.0227765504930424
"444",0,0.439153849432835,0,0,0,0.168189043713916,0.334192467727692,0,0,0.0396223063769248,0.0188423327486325
"445",0.164909145787992,0.26068730666668,0,0.014073353034011,0,0.180793376655678,0.219370853130305,0,0.0985827161038228,0.0174202617373009,0.0441629868842097
"446",0.0214087711049115,0.21533264880742,0,0.00440763397586744,0,0.164889729776264,0.0683872664609031,0,0.336058053667441,0.189515896207193,0
"447",0.445053985672902,0.13351934386879,0,0,0,0.270689998739997,0.144659354634905,0,0,0,0.00607731708340602
"448",0.662301883065055,0.0102186880989026,0,0.0359081439554217,0,0.132485032816263,0.0926952701888423,0.0208135978847065,0.036428197414228,0.00472675518965089,0.00442243138693011
"449",0,0,0,0.266605602667088,0,0.0496335592455071,0.0628490217695299,0,0.41746667439423,0.202392344008349,0.00105279791529585
"450",0.220610485342712,0.0328045927937125,0,0.0417666590234304,0,0.249412064151548,0.141306669226866,0,0.187032092289511,0.0237316711516808,0.10333576602054
"451",0.506036507586828,0.0538210215325021,0,0,0,0.103368393363251,0.217216345829381,0,0.0697942250600005,0.0271222039072074,0.0226413027208307
"452",0,0,0,0.226879667906968,0,0.179446571074182,0.303113731898292,0.120411134794459,0,0.106358364619086,0.0637905297070126
"453",0,0,0,0.477143744480151,0,0.059929445473618,0,0.065812236602008,0.310189530783957,0.051683914085417,0.0352411285748484
"454",0,0,0,0.110020644475421,0,0,0,0,0.436524262353763,0.41051558948687,0.0429395036839461
"455",0,0,0,0.0166772165270176,0,0,0.187388460675191,0.382100382577734,0,0.234983404227043,0.178850535993014
"456",0,0,0,0.210767147135647,0,0,0,0.360693876939548,0.0772261564664039,0.229211693266149,0.122101126192252
"457",0,0,0,0.0989204511762407,0,0.179780639522148,0.0380117389117787,0.177194551411115,0.0980467386611435,0.248909772634876,0.159136107682699
"458",0,0,0,0,0,0,0,0.602393888939205,0.170307675099797,0.181756039553466,0.0455423964075321
"459",0.0791463707864091,0,0.141263183493166,0.0653454297488283,0,0.121577116930413,0,0.327006749306131,0,0.134917192306026,0.130743957429027
"460",0,0.0512455904763621,0,0,0,0.446591984133758,0,0,0.178727456690648,0.293265830917072,0.0301691377821603
"461",0,0.0208039498405995,0,0,0,0.575318733562319,0,0,0.304662542595778,0.0964073176386618,0.00280745636264171
"462",0,0,0,0,0,0.537003387596815,0.301548820552115,0,0.0366658823403117,0.0636469994967399,0.0611349100140184
"463",0,0,0,0.0351189746605321,0,0.757106261780716,0.0697348718734746,0,0,0.10557903760255,0.0324608540827274
"464",0.0927724752261074,0.0584266928871104,0,0,0,0.688138796002573,0,0,0.0766194708746489,0.0784120817473816,0.0056304832621786
"465",0,0.0121160813560006,0,0.0725343018639123,0,0.362103152807405,0.218483316879754,0,0,0.326022316930766,0.00874083016216153
"466",0.00391838526403629,0.125487667489708,0,0.110532294571516,0,0.207198607354849,0.0807893361793817,0.0818285564315149,0.282884082710884,0.0860216788357743,0.0213393911623358
"467",0,0.0544065920626011,0.304737710809641,0,0,0,0.0831973594635057,0.35051505406602,0,0.200252834540424,0.00689044905780845
"468",0,0.0411451804109587,0,0.176753296629511,0,0.140470936778852,0.106810303526759,0,0.258172648300068,0.264628313803095,0.0120193205507568
"469",0.158664522511478,0.338450292950426,0,0.0868682855570252,0,0.180432990049759,0.0652335296753876,0,0.0124071651475427,0.0816567185604228,0.0762864955479574
"470",0,0.418056705908639,0,0,0,0.0992295875850881,0.039522036292381,0,0.0954266120341054,0.322865099006615,0.0248999591731712
"471",0,0.681012898661545,0.0415072930680237,0,0,0.0209762353774088,0.168862700170414,0,0,0.0559432041419888,0.0316976685806198
"472",0,0.606674750447751,0.233295719997916,0,0,0,0.0672541948175009,0.03752089364406,0,0.0494566144153473,0.00579782667742521
"473",0.0634595689891168,0.476617862740757,0,0,0,0.307071009218671,0.102184240188891,0,0.012653601071084,0.0189438892001283,0.0190698285913517
"474",0.226565399763043,0.523756772891447,0,0.0256835345730146,0,0.112446802562789,0.0831203626451505,0,0,0.0155727359101475,0.0128543916544084
"475",0.287182064533761,0.2445870478295,0,0.01495046306423,0,0.169527898682618,0.117876926520178,0,0.0451651263943705,0.106309573212595,0.0144008997627468
"476",0.620922508811127,0.166314656155562,0,0,0,0.11151595769837,0.0054814417386226,0,0.053351782314046,0.0282207934991006,0.0141928597831717
"477",0.295557529201744,0.0586524815023894,0,0.144616249073323,0,0.147315014428692,0.0303917220440013,0,0.227512976153334,0.0905934480435554,0.00536057955296184
"478",0.641281171586357,0.0267275353506855,0,0,0,0.0845443713368247,0.163509367520631,0,0.0137368143040165,0.0195347557556597,0.0506659841458263
"479",0.609427145645094,0.0306104670141019,0,0.00955267109419335,0,0.041678924735445,0.178313561602919,0,0.0702464404355527,0.0217591414749833,0.038411647997711
"480",0.743520500920769,0.0463303358656289,0,0,0,0.0855263412167397,0.0966448674948047,0,0,0.0247716524002428,0.00320630210181482
"481",0.743018835385613,0,0,0.0633113919124567,0,0.0894896356964119,0.0450574565799108,0,0,0.00401390978220359,0.0551087706434043
"482",0,0,0,0.299129103094637,0,0,0.0226056467903419,0.151439200126432,0.227983443198141,0.253057439347614,0.045785167442835
"483",0,0,0,0.506883698805597,0,0,0,0.323068162243811,0.0308146891510274,0.0894969544207281,0.0497364953788365
"484",0.51506309246542,0,0,0,0,0,0,0.233424698833349,0.215726975053483,0.00948294579632573,0.0263022878514225
"485",0,0,0.209408857531336,0.0431806054925241,0,0,0.0499587089139239,0.407213177544963,0.00888425970176553,0.194571286781429,0.0867831040340593
"486",0,0,0,0.299262038893115,0,0,0.0403214391054156,0.465312372813875,0.0134720593097867,0.100545686659085,0.0810864032187233
"487",0,0,0,0.0139395483977893,0,0,0,0.500386537089337,0.140409119770751,0.306283341801984,0.0389814529401387
"488",0,0,0,0,0,0.245791221808421,0,0.523301605216238,0,0.134301399785296,0.0966057731900458
"489",0,0,0,0,0,0.547765891584163,0,0.187370379233972,0,0.122704426856864,0.142159302325
"490",0,0,0,0,0,0.719873090794353,0.111172489954725,0,0,0.124563006221648,0.0443914130292737
"491",0,0,0,0,0,0.630696953101355,0,0,0.194649297792163,0.161410717756427,0.0132430313500553
"492",0.0831676009221681,0.0324915415734172,0,0,0,0.822485737540379,0,0,0.00834990699097044,0.0188690730793959,0.034636139893669
"493",0,0.00283067612000708,0,0.0521065786172431,0,0.435529553747937,0.339023261877059,0,0,0.139025595429437,0.0314843342083163
"494",0,0,0,0.149990844641175,0,0.517146229636899,0.0984065349840081,0,0,0.172539355381768,0.0619170353561506
"495",0,0,0,0.0762870491641448,0,0.0020153883733892,0,0,0.154967180520027,0.765882346537196,0.000848035405242217
"496",0.176457554278918,0.179236737896003,0,0.237407152877122,0,0.117113007011452,0.186880696495819,0.0167160521459694,0.0473839352437516,0.0111221407172579,0.0276827233337075
"497",0.382571621504694,0.0114296438888861,0,0.0542259043795915,0,0.0503044665750414,0,0,0.0788623990275729,0.422605964624215,0
"498",0,0.177932226589052,0,0.110380600481288,0,0.178073171235507,0,0,0.125270116605773,0.395977694895023,0.012366190193357
"499",0,0.373772490620565,0,0.0872521319711288,0,0.203997776130115,0.123374101844184,0,0,0.176294052397367,0.0353094470366408
"500",0,0.652639419569124,0.218270365675696,0,0,0,0,0.0134201657498433,0,0.0890167104168945,0.0266533385884419
"501",0,0.773611566378607,0.10688347156737,0.015359156894288,0,0,0,0,0,0.0707904981164947,0.0333553070432399
"502",0,0.554558651992742,0.114562890929605,0.236662420871845,0,0.0316026163477591,0.0214739394906809,0,0,0.0303862634890828,0.0107532168782849
"503",0,0.548144709884077,0.0503253301999649,0,0,0.130904455123893,0.00262147265614537,0,0.105051283513823,0.0921709529419067,0.07078179568019
"504",0.218320138826809,0.460651197346332,0,0.0237458136036958,0,0.173337228033873,0.0974202968984921,0,7.84559088927745e-05,0.0197485513007538,0.006698318081151
"505",0.464031856586872,0.169376436065574,0,0,0,0.227788060080463,0.0224503528761171,0,0.0624170192340395,0.0507829256537965,0.00315334950313781
"506",0.313160659485079,0.254088063804375,0,0.085517816722891,0,0.172567221099637,0.0974173984042222,0,0.0284646494919952,0.0316378736297754,0.0171463173620258
"507",0.694843370516053,0,0,0.0892435448599068,0,0.0944774596745025,0.0453053448881306,0,0.0255597887543369,0.0232758435834206,0.0272946477236498
"508",0.604551105013363,0.00549857189659774,0,0.130212091596883,0,0.0217589891473381,0.147532048087435,0,0.021715541311081,0.0545050783827239,0.0142265745645775
"509",0.388973216375346,0.0367109612522798,0,0.0473942024080135,0,0.158963717894411,0.151303873233154,0,0.152689748046052,0.024567298600615,0.0393969821901294
"510",0.581903915403803,0.0246532545623623,0,0.0626920112245839,0,0.111044698480001,0.101775288718601,0,0.0718983206707356,0.0271659753498789,0.0188665355900339
"511",0,0,0,0,0,0,0,0.11388481804234,0.400849505382955,0.469488589925499,0.0157770866492065
"512",0,0,0,0.114407139919187,0,0.00923757891696689,0.0402262320169332,0.691330294157912,0,0.108485263690311,0.0363134912986898
"513",0,0,0,0.480087738724245,0,0,0,0.412060578444101,0.00267283116196634,0.0766278591005631,0.0285509925691243
"514",0,0,0,0,0,0,0.455272397516889,0,0,0.544727602483111,0
"515",0,0,0,0.606791796454245,0,0,0.0109205459877907,0.197562379809756,0.0609712491736873,0.0701057148664789,0.0536483137080421
"516",0,0,0.0398566090438108,0.0540872973458926,0,0,0,0.471010462968231,0.0816710230626084,0.265888993599263,0.0874856139801947
"517",0,0,0,0,0,0,0,0.663811856605331,0.0649186042070252,0.146577844984425,0.124691694203219
"518",0,0.106203992407767,0.0353897243718544,0,0,0,0.349796227448649,0.246251377183337,0.08066361852324,0.0815247644145066,0.100170295650646
"519",0,0,0,0,0,0.425861897643124,0,0.508264073020011,0,0.043198151396024,0.022675877940841
"520",0,0.00142250613942735,0,0.0170052348227894,0,0.471121430371222,0,0,0.148153721280437,0.30649536873188,0.0558017386542446
"521",0,0,0,0.000597054823063829,0,0.611789219019537,0,0.0335241855858519,0.0671619640931982,0.27270078282367,0.0142267936546789
"522",0.0566430477951468,0.0410964788789729,0,0,0,0.846271263073881,0.00228320920614196,0,0,0.0265218386016182,0.0271841624442392
"523",0.0351614731180464,0.0382375046463135,0,0,0,0.724250504724055,0.11492603141418,0,0.00527852638742058,0.041975366319802,0.0401705933901828
"524",0,0.0714737002624819,0,0.0180769653489034,0,0.248421235345104,0.234495954267596,0,0.0678115204843327,0.329003725523832,0.0307168987677499
"525",0,0.196280350093745,0,0.0434075186881215,0,0.326666759968752,0.227251088871979,0,0,0.137426563306801,0.0689677190706019
"526",0,0.0714726832153056,0,0.213052440528815,0,0.13915164677038,0.0831898153502713,0,0,0.460576522677603,0.032556891457625
"527",0.176979390982123,0.0213848486272967,0,0.109909394907571,0,0.180817858488049,0.0516354579876943,0,0.280003053172391,0.15551273165919,0.0237572641756849
"528",0.10475057962807,0,0.128951122985264,0,0.329790471278232,0.0488478190567784,0,0.312349353906006,0.0506088792521248,0.0047854140055976,0.0199163598879275
"529",0,0,0,0.00200951323870341,0,0.228173667232307,0,0,0.343886734664059,0.402487120516697,0.0234429643482334
"530",0,0.665029218326014,0,0.0640070190181236,0,0,0.0749709821523934,0.117674064195474,0,0.0498263237325441,0.0284923925754515
"531",0,0.454965739638247,0.136815362104119,0.0578978645400916,0,0.00290099513365707,0.0240176861441712,0,0,0.31049515854743,0.0129071938922839
"532",0,0.695765510157206,0.207218229985104,0.0149012532002762,0,0,0,0,0,0.0540022065041758,0.0281128001532379
"533",0,0.707588289559008,0.0582840202816416,0.0207442142673751,0,0.113474599371288,0.0626788671557198,0.00493721867895277,0,0.0222202549700464,0.0100725357159689
"534",0.0294217868623638,0.452516393556456,0,0.114988505195475,0,0.130868463715315,0.0355173147074633,0,0.142477891345218,0.0309518846263811,0.0632577599913274
"535",0.16806709622414,0.358549823554205,0,0,0,0.172549727497296,0.103609513454765,0,0.104480095538207,0.0316831274153163,0.0610606163160708
"536",0.631285670882033,0.0740532633121256,0,0,0,0.164242161773471,0.103494006418565,0.0113855790851062,0,0.00776078745452814,0.00777853107417084
"537",0.538714386824794,0.0122983217695308,0,0.111060281655314,0,0.121451679848738,0.101176977003451,0,0.0458024258192491,0.0434635039482556,0.0260324231306683
"538",0.388297797813735,0.113200657220005,0,0.0257478454290053,0,0.115446875013658,0.342755393842833,0,0,0.00223091686459369,0.0123205138161707
"539",0.566471202734825,0.0249486254252468,0,0.0313975101258709,0,0.0614317435884715,0.173450433278685,0,0.0707011618680774,0.0340881236148213,0.0375111993640018
"540",0.427688198195947,0.00746879131266559,0,0.0864817859785498,0,0.041116024753945,0.210380020497478,0,0.131436765924273,0.0124798680027369,0.0829485453344046
"541",0,0,0,0.0413876836400951,0.132803103962144,0.179066860615999,0.00111659268000381,0.0230607220675923,0.515656871428451,0.10043422904547,0.00647393656024501
"542",0,0,0,0.10819576207227,0.0680550375512982,0.0403659411669573,0.024200523250805,0.0450172728244867,0.69287002866746,0,0.0212954344667233
"543",0,0,0,0.307435716563513,0,0,0,0.628105829426523,0,0.0429081378944122,0.0215503161155512
"544",0,0,0,0,0,0,0,0.701627848185662,0.0216834578859257,0.188984853532527,0.0877038403958849
"545",0,0,0,0.0259203888394068,0,0,0,0.403543630406351,0.0736121967192353,0.290605418412603,0.206318365622404
"546",0,0,0,0,0,0.259770362589275,0,0.387210435181089,0.104171344172733,0.13101012547716,0.117837732579743
"547",0,0,0,0,0,0.910575617390511,0,0,0,0.0484842161805042,0.0409401664289851
"548",0,0,0,0.0102082812481561,0,0.706201687511434,0,0.049354184335835,0,0.190826845790645,0.0434090011139302
"549",0.029929033151786,0.0577393974882361,0,0,0,0.603364858065798,0.0440577646694085,0,0.0974970332714742,0.154310408477597,0.0131015048757005
"550",0.124203192905125,0.034163636018729,0,0,0,0.761227826887855,0,0,0.0423217496272475,0.0239806509171009,0.0141029436439424
"551",0.121195123928808,0.113299920008509,0,0,0,0.638956934385435,0.0451612475043983,0,0,0.0679939024947502,0.0133928716780993
"552",0,0.0604301103698985,0,0,0,0.831331298990187,0,0,0,0.0777230867389585,0.0305155039009557
"553",0,0.163169465248433,0,0.0556837436500682,0,0.158455508207905,0.369914794545976,0,0,0.208659835523896,0.0441166528237215
"554",0,0.300562203058991,0.0517942434822059,0.0409567504366389,0,0.0205255072417627,0.133831719251145,0.161263246134556,0.0648462339866503,0.199998501059825,0.0262215953482261
"555",0.412038531832871,0.123341820084858,0,0.120486709360316,0,0.0674296367116448,0,0.131134104691883,0.112023744371159,0.00765988739031423,0.0258855655569531
"556",0.330178044726289,0,0,0,0.467522578654017,0,0.0078375716652797,0.132935248823351,0.0496660019972204,0,0.0118605541338429
"557",0,0.58172737921854,0,0.0926780588801021,0,0.274049215565161,0,0,0,0.0386271286373175,0.01291821769888
"558",0,0.660377088708237,0,0.0154582359861566,0,0.0774529686592347,0.0934128610938767,0.0503972629956966,0,0.0584611486025815,0.0444404339542163
"559",0,0.591222371289111,0.253699893281779,0,0,0,0,0.00536997347980173,0,0.105286975985601,0.0444207859637071
"560",0,0.584504872879125,0.291120564419034,0,0,0,0,0.034546844385942,0,0.0736843137531637,0.016143404562736
"561",0,0.79015435683742,0,0.0441967320088065,0,0.0611204823738199,0.0604340083860706,0,0,0.021171426595436,0.0229229937984472
"562",0,0.577754650102567,0.208957041073144,0,0,0.0350199612583529,0.0779084943688361,0.0511309142927265,0,0.0351682952436896,0.0140606436606833
"563",0.191152884461455,0.615024003644409,0,0.0431800756133358,0,0.0670403428210678,0.0312056174136395,0,0,0.0348421249892832,0.0175549510568096
"564",0.106496553243145,0.495144373360389,0,0.0248823934574267,0,0.222623598927439,0,0,0.0431328863632565,0.0984236555132521,0.00929653913509116
"565",0.533844004676492,0.149119780720438,0,0.0284518019290472,0,0.193773195837429,0.00485403383045734,0.0184786767172199,0.0234166894699919,0.0403868635864772,0.00767495323244721
"566",0.209076321660544,0.0326351611875877,0,0.116174029543829,0,0.0690723276408805,0.082434591817161,0,0.263676476508356,0.0550075704167122,0.17192352122493
"567",0.661689974391056,0.0427057434481386,0,0.0126522461986596,0,0.128021310825656,0.0837000725425292,0,0.0112908939611115,0.0250386109595348,0.0349011476733136
"568",0.474707761523399,0.00916023792563836,0,0.0460338584497226,0.03332877307695,0,0.230226939168354,0,0.130850355789212,0,0.0756920740667239
"569",0.665350834820591,0.0394273124620456,0,0,0,0.176177678214336,0.108351977517396,0,0.010692196985631,0,0
"570",0.140087869314551,0.00959536807865042,0,0,0,0.0794895782950631,0.0174498574966543,0.124186159238004,0.596097842873428,0,0.0330933247036496
"571",0,0,0,0.344692301950468,0,0,0,0,0.454199550033655,0.186635522701889,0.0144726253139879
"572",0,0.0661806507611157,0,0,0,0,0,0.344613819510309,0.0707853389975314,0.443868994526533,0.0745511962045106
"573",0,0,0,0,0,0.17071446790922,0,0.363237139499079,0.0818065762445134,0.31726098943965,0.0669808269075376
"574",0.215839813226011,0.0105212953156476,0,0,0,0.706741980867014,0,0,0.00618668932699692,0.0364838434495403,0.0242263778147898
"575",0.0735924587764349,0.0267445601771926,0,0,0,0.841776312524651,0,0,0.0131946824228185,0.0251819736548443,0.0195100124440585
"576",0.00692100526809514,0.0303850162097272,0,0,0,0.879641766158771,0,0,0.0498013573794856,0.0226018321340194,0.0106490228499013
"577",0.00164038035061217,0.00722634594250832,0,0,0.0574344461539372,0.822465104956593,0,0,0,0.0972533959041201,0.0139803266922292
"578",0,0,0,0,0,0.778845963944476,0,0,0,0.178948338772736,0.0422056972827883
"579",0,0.0329683773606902,0,9.25650916813088e-05,0,0.797186843641503,0,0,0,0.100520270751672,0.0692319431544536
"580",0,0,0,0.126183485265677,0,0.492209150628356,0,0,0,0.361159290413516,0.020448073692451
"581",0,0.049184403606376,0,0.105910061764684,0,0.185016749358955,0.312638993601947,0,0,0.343501815656997,0.00374797601104004
"582",0,0.216906951801015,0,0.182897308951491,0,0.168787850747279,0.0147928809252655,0.0355815303212407,0.247364199969318,0.106890873322459,0.0267784039619317
"583",0.0589274885661425,0.0636307352803995,0,0.287356827372739,0,0.257587105777673,0.0423262751687877,0,0.211644486006719,0.0706841433887017,0.00784293843883753
"584",0,0,0,0.0297868284263642,0,0.154119312657539,0.036672283951577,0.0936404638256035,0.404966184659512,0.272852217835304,0.00796270864410025
"585",0,0.215727089081894,0,0.181505503887464,0,0.176374827030778,0.0282004270936233,0,0.293847525005137,0.101103051753698,0.00324157614740632
"586",0,0.741208810327532,0.189571483812365,0,0,0,0,0,0,0.0543030595871584,0.0149166462729448
"587",0,0.784810795941819,0.0973971740938217,0,0,0.023513422952454,0.0604074245524952,0,0,0.0220508162112942,0.0118203662481163
"588",0,0.562795627801415,0.326580389447992,0,0,0.0534099162349687,0,0.0205986647671986,0,0.0220447090384915,0.0145706927099343
"589",0,0.708271773095948,0.0946622415938448,0,0,0.0531311621422154,0,0.0990845101987209,0,0.0200440346614007,0.0248062783078698
"590",0.175704829190964,0.5501444559048,0,0,0,0.0720915287446243,0.00644131796951454,0.166252056538008,0,0.00299557778971744,0.0263702338623714
"591",0.264462859634565,0.380298764384357,0,0.101210451532864,0,0.158556093063822,0.0770015702810171,0,0,0.0129677054913222,0.00550255561205267
"592",0.339349138878636,0.410010060377753,0,0,0,0.154987220938992,0.0424921092178824,0,0,0.0115806482916513,0.0415808222950855
"593",0.593053301714831,0.0928325105706783,0,0.0185683201506162,0,0.108518067215526,0.14546956333886,0,0.00375895748063457,0.0278988500106482,0.00990042951820553
"594",0.463975433118218,0.0350321390437232,0,0.120050073608699,0,0.108261613698304,0.016090267867505,0,0.187113275056986,0.0163976827624396,0.0530795148441263
"595",0.507629708365054,0.071016172139719,0,0.000195482424020901,0,0.0285641916680764,0.165227919794166,0,0.195620833734276,0.0179541668794274,0.0137915249952597
"596",0.261791983225693,0.0304541159319905,0,0.0346702232563261,0,0.116157814329307,0.0120354590793514,0.016063784052352,0.393398439152272,0.0750072827951323,0.0604208981775761
"597",0,0,0,0.0944666367605897,0,0.28992885601337,0,0.239222107640477,0.269506988154077,0.0565104497779735,0.0503649616535137
"598",0,0.0627267945646272,0,0.747615363969227,0,0,0,0,0,0.0591880059570868,0.130469835509059
"599",0,0,0,0.357524058309077,0,0,0,0.379451544747921,0,0.110835114601508,0.152189282341493
"600",0.0544031872718912,0.0231108942103783,0,0,0,0.686629983093923,0.00522620209244572,0.0817018859869857,0.0451171587223558,0.0656296069274234,0.0381810816945972
"601",0,0,0,0,0,0.852199441830299,0.0207236464455958,0,0.0250438774058123,0.0793510993540062,0.0226819349642866
"602",0.0565709655293832,0.0652464303425806,0,0.10216896120644,0,0.682728022876213,0,0,0.0619896477434978,0.0130961364259871,0.0181998358758978
"603",0.175744041951118,0.0220789206555304,0,0,0,0.580889677987614,0,0,0.0578404531288736,0.0983133241047057,0.0651335821721575
"604",0.0955841034401198,0.0279217105267782,0,0,0,0.744262702337787,0,0,0.092018359572871,0.0169014942918071,0.0233116298306369
"605",0,0,0,0,0,0.174603512114947,0.354366034166434,0,0.0921573290027198,0.368587149381069,0.0102859753348308
"606",0,0.00530019897110098,0,0.0447749890399204,0,0.396487684168527,0.412954163153009,0,0,0.126151073836122,0.0143318908313212
"607",0,0.168580985503181,0,0.0148978522488296,0,0.625622531376951,0.082013909404855,0,0,0.0686317355284863,0.0402529859376973
"608",0,0.0138833242710853,0.858488039938556,0,0,0.0611181034717669,0,0,0,0.0448016182807754,0.0217089140378159
"609",0,0.00151177174680769,0,0.0271611203883113,0,0.137552370715757,0.0631648406143775,0,0.0891512440315624,0.655710078594511,0.0257485739086732
"610",0.657954475785693,0,0,0.0326633259711984,0.095189800780687,0.0221585657594814,0,0.0352828477424061,0.0475227908761401,0.0944112590273512,0.0148169340570427
"611",0,0.0247791575625371,0,0.150509593987184,0,0.0929273161749437,0.189331093147523,0,0.129580220108987,0.391291291458894,0.0215813275599302
"612",0,0.585086735729882,0,0.128033619456918,0,0.0642146251951479,0.0433461801610448,0.0554766496176406,0.0243965404735782,0.0856817044983559,0.0137639448674321
"613",0,0.822448848497551,0.0305745511664429,0,0,0,0.000616711731305308,0.0236400498253129,0,0.107379840831341,0.015339997948047
"614",0,0.635095564691926,0,0.0446620473848311,0,0.109826244348582,0.0644393992702411,0,0,0.128237252931145,0.0177394913732754
"615",0,0.716274627735033,0,0.0202382719447172,0,0.0243187011747169,0.157733267810692,0,0,0.0502771350092591,0.0311579963255819
"616",0,0.631818593700014,0,0,0,0.135671671223931,0.1284861441493,0,0,0.0936136645907757,0.0104099263359795
"617",0.00378379211270727,0.832068069178266,0,0,0,0.0852238370037201,0.0430861272459082,0,0,0.0238741505849839,0.0119640238744148
"618",0.00919386693658354,0.347928615236758,0,0.0548512924468607,0.205263937339831,0,0.182336223342142,0,0.116146402699149,0.00247318619964726,0.0818064757990284
"619",0.462925243265114,0.365655271576012,0,0.0131594882213724,0,0.0760813032771694,0.0655733955903184,0,0,0.011201011096045,0.00540428697396865
"620",0.577833387390513,0.0971952334022567,0,0.0697590354080013,0,0.173644399702369,0,0.0111899480043064,0.0327844464509991,0.0161525172947194,0.0214410323468347
"621",0.680479011891323,0.0695955890751867,0,0.0088361963514935,0,0.130327767382259,0,0,0.0457089040156028,0.0404615634354633,0.0245909678486724
"622",0.597837616874109,0.0520119839403581,0,0,0,0.167684797630584,0.117266406473363,0,0,0.023152153268583,0.0420470418130036
"623",0.169415916891967,0.0405994277210551,0,0.0345781330273684,0,0.1607822323995,0.0135187388916517,0,0.383156975478499,0.0494014556352396,0.14854711995472
"624",0,0,0,0.0401809902260229,0,0,0,0.252337066599362,0.21762252890182,0.269174907388847,0.220684506883948
"625",0,0.00246892567228963,0.195807859170162,0.192362210831236,0,0,0,0.26049796230827,0.0171195134623456,0.121406553540531,0.210336975015165
"626",0.0489554255798678,0.008457286696097,0,0,0,0.797913173894835,0,0,0.0401736877466575,0.0281097458657504,0.0763906802167927
"627",0.0844391093726926,0.0350623312180803,0,0,0,0.707711306552464,0,0,0.0784184392440391,0.0572127133655569,0.0371561002471669
"628",0,0,0,0.0424102231927929,0,0.772623160858626,0.0141893046907763,0,0.0336706842923355,0.0890819787863476,0.0480246481791222
"629",0.0191733760822694,0.0573566922100492,0,0,0,0.742189307864918,0.0504676787673823,0,0.0948708537639654,0.0221567877922841,0.0137853035191321
"630",0,0.00377472153178748,0,0,0,0.888251777407067,0,0,0,0.0842573590393655,0.0237161420217803
"631",0,0.0206848454497862,0,0.1270526772886,0,0.399728066090894,0.239624360183847,0,0,0.186491991348746,0.0264180596381258
"632",0,0.157130117101443,0,0.026670569518041,0,0.136253908663338,0.677299218418779,0,0,0.00264618629839862,0
"633",0.0427762061701304,0.0602215196148531,0,0.20931455571571,0,0.282150079120326,0,0,0.221702278689767,0.169116388499186,0.0147189721900276
"634",0,0,0,0.168848146854785,0,0,0.0753872407041338,0.452239931969617,0.0868283859034664,0.15328838406823,0.0634079104997674
"635",0,0,0,0.213953394150221,0,0.0983061765662699,0.0399045817634539,0.194280318514228,0.0778561579066889,0.356986885079406,0.0187124860197318
"636",0.164843499883723,0.407247295388569,0,0.147301615919758,0,0.184310003776755,0.0485362597248263,0,0.0209364489414979,0.0220797479580007,0.00474512840686976
"637",0,0.136625169050853,0,0.0918815095852418,0,0.221024974062824,0.221761839646841,0,0.034592763238035,0.282673494839362,0.0114402495768437
"638",0.012172537999744,0.699094627711706,0,0.0506085970342936,0,0.0706123752805749,0,0.0319080188683059,0.0621861798540443,0.0524266917704478,0.0209909714808835
"639",0,0.708362032094903,0.171083692705738,0,0,0,0.026744283415108,0.0177037934764695,0,0.0499141875544036,0.0261920107533774
"640",0,0.595371509268784,0,0.0847628835453591,0,0.0333839405567528,0.144885069847143,0,0,0.12533839214291,0.0162582046390509
"641",0,0.587821388305759,0.188479556348135,0,0,0,0.0682175616486233,0.0449850489509249,0,0.0882730680248915,0.0222233767216659
"642",0.0170421379330108,0.709528296928575,0,0.00493281691551426,0,0.180310949963541,0.0589515046740597,0,0,0.00869802864085341,0.0205362649444452
"643",0.193278250944923,0.658605914080737,0,0,0,0.0979038589145538,0.042084194556635,0,0,0.00215686718375271,0.00597091431939788
"644",0.434596146079402,0.270258606457402,0,0.054077328249379,0,0.0859347755445229,0.0535826029732225,0,0.0519843328895697,0.027838713665254,0.0217274941412474
"645",0.366551803267472,0.251665335014085,0,0.0185632948636397,0,0.141453539246215,0,0,0.149248256088994,0.0725177715195937,0
"646",0.5955826644745,0.0541216221629316,0,0.0598111390542308,0,0.140665724511254,0.000115930909315522,0.0414684000107985,0.0878811176151922,0.0122593677245947,0.00809403353718271
"647",0.197496567187734,0.012676907183657,0,0.0713779139819933,0,0.0618432771119188,0,0,0.538436094743824,0.0609087480499019,0.0572604917409707
"648",0.709404311011128,0.0402068069677374,0,0,0,0.101909735658163,0.0453632843742376,0,0.075244854880419,0.0157997953111251,0.0120712117971898
"649",0.255079815615282,0.0922418746487974,0,0,0,0.192999714512875,0.0592417014430645,0.125967110957517,0.0777148631759109,0.0873966730696319,0.109358246576922
"650",0,0,0,0.159142223786358,0,0,0,0.121431882372813,0.556949635147356,0.118376735373746,0.0440995233197261
"651",0,0,0,0.513595205219453,0,0,0,0.125421123751831,0.158008399211639,0.173332733166971,0.0296425386501061
"652",0,0.000899335259757482,0,0,0,0.690158545834211,0,0.201525376562504,0.0540179292340842,0.0130082857034018,0.0403905274060413
"653",0.144603857588971,0.0704317579328948,0,0,0,0.591165171973532,0.085124686819745,0,0.0340503503823552,0.0195876983297738,0.0550364769727284
"654",0,0,0,0,0,0.171223418135477,0,0.722550838257222,0,0.0787266937007615,0.027499049906539
"655",0,0,0,0.0980229610069032,0,0.169994932786218,0.23481280018487,0,0.0539621288396127,0.424203860614007,0.0190033165683893
"656",0,0,0,0,0,0.526577517921197,0,0.355174728592985,0,0.0476127971854448,0.0706349563003732
"657",0,0,0,0.172545352861909,0,0.185948720288489,0,0,0.189878328679035,0.408804008370885,0.0428235897996808
"658",0,0.287743597947114,0,0.0724637665496776,0,0.473111944066358,0.105246019280571,0.00485303773871926,0,0.0452808005956487,0.0113008338219112
"659",0,0.00963223329701684,0,0,0,0,0.0711027123929723,0.48322338901199,0,0.0450896831722375,0.390951982125783
"660",0.236363983845566,0,0,0,0.388187458679103,0,0.0666570282310849,0.0530227166347375,0.156496607314256,0.067457831000648,0.0318143742946036
"661",0,0.269684251585402,0,0.0406799041659671,0,0.178972940618611,0.0863157215620746,0.0232890861296117,0.18366326297579,0.206259550948173,0.0111352820143707
"662",0,0.0491340372550418,0.379840772539266,0,0,0,0.020665151124572,0.205753012258475,0,0.280721650923893,0.063885375898751
"663",0,0.884777456927489,0,0.00369153459191614,0,0.0393226861409207,0.022047443194035,0,0,0.0406349844099973,0.00952589473564164
"664",0,0.702905606936142,0.0023615010953946,0.030049938581164,0,0.0896834438639637,0.0732832486059844,0,0,0.0626246694062024,0.0390915915111484
"665",0,0.37698885279347,0.330857291849617,0,0,0.174630757150416,0,0,0,0.0643771350281386,0.0531459631783591
"666",0,0.498546031437116,0,0.0357679041934876,0,0.147637594572945,0.140244228415957,0,0,0.156464528318602,0.0213397130618924
"667",0,0.472488780073342,0,0.0534950572150831,0,0.111912371738019,0.0208566198703588,0,0,0.304580471943447,0.0366666991597503
"668",0.0538645489377166,0.685982523640336,0,0,0,0.200626326777982,0.0465444215235621,0,0,0.00422222755014104,0.00875995157026266
"669",0.329637951577213,0.574018296386993,0,0,0,0.0211130885739977,0,0.0399755683542616,0,0,0.0352550951075344
"670",0.278641042913855,0.207435146494835,0,0.0505702820408614,0,0.188293884912335,0.0995139190020077,0,0.0993862497802821,0.0142110561213238,0.0619484187345003
"671",0.678877071765903,0.0734293251424063,0,0,0,0.136606462800826,0,0,0.0636365939250823,0.0262807793258649,0.0211697670399179
"672",0.500007344768283,0.0261478132470633,0,0.00637149146246905,0.122859673462424,0.190779268473727,0.0648497462560727,0,0.056997554472812,0.000521709052638773,0.0314653988045105
"673",0.326481236125588,0.0576871108108857,0,0.0109140576552022,0,0.168908807548814,0.0906423029545202,0,0.17045343136101,0.0718516177417023,0.103061435802278
"674",0.454057390990381,0.126265824799608,0,0.0287960395402463,0,0.165697318813606,0.0988886795808141,0,0.0591427114003241,0.0540796449743225,0.0130723899006982
"675",0,0,0,0.0473616903491485,0,0,0,0,0.422887382797838,0.519330662008355,0.0104202648446585
"676",0,0,0,0.6377769594112,0,0,0.143362809182574,0,0.0992961981748143,0.0166047452843941,0.102959287947018
"677",0.629903890755045,0,0,0,0,0,0,0.259960673038044,0.110135436206911,0,0
"678",0,0,0.0620795203821656,0,0,0,0.203090568751641,0.542272816622193,0,0.166178851511746,0.0263782427322552
"679",0.460197554746398,0.124757771954235,0.018465349647414,0,0.0786476001423185,0.0520988264744374,0,0.224267836838242,0.0319100173447434,0,0.00965504285221133
"680",0,0.209600878826274,0,0.168313024933539,0,0.0283081044618736,0.217060777267807,0,0,0.335290969309859,0.0414262452006465
"681",0,0.688819275911468,0,0,0,0.166308756620781,0.0590085841828025,0,0,0.070512442496418,0.0153509407885306
"682",0,0.262434796896191,0,0.0547218581590082,0,0.09494124293003,0.0814999708382773,0,0,0.505096134725482,0.00130599645101154
"683",0,0.682135545853609,0.160603928334329,0,0,0.0102124321000219,0.0600807061803269,0.0361276469255986,0,0.0429893601021464,0.00785038050396829
"684",0,0.620422977193643,0.28199449432526,0,0,0,0.015044739843237,0.0360644959427552,0,0.0299090577569673,0.0165642349381368
"685",0,0.527635055903975,0,0.0668679919241245,0,0.070818235330335,0.0565134021497358,0.0606587748477364,0,0.179821086185999,0.0376854536580949
"686",0,0.712036046316303,0,0.135388590584763,0,0.0691431466055359,0.0403477588029946,0,0,0.0170681349018831,0.0260163227885196
"687",0.0714062789261687,0.640171535560395,0,0.0304714309834933,0,0.191041214281612,0.0276491621312106,0,0,0.0225689813189576,0.0166913967981627
"688",0.231567494470139,0.353949561057071,0,0.0408189580232342,0,0.118448433657925,0.0028985615202405,0.0829338164467738,0.0953670989655245,0.0136372639097219,0.0603788119493707
"689",0.723802509713782,0.0583866060679883,0,0.0669352188654775,0,0.0949478174417625,0.0220145742516068,0,0,0.014069197773986,0.0198440758853968
"690",0.63530693469127,0.0778416051097194,0,0,0,0.163892509611205,0.0114034309840823,0.0374454268400211,0.0241656643271037,0.0104214596536084,0.0395229687829904
"691",0.682250279570482,0.00375191832255376,0,0.0908485198004395,0,0.133187214907266,0.0200376400906215,0,0.0406673445302436,0.0129617965707534,0.0162952862076408
"692",0.435104839414765,0.049636798098853,0,0.0466330354647412,0,0.255294545887214,0.00739837821891957,0,0.0739271894436865,0.112023186940201,0.0199820265316203
"693",0,0,0,0.471662591699675,0,0.0884645418318733,0.0222007279208887,0.146754711833453,0.00677111971795265,0.121560207137758,0.142586099858399
"694",0.673238103917389,0,0,0.0286511303150993,0,0,0,0.0223981536575346,0.149609996729645,0,0.126102615380332
"695",0,0.021528826798148,0,0.182671979458498,0,0.0520242232299251,0.174453098748692,0,0.271468526378233,0.275737541488409,0.0221158038980957
"696",0.0158780272641788,0.599177652789562,0,0,0,0,0,0.311286017379288,0.0466023854833897,0,0.0270559170835816
"697",0,0.793289037265527,0,0.022058518400033,0,0,0.0615278507201877,0.0192838871618957,0,0.062408265675697,0.04143244077666
"698",0,0.406167369125023,0.271425089253872,0,0,0,0,0.141129299048655,0,0.0483674298670305,0.13291081270542
"699",0,0.539987999430965,0.25230153915952,0,0,0,0,0.110634703424599,0,0.067793857920282,0.0292819000646341
"700",0,0.579664560236954,0.25257144836318,0,0,0,0,0.057146664307366,0,0.0436084213226967,0.0670089057698029
"701",0,0.380731416260889,0,0.0589453593298433,0,0.167754972217866,0.0454527399060415,0,0,0.319076465184767,0.0280390471005932
"702",0,0.792605738874269,0.112063234506391,0.00219194334406227,0,0.039271475295775,0,0,0,0.0296644514467065,0.0242031565327966
"703",0,0.691199357617857,0,0.0250636381864163,0,0.200687560489154,0.0474221261118757,0,0,0.020748636128332,0.0148786814663644
"704",0.00242879743397398,0.610894323517035,0,0.0208713360942236,0,0.109512120997379,0.00235231625871315,0,0.224258292720843,0.0209960808581248,0.00868673211970806
"705",0.5179210905918,0.354396692255001,0,0.0507984414852543,0,0.0567546580228316,0,0,0,0.00662494787695142,0.0135041697681618
"706",0.345897921158657,0.0943054162507232,0,0.026578675112457,0,0.153968764944842,0,0,0.186497754319433,0.173850585419178,0.0189008827947103
"707",0.625360907441536,0.0785553696958638,0,0.0586659070154602,0,0.164522383217031,0.0123024401322402,0,0.0385479628093734,0.0076744217983935,0.0143706078901016
"708",0.711577306797833,0.0212364711467614,0,0.0590690864584108,0,0.145486410271134,0,0,0.0315946015175901,0.0152292851161938,0.0158068386920774
"709",0.0936563340435754,0,0,0.147690795702621,0,0.176424255546837,0,0,0.499989159023426,0.0306227419882745,0.0516167136952669
"710",0,0,0,0,0,0,0,0.0243362703580624,0.673807503958779,0.16408314138291,0.137773084300249
"711",0,0,0,0.444469993317751,0,0.152062562800762,0,0.0698895629248186,0.139605945777789,0.101008256666673,0.0929636785122067
"712",0,0,0,0.324266878528099,0,0.30092521854134,0,0.246408978061285,0.0226528980496416,0.0736574055974423,0.0320886212221923
"713",0,0.58379891166747,0,0.0652809112253118,0,0.180640361864411,0.0551126450428527,0,0,0.0350183784579661,0.0801487917419881
"714",0.141337653300126,0.56897120237144,0,0.00753794424255483,0,0.153532349534304,0.0758785480031476,0,0.0116104175844701,0.0261620937732111,0.0149697911907472
"715",0.203928915541638,0.453571242424967,0,0.0212751809984191,0.170298729370742,0.0944557432463133,0,0,0.0199086032957219,0.0105748823249353,0.0259867027972626
"716",0.431219682473971,0.101130880741164,0,0.031159569087687,0,0.0165400653629958,0,0.137659955903383,0.229663396923815,0.0236851370393211,0.028941312467662
"717",0.140573468407066,0.079833902750083,0,0.153096754735804,0,0.154239278179086,0,0,0,0.468538911153833,0.00371768477412736
"718",0.560111191155956,0.0522340681959628,0,0.0757144672767254,0,0.153175482068225,0,0,0.0630527695748796,0.0461890244548894,0.0495229972733618
"719",0.468815832532546,0.0872852092750584,0,0,0,0.224419828245887,0.0901261159894607,0,0,0.0801468359376479,0.0492061780193995
"720",0.383474564526495,0,0,0,0,0.354128160085858,0,0.0326481732871742,0.195976570333316,0.00452152326015835,0.0292510085069981
"721",0,0,0,0,0,0,0,0,0.651010931041777,0.348989068958223,0
"722",0,0,0,0.222753147115181,0,0,0,0.290859453216767,0,0.110407585110115,0.375979814557937
"723",0,0.191484147786198,0,0.0270743216345497,0,0.25595724327742,0,0.0362526242603907,0.0928913841831437,0.390762132026021,0.00557814683227679
"724",0.161777077768139,0.344723672444046,0,0.123538799378549,0,0.254205723957801,0,0,0.095959209501418,0.0114455219671833,0.00834999498286309
"725",0.0946469653528813,0.620470867594645,0,0.0853619095070134,0,0.0557091403131006,0,0,0.0997492796204895,0.0194697868109426,0.0245920508009274
"726",0.505667562955395,0.210622228104336,0,0.0274865168697473,0,0.145843508748404,0,0.0726794418870825,0.0266065208283331,0,0.0110942206067024
"727",0.626620550396398,0.0631729033872359,0,0.0159779959640738,0,0.191968013181194,0.0188766123652837,0.033500232858714,0.0111477969039912,0.0157939967999323,0.0229418981431768
"728",0.0760006452311726,0.0190408393306561,0,0.0521116968894713,0,0.00146447745838157,0,0.183563279203094,0.5921166572685,0.0619889315335682,0.0137134730851562
"729",0,0.135409371541483,0,0.126631525914012,0,0.353060511893586,0,0,0,0.217468461417497,0.167430129233422
"730",0.0461905058820774,0.0849472279284472,0,0,0,0.294944876558839,0.0459957570350681,0,0,0.428840039810807,0.0990815927847611
"731",0,0.552299910690951,0.103600402037684,0.0573262793221289,0,0.0814233673623428,0,0.197248246929934,0,0.00388728452673033,0.00421450913022907
"732",0.368178825996672,0.226060791719607,0.0312043520903832,0,0,0.187742961495895,0.0513954208688179,0.0788146754502508,0.031836670669555,0.0127059851858965,0.0120603165229224
"733",0.426089157693207,0.212797356530244,0,0,0,0.00478890560825668,0.00096647618481655,0.174692473957504,0.14906690432222,0.00672377106260666,0.0248749546411467
"734",0,0.0346657662743373,0.0252478914509763,0,0,0.0929572321648522,0.27489360870298,0.0893861460095447,0.284219004001547,0.00320259387276016,0.195427757523002
"735",0.178830524237937,0,0.203440166191683,0,0.00725244533779652,0.268348464838849,0.00341937793168446,0.0413668873938722,0.235222929008058,0.00145874001405136,0.0606604650460682
"736",0,0,0,0.312306728120898,0,0,0.0386032950071451,0.37533941693014,0.017045642129757,0.16666891622902,0.0900360015830403
"737",0,0,0,0.281770905942476,0,0,0,0.361770923221218,0.121154693894228,0.14627806392571,0.0890254130163679
