"","cell_ID","Vip","L5 NP CTX","L4/5 IT CTX","Sst","L5 IT CTX","Lamp5","L2/3 IT CTX-1","L5 PT CTX","L6 CT CTX","L6 IT CTX","L6b CTX"
"1","1",0,0,0,0.0440146365380357,0,0,0,0,0,0,0.955985363461964
"2","2",0.817707594109485,0,0,0.182292405890515,0,0,0,0,0,0,0
"3","3",0,0,0,0.0107067260433907,0,0,0,0,0,0,0.989293273956609
"4","4",0,0,0,0.0181898634952808,0,0,0,0,0,0,0.981810136504719
"5","5",0,0,0,0.00599876942864501,0,0,0,0,0,0,0.994001230571355
"6","6",0,0,0,0.0170465187046944,0,0,0,0,0,0,0.982953481295306
"7","7",0.022736921900473,0,0,0.977263078099527,0,0,0,0,0,0,0
"8","8",0,0,0,0,0,0,0,0,1,0,0
"9","9",0.691017153271622,0,0,0.308982846728378,0,0,0,0,0,0,0
"10","10",0.0139106303818104,0,0,0.98608936961819,0,0,0,0,0,0,0
"11","11",0.0179637309033815,0,0,0.982036269096618,0,0,0,0,0,0,0
"12","12",0,0,0,1,0,0,0,0,0,0,0
"13","13",0.0308649511237919,0.30302076400677,0,0.156341292749805,0,0,0.509772992119633,0,0,0,0
"14","14",0.335136889639675,0,0.34286970312263,0.321993407237695,0,0,0,0,0,0,0
"15","15",0,0,0,0.0327881882230119,0,0.967211811776988,0,0,0,0,0
"16","16",0,0,0,0.887237355213721,0,0,0,0,0,0.112762644786279,0
"17","17",0,0,0,0,0,0,0,0,0,1,0
"18","18",0.0108312846281896,0.0396339175110754,0.418348672546502,0.531186125314233,0,0,0,0,0,0,0
"19","19",0.0410451519562409,0.0636851968132584,0.857484752177141,0.03778489905336,0,0,0,0,0,0,0
"20","20",0,0,0.673414383912204,0,0,0,0,0,0,0.326585616087796,0
"21","21",0,0,1,0,0,0,0,0,0,0,0
"22","22",0.0581112398925923,0,0,0.0577586999151469,0,0,0.884130060192261,0,0,0,0
"23","23",0,0,0,0.0569889710068791,0,0,0.936763859543284,-1.09339282355817e-17,0,0.00624716944983668,0
"24","24",0,0,0.0579346950242784,0.0146032112038568,0,0,0,0.908508119392835,0,0.01895397437903,0
"25","25",0,0,0,0.0240247725261742,0,0,0,0.91384103971639,0,0.0621341877574358,0
"26","26",0,0,0,0.0214696452097668,0,0,0,0,0,0,0.978530354790233
"27","27",0,0,0,0.0307825491450542,0,0,0,0,0,0,0.969217450854946
"28","28",0,0,0,0.013557467153377,0,0,0,0,0,0,0.986442532846623
"29","29",0,0,0,0.0133675185488203,0,0,0,0,0,0,0.98663248145118
"30","30",0.120692354696417,0,0,0.879307645303583,0,0,0,0,0,0,0
"31","31",0.0717487354220178,0,0,0.928251264577982,0,0,0,0,0,0,0
"32","32",0.83850330343803,0,0.0929764510123804,0.0685202455495895,0,0,0,0,0,0,0
"33","33",0,0,0,0.00598741762953333,0,0,0,0,0,0,0.994012582370467
"34","34",0,0,0,0.0261605654849959,0,0,0,0,0,0,0.973839434515004
"35","35",0,0,0,0,0,0,0,0,1,0,0
"36","36",0,0,0,0,0,0,0,0,1,0,0
"37","37",0,0,0,0.999652339055966,0,0.000347660944034516,0,0,0,0,0
"38","38",0.596388102186856,0,0,0.403611897813144,0,0,0,0,0,0,0
"39","39",0,0,0,0,0,0,0,0,0.734024233652105,0.265975766347895,0
"40","40",0,0,0,0.231101037815343,0,0.355994454969864,0,0.412904507214792,0,0,0
"41","41",0,0,0,0,0,0,0,0.936940131800611,0,0.0630598681993889,0
"42","42",0,0,0,0.44442440364102,0,0,0,0,0,0.55557559635898,0
"43","43",0,0,0,0,0,0,0,0,0,1,0
"44","44",0.0342125729250064,0,1.12660216245982e-17,0.0354109178153559,0.814616017279452,0,0.115760491980186,0,0,0,0
"45","45",0,0,0.738406780897082,0.0735197736411954,0,0,0,0,0,0.188073445461722,0
"46","46",0,0,0,0,0,0,0,0,0.993520937686886,0.00647906231311375,0
"47","47",0.100862912015994,0.0866873468036155,0.622615891819108,0.189833849361283,0,0,0,0,0,0,0
"48","48",0.317493991259533,0,0.242111288771652,0.24964020345643,0,0,0.190754516512386,-4.08368308468096e-20,0,0,0
"49","49",0,0,0,0,0,0,0.992549620264,-1.10051712968101e-21,0,0.00745037973599976,0
"50","50",0,0,0.184786495679867,0.809738282636077,0,0.00547522168405599,0,0,0,0,0
"51","51",0.00793601381422768,0,0.468371349060633,0.0871177181378523,0,0.436574918987287,0,0,0,0,0
"52","52",0,0,0,0.310498722286019,0,0,0,0,0,0.689501277713981,0
"53","53",0,0,0,0,0,1,0,0,0,0,0
"54","54",0,0,0,0.0221608017733667,0,0,0,0,0,0,0.977839198226633
"55","55",0,0,0,0.0728024123908692,0,0,0,0,0,0,0.927197587609131
"56","56",0,0,0,0.0535724698273065,0,0,0,0,0,0,0.946427530172694
"57","57",0,0,0,0.0521889936511936,0,0,0,0,0,0,0.947811006348806
"58","58",0,0,0.493456098086525,0.341687532869928,0,0.164856369043547,0,0,0,0,0
"59","59",0,0,0,1,0,0,0,0,0,0,0
"60","60",0,0,0,0.00686296633099231,0,0,0,0,0,0,0.993137033669008
"61","61",0,0,0,0.0251183637229763,0,0,0,0,0,0,0.974881636277024
"62","62",0.021326825548343,0,0,0.978673174451657,0,0,0,0,0,0,0
"63","63",0,0,0,0,0,0,0,0,1,0,0
"64","64",0,0,0,0,0,0,0,0,1,0,0
"65","65",0,0,0.273875927534216,0.0249327103245758,0,0.701191362141208,0,0,0,0,0
"66","66",0,0,0,0.762731392237243,0,0.237268607762757,0,0,0,0,0
"67","67",0.00733135717336508,0,0.421305005486047,0.0287553736828827,0.542608263657706,0,0,0,0,0,0
"68","68",0,0,0.00650944951321893,0.993489711758416,0,8.38728365251029e-07,0,0,0,0,0
"69","69",0,0,0,0.0229242366494592,0,0,0,0.977075763350541,0,0,0
"70","70",0,0,0,0,0,0,1,0,0,0,0
"71","71",0,0,0,0.479902726382558,0,0.520097273617442,0,0,0,0,0
"72","72",0,0,0.703525362766261,0.293092576950315,0,0,0,0,0,0.00338206028342446,0
"73","73",0.0229782377185651,7.95617255861144e-17,0.92299544997374,0.0522789275326244,0.00174738477507054,0,0,0,0,0,0
"74","74",0.0568067009536781,0,0.563067888705715,0.373848504985982,0,0,0,0,0,0.00627690535462491,0
"75","75",0,0,0,0,0,0,0,0.948122091284864,0,0.051877908715136,0
"76","76",0,0,0.435189254527307,0.0148854405808644,0,0.549925304891829,0,0,0,0,0
"77","77",0,0,0.130595119202408,0.010281431176758,0,0,0,0,0,0.859123449620834,0
"78","78",0,0,0,0,0,0,1,0,0,0,0
"79","79",0,0,0.342522456680615,0.0556426045030896,0,0.601834938816296,0,0,0,0,0
"80","80",0.794520549861077,0,0,0.205479450138923,0,0,0,0,0,0,0
"81","81",0.474998321218376,0,0.525001678781625,0,0,0,0,-1.07471479043805e-16,0,0,0
"82","82",0,0,0,0.169126656429742,0,0,0,0,0,0,0.830873343570257
"83","83",0,0,0,0.0327323452876208,0,0,0,0,0,0,0.967267654712379
"84","84",0,0,0,0.0241893367323006,0,0,0,0,0,0,0.975810663267699
"85","85",0,0,0,0,0,0,0,0,0.0655551260039211,0.934444873996079,0
"86","86",0.00663271428468371,0,0.703762350614019,0.0847843543324718,0,0.204820580768825,0,0,0,0,0
"87","87",0,0,0,0.011520681878097,0,0,0,0,0,0,0.988479318121903
"88","88",0,0,0,0.965774796236865,0,0,0,0,0,0,0.0342252037631346
"89","89",0,0,0,0.0210288006801787,0,0,0,0,0,0,0.978971199319821
"90","90",0,0,0,0,0,0,0,0,1,0,0
"91","91",0.0117150875039117,0,0,0.988284912496088,0,0,0,0,0,0,0
"92","92",0.0470719947854871,0,0,0.952928005214513,0,0,0,0,0,0,0
"93","93",0.0290246277279045,0,0,0.970975372272095,0,0,0,0,0,0,0
"94","94",0.0151548825776003,0.383248449760714,0,0.0634201157743647,0,0,0.538176551887321,0,0,0,0
"95","95",0.0483461477356914,0,0,0,0,0.222017932008352,0.729635920255957,0,0,0,0
"96","96",0,0,0,0.130361422632621,0,0.869638577367379,0,0,0,0,0
"97","97",0.0353272959492862,0,0,0.964672704050714,0,0,0,0,0,0,0
"98","98",0.0385462340054703,0,0,0.214036271939798,0,0.120656869006218,0.279436762481031,0,0,0.347323862567483,0
"99","99",0.0169575246872075,0,0.743297127012816,0.219040812811406,0,0,0,0,0,0.0207045354885707,0
"100","100",0.0207726596745975,0,0.870877113159355,0.0239522663363006,0.0843979608297472,0,0,0,0,0,0
"101","101",0.00611642051359412,0,0.634836623470236,0.356522890574017,0,0,0,0,0,0.00252406544215304,0
"102","102",0.0124748973217065,-4.75607192340894e-18,0.858349583804534,0.0323360197744466,0.0882978109986525,0,0.00854168810066065,0,0,0,0
"103","103",0,0,0,0.393675791234674,0,0,0,0,0,0.606324208765326,0
"104","104",0.061069711322645,0,0,0.938930288677355,0,0,0,0,0,0,0
"105","105",0,0,0.275501937110763,0.0226560752585435,0,0.701841987630694,0,0,0,0,0
"106","106",0,0,0,0.0624836223522478,0,0,0.937516377647752,1.94801217403029e-19,0,0,0
"107","107",0,0,0,1,0,0,0,0,0,0,0
"108","108",0.54795247099906,0,0,0.45204752900094,0,0,0,0,0,0,0
"109","109",0,0,0,0.124972162922807,0,0,0,0,0,0,0.875027837077193
"110","110",0,0,0,0.0090354757772416,0,0,0,0,0,0,0.990964524222758
"111","111",0,0,0,0.0179015475253361,0,0,0,0,0,0,0.982098452474664
"112","112",0,0,0,0.0401326055627874,0,0,0,0,0,0,0.959867394437213
"113","113",0.000167707222218146,0,0.3112424289416,0.0275775572818456,0,0.661012306554336,0,0,0,0,0
"114","114",0,0,0.104662837465521,0.895337162534479,0,0,0,0,0,0,0
"115","115",0,0,0,0.0217213551331666,0,0,0,0,0,0,0.978278644866833
"116","116",0,0,0,0,0,0,0,0,1,0,0
"117","117",0,0,0,0,0,0,0,0,1,0,0
"118","118",0,0,0,0.836137042115815,0,0.163862957884185,0,0,0,0,0
"119","119",0,0,0.466072230934555,0.533927769065445,0,0,0,0,0,0,0
"120","120",0.00933150011526746,2.18206375431635e-17,0.615179507864341,0.106282065159185,0.269206926861206,0,0,0,0,0,0
"121","121",0.00509666195741786,0,0,0,0,0,0,0,0,0.994903338042582,0
"122","122",0.0132144442206984,-2.6256053435583e-17,0.000546308131297225,0.059599407086733,0.132925431042178,0,0.793714409519094,0,0,0,0
"123","123",0.0235033381831576,0.167729145921401,0,0.0534291072029265,0,0,0.614594723736619,0.140743684955895,0,0,0
"124","124",0,0,0,0.10845738629261,0,0.89154261370739,0,0,0,0,0
"125","125",0,0,0.296535306838278,0.28220251803582,0,0.0525270874060709,0,0,0,0.368735087719831,0
"126","126",0,0,0.915059501212516,0.0849404987874838,0,0,0,0,0,0,0
"127","127",0,0,1,0,0,0,0,4.49031038043094e-17,0,0,0
"128","128",0.0474535776606732,0,2.22367747715671e-17,0.0406723372388479,0.911874085100479,0,0,0,0,0,0
"129","129",0,0,0.559715100450485,0,0,0,0.393196654359607,1.20913249236747e-17,0,0.0470882451899075,0
"130","130",0,0,0,0.0589581679284589,0,0,0.941041832071541,0,0,0,0
"131","131",0.0253965909829721,0,0,0.140241569998504,0,0,0.834361839018524,0,0,0,0
"132","132",0,0,0,0.249492142780831,0,0,0,0,0,0.750507857219169,0
"133","133",0.0266264822052713,0,0,0.39728022412511,0,0,0.576093293669619,-1.66105134427327e-17,0,0,0
"134","134",0,0,0,0.152134102306051,0,0.433323272415759,0,0,0,0.41454262527819,0
"135","135",0,0,0,0.0267403143971477,0,0,0,0,0,0,0.973259685602852
"136","136",0,0,0,0.264320279001514,0,0.735679720998486,0,0,0,0,0
"137","137",0,0,0,0.043912550361556,0,0,0,0,0,0,0.956087449638444
"138","138",0,0,0,0.0162544988713523,0,0,0,0,0,0,0.983745501128648
"139","139",0,0,0,0.153508780848061,0,0,0,0,0,0.846491219151939,0
"140","140",0,0,0,1,0,0,0,0,0,0,0
"141","141",0,0,0,0.0214680036358986,0,0,0,0,0,0,0.978531996364101
"142","142",0,0,0,0.0164929418536016,0,0,0,0,0,0,0.983507058146398
"143","143",0,0,0,0.053268571442245,0,0,0,0,0,0,0.946731428557755
"144","144",0,0,0,0,0,0,0,0,1,0,0
"145","145",0.0383740120112715,0,0.249835734099206,0.711790253889523,0,0,0,0,0,0,0
"146","146",0.600283173659564,0,0,0.399716826340436,0,0,0,0,0,0,0
"147","147",0,0,0,0,0,0,0,0,1,0,0
"148","148",0,0,0,0,0,0,0,0,0,1,0
"149","149",0,0,0.157460650838617,0.0464737467191155,0,0.796065602442268,0,0,0,0,0
"150","150",0,0,0,1,0,0,0,-4.48866076648787e-17,0,0,0
"151","151",0.128217675367667,0,0,0.871782324632333,0,0,0,0,0,0,0
"152","152",0.0160279234633853,0,0,0.747803493183026,0,0.236168583353589,0,0,0,1.57592868422049e-17,0
"153","153",0,0,0.950599278417328,0,0,0,0,0,0,0.0494007215826715,0
"154","154",0.0122101478890412,2.48493377416305e-17,0.831295048232709,0.0718255449401878,0.0846692589380619,0,0,0,0,0,0
"155","155",0.00849682250392128,0,0.031390378014235,0.0275978658756678,0.932514933606176,0,0,0,0,0,0
"156","156",0,0,0.248010549443113,0.00696843852808748,0,0.7450210120288,0,0,0,0,0
"157","157",0,0,0.157801885959933,0.00749800339447706,0,0.83470011064559,0,0,0,0,0
"158","158",0.364650664983333,0,0,0.635349335016667,0,0,0,0,0,0,0
"159","159",0.120508209664716,0,0,0.879491790335284,0,0,0,0,0,0,0
"160","160",0.015404491164306,0,0.359135066665731,0.0569724604150803,0,0.568487981754883,0,0,0,0,0
"161","161",0.275606608588254,0,0.319547864409624,0.00868046104831485,0,0.396165065953807,0,0,0,0,0
"162","162",0.539430452807619,0,0,0.460569547192381,0,0,0,0,0,0,0
"163","163",0,0,0,0.0569846348277808,0,0,0,0,0,0,0.943015365172219
"164","164",0,0,0,0.0292266669258332,0,0,0,0,0,0,0.970773333074167
"165","165",0,0,0,0.0197749307331939,0,0,0,0,0,0,0.980225069266806
"166","166",0,0,0,1,0,0,0,0,0,0,0
"167","167",-1.53441107824838e-20,0,0.41528821424539,0,0,0.584711785754609,0,0,0,0,0
"168","168",0,0,0,0,0,0,0,0,1,0,0
"169","169",0,0,0,0.0200631291451428,0,0,0,0,0,0,0.979936870854857
"170","170",0,0,0,0.018076360637858,0,0,0,0,0,0,0.981923639362142
"171","171",0,0,0,0,0,0,0,0,1,0,0
"172","172",0,0,0,0,0,0,0,0,1,0,0
"173","173",0,0,0,0,0,0,0,0,1,0,0
"174","174",0,0,0,0,0,0,0,0,1,0,0
"175","175",0,0,0,0,0,0,0,0,1,0,0
"176","176",0,0,0,0,0,0,0,0,0.988745946126599,0.0112540538734008,0
"177","177",0.0226697762617348,0.305469806541354,0,0.218540457949572,0,0,0.453319959247339,0,0,0,0
"178","178",0.0386563087816212,0,0,0.0150509384729103,0,0,0.946292752745469,0,0,0,0
"179","179",0,0,0,1,0,0,0,0,0,0,0
"180","180",0,0,0,0.962991192682436,0,0,0,0,0,0,0.037008807317564
"181","181",0.0210085684284026,0,0.805699441339287,0.044053648876067,0.129238341356243,0,0,0,0,0,0
"182","182",0,0,0.532028238933617,0.0119846924694836,0,0,0,0.455987068596899,0,0,0
"183","183",0.00983259379394614,0,-2.49377411675445e-18,0.0335935070232367,0.931050034179603,0,0.0255238650032144,0,0,0,0
"184","184",0,0,0.413547628146754,0,0,0,0,0,0,0.586452371853246,0
"185","185",0,0,0,0.122132191143753,0,0.0355274369785369,0.652331659116903,0,0,0.190008712760806,0
"186","186",0,0,0.748376133839273,0.139784429877748,0,0,0,0,0,0.111839436282979,0
"187","187",0.961885713206594,0,0,0.0381142867934056,0,0,0,0,0,0,0
"188","188",0,0,0,0,0,0,0.903160188786754,0,0,0.0968398112132461,0
"189","189",0,0,0,0,0,0,0,0,0,1,0
"190","190",0,0,0,0.0532983079740618,0,0,0.00936346835573408,0.541782255701133,0,0.395555967969071,0
"191","191",0,0,0,0.0683559029398409,0,0,0,0,0,0,0.931644097060159
"192","192",0,0,0,0.0249949262141,0,0,0,0,0,0,0.9750050737859
"193","193",0,0,0,0,0,0.432046217809577,0,0,0,0.567953782190422,0
"194","194",0,0,0,0,0,0,0,0,0,1,0
"195","195",0,0,0,0.088625615817491,0,0,0,0,0,0.911374384182509,0
"196","196",0,0,0,0.0240878889991439,0,0,0,0,0,0,0.975912111000856
"197","197",0,0,0,0.0307677494619434,0,0,0,0,0,0,0.969232250538057
"198","198",0,0,0,0,0,0,0,0,1,0,0
"199","199",0.0653257196337606,0,0,0.934674280366239,0,0,0,0,0,0,0
"200","200",0,0,0.274323397587129,0.00571869300416296,0,0.719957909408708,0,0,0,0,0
"201","201",0,0,0,0,0,0,0,0,0.994846115715873,0.00515388428412688,0
"202","202",0.0254057528431486,0,0,0.974594247156851,0,0,0,0,0,0,0
"203","203",0.0439606548272855,0,0,0,0,0,0.826101112838449,0.129938232334265,0,0,0
"204","204",0.0235262789044546,0,0,0,0,0.0242316051533989,0.952242115942147,0,0,0,0
"205","205",0.165302857412906,0,0,0,0,0.834697142587094,0,0,0,0,0
"206","206",0.0360995896858379,-2.13361530516047e-17,0.183142012491135,0.0388898752160945,0.736513884259755,0,0.00535463834717755,0,0,0,0
"207","207",0,0,0.469815857050491,0,0,0,0,0,0,0.530184142949509,0
"208","208",0.0812286413980565,-4.70776595323651e-19,0.78859833751049,0.0647900305787859,0.0653829905126674,0,0,0,0,0,0
"209","209",0.015531823402542,-7.13118183744728e-18,0.705392319274138,0.0514132058267716,0.227662651496548,0,0,0,0,0,0
"210","210",0.0968433698153568,0,0.707741548494272,0.0700490536576783,0,0,0,0,0,0.125366028032693,0
"211","211",0.0196927105131984,0,0,0.0747654410062324,0,0,2.54094142361615e-17,0.905541848480569,0,0,0
"212","212",0,0,0,0,0,0,1,0,0,0,0
"213","213",0,0,0,0.169174397524709,0,0,0,0,0,0.830825602475291,0
"214","214",0.0269157056255771,0,0,0.0980830701796905,0,0.10060995863638,0.774391265558352,0,0,0,0
"215","215",0.0313275131835853,0,0,0.126642194726181,0,0,0.842030292090234,0,0,0,0
"216","216",0.0773854813156013,0,0,0,0,0.537327940050548,0,0.385286578633851,0,0,0
"217","217",0,0,0,0.0285152094367982,0,0,0,0,0,0,0.971484790563202
"218","218",0,0,0,0.0626083253784378,0,0,0,0,0,0,0.937391674621562
"219","219",0.824246902468972,0,0,0.175753097531028,0,0,0,0,0,0,0
"220","220",0.0308983875874398,0,0,0,0,0.96910161241256,0,0,0,0,0
"221","221",0,0,0.563296836335973,0.017912601051154,0,0.418790562612873,0,0,0,0,0
"222","222",0.0190753588672224,0,0,0.980924641132778,0,0,0,0,0,0,0
"223","223",0,0,0,1,0,0,0,0,0,0,0
"224","224",0,0,0,0.0451928026379822,0,0,0,0,0,0,0.954807197362018
"225","225",0,0,0,0.00772208681806162,0,0,0,0,0,0,0.992277913181938
"226","226",0,0,0,0,0,0,0,0,1,0,0
"227","227",0,0,0,0,0,0,0,0,1,0,0
"228","228",0,0,0,0.253071357582015,0,0,0,0,0,0.746928642417985,0
"229","229",0,0,0,0,0,0,0,0,1,0,0
"230","230",0,0,0,0,0,0,0,0,1,0,0
"231","231",0.0584179982560565,0.366697623155406,0,0.11212472064617,-2.58441413335467e-16,0,0.462759657942368,0,0,0,0
"232","232",0.05690371943399,0,0,0.127448215745345,0,0,0.815648064820665,0,0,0,0
"233","233",0.0772737755353977,0,0,0.0332330522176873,0,0,0.422825774785473,0.357767660741702,0,0.108899736719741,0
"234","234",0,0,0.0129705034611837,0.984434430450085,0,0.00259506608873097,0,0,0,0,0
"235","235",0.00717847056315879,0,0.157052474041461,0.025880555730541,0,0.809888499664839,0,0,0,0,0
"236","236",0.0129414330320979,2.26633644316869e-17,0.785785212995366,0.0349544095039263,0.16631894446861,0,0,0,0,0,0
"237","237",0.0122289582295679,0,0.869944911067588,0.0837161467546052,0.0341099839482389,0,0,0,0,0,0
"238","238",0.0184369593473934,0.0427838045576033,0.739876324100566,0.198080215832447,0,0,0.000822696161989962,0,0,0,0
"239","239",0,0,0.96256148399119,0,0,0.0374385160088104,0,0,0,0,0
"240","240",0.0147826661423276,0,0,0,0,0,0.985217333857672,0,0,0,0
"241","241",0,0,0,0.107372175066749,0,0,0,0,0,0.892627824933251,0
"242","242",0,0,0,0.53913492225086,0,6.25974913895158e-18,0.46086507774914,0,0,0,0
"243","243",0,0,0,0.258326564006441,0,0.0100464044778701,0.731627031515689,0,0,0,0
"244","244",0.305658191088678,0,0,0.694341808911322,0,0,0,0,0,0,0
"245","245",0.0124650871360477,0,0,0.987534912863952,0,0,0,0,0,0,0
"246","246",0,0,0,0.025136297724146,0,0,0,0,0,0,0.974863702275854
"247","247",0.619134016867483,0,0,0.380865983132517,0,0,0,0,0,0,0
"248","248",0,0,0,0.13030617758388,0,0,0.86969382241612,0,0,0,0
"249","249",0,0,0.96448601189441,0.0317385033207083,0,0.00377548478488157,0,0,0,0,0
"250","250",0.00782083122575425,0,0,0.992179168774246,0,0,0,0,0,-4.14208931252679e-19,0
"251","251",0.0245286334802531,0,0,0.975471366519747,0,0,0,0,0,0,0
"252","252",0,0,0,0.0219308651331233,0,0,0,0,0,0,0.978069134866877
"253","253",0,0,0,0.0218063660959992,0,0,0,0,0,0,0.978193633904001
"254","254",0,0,0,0,0,0,0,0,1,0,0
"255","255",0,0,0,0,0,0,0,0,1,0,0
"256","256",0,0,0,0,0,0,0,0,1,0,0
"257","257",0.0457568497043327,0,0,0.954243150295667,0,0,0,0,0,0,0
"258","258",0.0283921724955066,0,0,0.971607827504493,0,0,0,0,0,0,0
"259","259",0,0,0,0,0,0,0,0,1,0,0
"260","260",0,0,0,0,0,0.0994318389463385,0,0.724153276549317,0,0.176414884504345,0
"261","261",0.095029570610135,0,0.591838926674061,0.151617314276612,0,0.161514188439191,0,0,0,0,0
"262","262",0,0,0.0508037029092581,0.0830598407242721,0,0.86613645636647,0,0,0,0,0
"263","263",0,0,0,0,0,0,0,0,0.993938538146811,0.0060614618531887,0
"264","264",0.0127541935037796,-9.15657412590228e-18,0.546177723272156,0.121787101517508,0.317510179872617,0,0.0017708018339392,0,0,0,0
"265","265",0,0,0.989901485192641,0,0,0,0,0,0,0.0100985148073588,0
"266","266",0,0,0.68106045254089,0.265507496901328,0,0.053432050557782,0,0,0,0,0
"267","267",0,0,0.874647635515672,0,0,0,0,0,0,0.125352364484328,0
"268","268",0,0,0.257125058876836,0.100371220866577,0,0,0.642503720256588,0,0,0,0
"269","269",0.956992118280723,0,0,0.0430078817192771,0,0,0,0,0,0,0
"270","270",0,0,0,0,0,1.85537588406405e-16,0.903163574406711,0,0,0.0968364255932883,0
"271","271",0,0,0,0.130189434000222,0,0.218696997460843,0.651113568538935,0,0,0,0
"272","272",0,0,0.27128239868563,0.00963668117783067,0,0.719080920136539,0,0,0,0,0
"273","273",0,0,0.0588377164803896,0,0,0,0,0,0,0.94116228351961,0
"274","274",0,0,0,1,0,0,0,0,0,0,0
"275","275",0,0,0,0.0232725507726748,0,0,0,0,0,0,0.976727449227325
"276","276",0,0,0,0,0,0,1,0,0,0,0
"277","277",0,0,0,0.174788956474982,0,0,0,0,0,0.825211043525018,0
"278","278",0,0,0,0,0,0,0,0,0.016320749593408,0.983679250406592,0
"279","279",0,0,0,0.0143274514210569,0,0,0,0,0,0,0.985672548578943
"280","280",0,0,0,0.0368946879351056,0,0,0,0,0,0,0.963105312064894
"281","281",0,0,0,0.0371063858483301,0,0,0,0,0,0,0.96289361415167
"282","282",0,0,0,0,0,0,0,0,1,0,0
"283","283",0,0,0,0,0,0,0,0,1,0,0
"284","284",0,0,0,0,0,0,0,0,1,0,0
"285","285",0,0,0,0,0,0,0,0,1,0,0
"286","286",0,0,0,0,0,0,0,0,1,0,0
"287","287",0,0,0,0.428252090971415,0,8.8421724441682e-18,0.571747909028621,-3.6217538331313e-14,0,0,0
"288","288",0,0,0,0,0,0.671931812892894,0,0,0,0.328068187107105,0
"289","289",0,0,0,0.0605841410424733,0,0,0.811802060640886,0.127613798316641,0,0,0
"290","290",0,0,0.151739920954557,0.0440406508411096,0,0.804219428204333,0,0,0,0,0
"291","291",0,0,0,0.37273085193096,0,0.547667510312011,0,0,0,0.0796016377570296,0
"292","292",0.0073079485084367,0,0.693239775224963,0.29371694584208,0,0,0,0,0,0.00573533042452018,0
"293","293",0.0164502707418723,0.0215612813136421,0.787256974496442,0.174731473448043,0,0,0,0,0,0,0
"294","294",0,0,0.918951544259283,0,0,0,0,0,0,0.0810484557407167,0
"295","295",0.0154003063902465,-3.998927956856e-18,0.749496628286976,0.0264634586133504,0.148454871953328,0,0.0601847347560994,0,0,0,0
"296","296",0,0,0,0.672412919676813,0,0,0,1.21904648326982e-18,0,0.327587080323187,0
"297","297",0.074592593424948,0,0,0,0,0,0,0.591442158545144,0,0.333965248029908,0
"298","298",0.302791142731501,0,0,0,0,0,0,0,0,0.697208857268499,0
"299","299",0,0,0,0,0,0,0.864783519438026,-1.50676169041645e-17,0,0.135216480561974,0
"300","300",0,0,0,0,0,0,0.889246222981603,0,0,0.110753777018397,0
"301","301",0,0,0,0.114544515863781,0,0,0,0,0,0,0.885455484136219
"302","302",0,0,0,0.00667688449570491,0,0,0,0,0,0,0.993323115504295
"303","303",0,0,0,0.0136156170254125,0,0,0,0,0,0,0.986384382974588
"304","304",0.496902439535938,0,0,0.503097560464062,0,0,0,0,0,0,0
"305","305",0.32443246952304,0,0.00871253001960009,0.66685500045736,0,0,0,0,0,0,0
"306","306",0.0177987469268753,0,0,0.982201253073125,0,0,0,0,0,0,0
"307","307",0,0,0,0,0,0.607633580669151,0.030400227525246,0,0,0.361966191805603,0
"308","308",0,0,0,1,0,0,0,0,0,0,0
"309","309",0.533271444481009,0,0,0.466728555518991,0,0,0,0,0,0,0
"310","310",0,0,0,0.0136882837135097,0,0,0,0,0,0,0.98631171628649
"311","311",0,0,0,0.00844279185695623,0,0,0,0,0,0,0.991557208143044
"312","312",0,0,0,0.0279821387201697,0,0,0,0,0,0,0.97201786127983
"313","313",0,0,0,0.0149284641299869,0,0,0,0,0,0,0.985071535870013
"314","314",0,0,0,0,0,0,0,0,1,0,0
"315","315",0,0,0,0,0,0,0,0,1,0,0
"316","316",0,0,0,0,0,0,0,0,1,0,0
"317","317",0.0386827181889087,0,0,0.961317281811091,0,0,0,0,0,0,0
"318","318",0,0,0,0,0,0,0,0,0.0971774449740976,0.902822555025902,0
"319","319",0,0,0,0,0,0.803130756617364,0.196869243382636,-3.72858444892053e-16,0,0,0
"320","320",0.0086652427763094,0,0,0,0,0,0,0.982896160858901,0,0.00843859636478917,0
"321","321",0,0,0.362022806247184,0.213709813572978,0,0.424267380179838,0,0,0,0,0
"322","322",0,0,0,0.186116351239416,0,0.378393847266286,0.00106383404029713,0,0,0.434425967454001,0
"323","323",0,0,0.326736574106449,0.450821779392889,0,0,0,0,0,0.222441646500662,0
"324","324",0,0,0.100809006618871,0.0151226228875574,0,0,0,0.884068370493571,0,0,0
"325","325",0,0,0.986637018476381,0,0,0,0,0,0,0.0133629815236194,0
"326","326",0.00989571308669379,0,5.17982529118322e-17,0.0303041776176348,0.526930387527878,0,0.432869721767793,0,0,0,0
"327","327",0,0,0,0,0,3.23704264599125e-16,0.805430394309312,2.40566447180425e-17,0,0.194569605690688,0
"328","328",0.0418905849468746,0,0.0968639503356455,0,0,0,0.86124546471748,3.1758817821374e-17,0,0,0
"329","329",0.0256357387956668,0,0,0,0,0,0.926366391147204,0,0,0.0479978700571292,0
"330","330",0.0185287415650611,0,0,0.0222323944932024,0,6.23581732375184e-19,0.959238863941737,0,0,0,0
"331","331",0,0,0,0.144455792016268,0,0.258496763817568,0.597047444166164,0,0,0,0
"332","332",0.0129262227133366,0,0.616191157245092,0.0288237868194246,0,0.342058833222147,0,0,0,0,0
"333","333",0,0,0,0.277968955595214,0,0,0,0,0,0,0.722031044404786
"334","334",0,0,0,0.0334198864512653,0,0,0,0,0,0,0.966580113548735
"335","335",0,0,0,0.0227805316473709,0,0,0,0,0,0,0.977219468352629
"336","336",0,0,0,0,0,0,0,0,0,1,0
"337","337",0,0,0,0,0,0,0,0,0.0519362733578693,0.948063726642131,0
"338","338",0,0,0,0,0,0,0,0,1,0,0
"339","339",0,0,0,1,0,0,0,0,0,0,0
"340","340",0,0,0,0.0129306326832331,0,0,0,0,0,0,0.987069367316767
"341","341",0,0,0,0.045713209091736,0,0,0,0,0,0,0.954286790908264
"342","342",0,0,0,0,0,0,0,0,1,0,0
"343","343",0,0,0,0,0,0,0,0,1,0,0
"344","344",0,0,0,0,0,0,0,0,1,0,0
"345","345",0.00564908793305078,0,0,0.994350912066949,0,0,0,0,0,0,0
"346","346",0.00960355435095368,0,0,0.990396445649046,0,0,0,0,0,0,0
"347","347",0,0,0,0.236418633839095,0,0,0,0,0,0.763581366160905,0
"348","348",0,0,0,0.98580653136565,0,0.0141934686343503,0,0,0,0,0
"349","349",0,0,0.0377505874932744,0,0,0.962249412506726,0,0,0,0,0
"350","350",0,0,0,0.0636950170591187,0,0.311304332870283,0.625000650070598,0,0,0,0
"351","351",0.0103274364756483,0,0,0,0,0.768124748469608,0,0,0,0.221547815054744,0
"352","352",0.00770373248914944,0,0,0.106552659386776,0.740550440734003,0.145193167390072,0,0,0,0,0
"353","353",0.0203074939122025,-2.25764532218042e-17,0.760079935273407,0.122609425663173,0.097003145151218,0,0,0,0,0,0
"354","354",0.0360316305815236,0.0269655006442232,0.854607164046884,0.0823957047273696,0,0,0,0,0,0,0
"355","355",0,0,0.950193510392786,0,0,0,0,0,0,0.0498064896072142,0
"356","356",0.00495903363218977,0,0.464720991361977,0.232330989529869,0,0.297988985475964,0,0,0,0,0
"357","357",0,0,0.08599957034554,0.0342728199060527,0,0,0.879727609748407,0,0,0,0
"358","358",0,0,0,0,0,0,0.969050273318551,2.86868034565255e-16,0,0.0309497266814492,0
"359","359",0.0392787615239067,0,0,0,0,1.2069771635593e-18,0.435451640324807,0.408203946995354,0,0.117065651155933,0
"360","360",0,0,0,0.411661209036534,0,2.16168324769136e-18,0.588338790963466,4.50981270796152e-19,0,0,0
"361","361",0,0,0,0.494487061749077,0,0.0183380732561098,0.487174864994813,0,0,0,0
"362","362",0.944924543679155,0,0,0.0550754563208448,0,0,0,0,0,0,0
"363","363",0.0697573371182149,0,0,0.930242662881785,0,0,0,0,0,0,0
"364","364",0,0,0,0.10543376112556,0,0,0,0,0,0,0.89456623887444
"365","365",0,0,0,0.0288483422533254,0,0,0,0,0,0,0.971151657746675
"366","366",0,0,0,0,0,0,0,0,0,1,0
"367","367",0.00281449283872528,0,0.503053595242105,0.0262687812701806,0.467863130648989,0,0,0,0,0,0
"368","368",0.00538218222588937,0,0.824836594448544,0.169781223325567,0,0,0,0,0,0,0
"369","369",0,0,0,0,0,0,0,0,0,0,1
"370","370",0,0,0,0.0158099017117576,0,0,0,0,0,0,0.984190098288242
"371","371",0,0,0,0.0187622704008731,0,0,0,0,0,0,0.981237729599127
"372","372",0,0,0,0.0353009285638034,0,0,0,0,0,0,0.964699071436197
"373","373",0,0,0,0.048403458819462,0,0,0,0,0,0,0.951596541180538
"374","374",0,0,0,0,0,0,0,0,1,0,0
"375","375",0.655968198562848,0,0,0.344031801437152,0,0,0,0,0,0,0
"376","376",0,0,0,0,0,0,0,0,1,0,0
"377","377",0.0805214275695533,0,0,0.919478572430447,0,0,0,0,0,0,0
"378","378",0,0,0,0,0,0,0,0,1,0,0
"379","379",0.0603203658230729,0,0,0.939679634176927,0,0,0,0,0,0,0
"380","380",0,0,0,0.0577615915872252,0,0.0535156036544488,0.650219717320715,0.238503087437611,0,0,0
"381","381",0,0,0,0.16582528508361,0,0.26018357885564,0,0.57399113606075,0,0,0
"382","382",0,0,0,0.278623542760068,0,0,0,0,0,0.721376457239932,0
"383","383",0,0,0,1,0,0,0,0,0,0,0
"384","384",0,0,1,0,0,0,0,0,0,0,0
"385","385",0.00886445470005364,0.0311377756151846,0.600500956443342,0.35949681324142,0,0,0,0,0,0,0
"386","386",0.0228660308262664,-1.02727181715455e-17,0.851654142141588,0.0391335842778025,0.0863462427543434,0,0,0,0,0,0
"387","387",0.0473337705089573,0,0.309055519873122,0.0389048275802415,0.350719692558159,0,0.25398618947952,0,0,0,0
"388","388",0,0,0.138835448764296,0,0,0,0.787817102513125,2.88680786295615e-16,0,0.0733474487225787,0
"389","389",0,0,0.553487232294856,0,0,0,0,0,0,0.446512767705144,0
"390","390",0.0518724667967166,0,0,0.0429847075326402,0,0.036925624083937,0.227884133979174,0.640333067607533,0,0,0
"391","391",0,0,0,0.244730350368544,0,0,0,0,0,0.755269649631456,0
"392","392",0,0,0,0,0,0,0,0,0,1,0
"393","393",0.16092045768485,0,0,0.83907954231515,0,0,0,0,0,0,0
"394","394",0.0152349042038631,0,0,0.984765095796137,0,0,0,0,0,0,0
"395","395",0,0,0,0.0682146119375256,0,0,0,0,0,0,0.931785388062474
"396","396",0,0,0,0.0569011537653233,0,0,0,0,0,0,0.943098846234677
"397","397",0.00528597496083158,0,0.0104059671759653,0.0135534361337461,0.970754621729457,0,0,0,0,0,0
"398","398",0,0,0,0,0,0,0,0,0,1,0
"399","399",0,0,0,0.985646799384727,0,0,0,0,0,0,0.014353200615273
"400","400",0,0,0,0.0119683772094475,0,0,0,0,0,0,0.988031622790552
"401","401",0,0,0,0.0104498486935047,0,0,0,0,0,0,0.989550151306495
"402","402",0,0,0,0.0575442895491048,0,0,0,0,0,0,0.942455710450895
"403","403",0.0644910694222772,0,0,0.935508930577723,0,0,0,0,0,0,0
"404","404",0,0,0,1,0,0,0,0,0,0,0
"405","405",0,0,0,0,0,0,0,0,1,0,0
"406","406",0,0,0,0.503450840848347,0,0.496549159151653,0,0,0,0,0
"407","407",0,0,0,0,0,0,0,0,1,0,0
"408","408",0,0,0.804844946810165,0,0,1.37484183843852e-18,0,0,0,0.195155053189835,0
"409","409",0,0,0,0,0,0,1,0,0,0,0
"410","410",6.51814996606696e-21,0,0,0,0,1,0,0,0,0,0
"411","411",0.0211166296659039,0,0,0,0,0,0.978883370334096,0,0,0,0
"412","412",0,0,0,0.0642697764359011,0,0,0.00618335136462812,0.929546872199471,0,0,0
"413","413",0.0384697649235104,0,0,0.0852859125338281,0,0,0.876244322542661,0,0,0,0
"414","414",0.0193061630083122,5.50799190816858e-19,0.875238895873309,0.0595278373931538,0.0386751326379451,0,0.00725197108728022,0,0,0,0
"415","415",0,0,0.645798183071895,0.354201816928105,0,0,0,0,0,0,0
"416","416",0,0,0.817872967400373,0.0511889926360651,0,0,0,0,0,0.130938039963562,0
"417","417",0.00532366956823063,0,-4.95305821697066e-19,0.0243628087619983,0.333528874311573,0,0.636784647358198,0,0,0,0
"418","418",0,0,0.945964480598895,0.0540355194011049,0,0,0,6.4220571434722e-17,0,0,0
"419","419",0.0229667156464961,0,0,0,0,0,0.971738672429624,-3.49531860776832e-21,0,0.0052946119238801,0
"420","420",0,0,0.297653018556585,0.0265478750979905,0,0.675799106345425,0,0,0,0,0
"421","421",0.0459203296808256,0,0,0,0,0,0.954079670319174,0,0,0,0
"422","422",0.241369304370534,0,0.327115882264267,0.290389633527336,0,0.141125179837863,0,0,0,0,0
"423","423",0,0,0,0.0498105170205739,0,0.422685519705619,0.527503963273807,0,0,0,0
"424","424",0.0219261060939144,0,0,0.978073893906085,0,0,0,0,0,0,0
"425","425",0,0,0,0.00846328641947113,0,0,0,0,0,0,0.991536713580529
"426","426",0,0,0,0.00692238792749591,0,0.993077612072504,0,0,0,0,0
"427","427",0,0,0,0.0843385184563365,0,0,0,0,0,0,0.915661481543663
"428","428",0,0,0,0.0122694891207203,0,0,0,0,0,0,0.98773051087928
"429","429",0,0,0,0.0216239976333913,0,0,0,0,0,0,0.978376002366609
"430","430",0,0,0,0.0441762147954967,0,0,0,0,0,0,0.955823785204503
"431","431",0,0,0,0,0,0,0,0,1,0,0
"432","432",0,0,0,0,0,0,0,0,1,0,0
"433","433",0,0,0,0,0,0,0,0,1,0,0
"434","434",0,0,0,0,0,0,0,0,1,0,0
"435","435",0.00988273373240737,0,0,0.990117266267593,0,0,0,0,0,0,0
"436","436",0,0,0,0,0,0,0,0,1,0,0
"437","437",0.0352042924524047,0.483917069522444,0.214758967020405,0.0735069226468165,0.0262417999742505,0,0.166370948383679,0,0,0,0
"438","438",0,0,0,0.0964575951013661,0,0.146520047212237,0.755917294534586,0.00110506315181121,0,0,0
"439","439",0,0,0.790229098720931,0.209770901279069,0,0,0,0,0,0,0
"440","440",0,0,0,0.202067415838759,0,0,0,0,0,0.797932584161241,0
"441","441",0,0,0,0,0,0.840975528636283,0,0,0,0.159024471363718,0
"442","442",0.00619517823142378,0,0.230902389152211,0.00755879585657448,0,0,0,0.755343636759791,0,0,0
"443","443",0,0,0.908309717575846,0,0,0,0,0,0,0.0916902824241538,0
"444","444",0.00737294272439965,0,1.33843763082346e-19,0.0237794587427983,0.941999007444302,0,0.0268485910884999,0,0,0,0
"445","445",0.0528704011979766,0,0,0.118072421207279,0,0,0.00762563473640243,0.821431542858341,0,0,0
"446","446",0,0,0,0.306823170208722,0,0.439903730780908,0,0.25327309901037,0,0,0
"447","447",0.0109920820826024,0,0.202777574294565,0,0,0,0,0,0,0.786230343622832,0
"448","448",0,0,0.000190518478701156,0.160332937959884,0,0,0,0.0798225124355173,0,0.759654031125897,0
"449","449",0,0,0.244030276058343,0.0439447271233938,0,0.712024996818263,0,0,0,0,0
"450","450",0.191250019528381,0,0,0,0,0,0.636007146865105,0,0,0.172742833606515,0
"451","451",0.948692573720324,0,0,0.0513074262796763,0,0,0,0,0,0,0
"452","452",0,0,0,0.0165690781444209,0,0,0,0,0,0,0.983430921855579
"453","453",0,0,0,0.0560917387941169,0,0,0,0,0,0,0.943908261205883
"454","454",0,0,0,0.981798112720088,0,0,0,0,0,0,0.0182018872799121
"455","455",0,0,0,0.00987090392667298,0,0,0,0,0,0,0.990129096073327
"456","456",0,0,0,0.0217178759428738,0,0,0,0,0,0,0.978282124057126
"457","457",0,0,0,0.03272586061781,0,0,0,0,0,0,0.96727413938219
"458","458",0,0,0,0.0242231224385476,0,0,0,0,0,0,0.975776877561452
"459","459",0,0,0,0.00746146742502251,0,0,0,0,0,0,0.992538532574977
"460","460",0,0,0,0.583572958475943,0,0.416427041524057,0,0,0,0,0
"461","461",0.022339225761907,0,0,0.977660774238093,0,0,0,0,0,0,0
"462","462",0,0,0,0,0,0,0,0,1,0,0
"463","463",0,0,0,0,0,0,0,0,1,0,0
"464","464",0.0216218072264652,0,0,0.978378192773535,0,0,0,0,0,0,0
"465","465",0,0,0.4533794841469,0.105338511349953,0,0.441282004503147,0,0,0,0,0
"466","466",0,0,0,0,0,0,0,0,1,0,0
"467","467",0.00520706250712118,2.48417046567621e-17,0.442517734425769,0.313796037542899,0.23847916552421,0,0,0,0,0,0
"468","468",0.0171718740092592,0,0.0796131801502422,0.274879940743329,0,0.0923534761788595,0,1.74505180580199e-16,0,0.53598152891831,0
"469","469",0.0629788572576695,-5.62021999884392e-17,0.285088415671839,0.0791749229294713,0.183577545570955,0,0.389180258570065,0,0,0,0
"470","470",0.0156678719327589,0,0.778104158281336,0.206227969785906,0,0,0,0,0,0,0
"471","471",0.0228569366770622,-5.12543897535971e-17,0.925522496716356,0.0500896272817279,0.00153093932485398,0,0,0,0,0,0
"472","472",0,0,1,0,0,0,0,9.25644729691264e-17,0,0,0
"473","473",0.0193086235395911,0.0427836593926751,0.802648235598912,0.0478229922633111,0,0,0.087436489205511,0,0,0,0
"474","474",0,0,0.928746806114599,0.0273174769543687,0,0,0,5.82821031942831e-18,0,0.0439357169310319,0
"475","475",0,0,0.30205080972093,0.210815467477893,0,0,0.487133722801177,0,0,0,0
"476","476",0,0,0.718571464257764,0,0,0,0,0,0,0.281428535742236,0
"477","477",0,0,0.487098857032956,0.0515958970463425,0,0.461305245920701,0,0,0,0,0
"478","478",0.0297652475373637,0,0,0,0,0.785538229003568,0.184696523459069,0,0,0,0
"479","479",0.0384193477815247,0,0,0.0569921821458349,0,0,0.889565373613776,0,0,0.0150230964588647,0
"480","480",0,0,0,0.0519071067957308,0,0,0.948092893204269,0,0,0,0
"481","481",0.106109122272541,0,0,0,0,0,0.893890877727458,0,0,0,0
"482","482",0,0,0,0.0750308329049807,0,0,0,0,0,0,0.924969167095019
"483","483",0,0,0,0.0256939564899835,0,0,0,0,0,0,0.974306043510016
"484","484",0,0,0,0.353303955820996,0,0,0,0,0,0,0.646696044179004
"485","485",0,0,0,0.0366585879557569,0,0,0,0,0,0,0.963341412044243
"486","486",0,0,0,0.0108036799353974,0,0,0,0,0,0,0.989196320064603
"487","487",0,0,0,0.0337512303876844,0,0,0,0,0,0,0.966248769612316
"488","488",0,0,0,0.0235328166129919,0,0,0,0,0,0,0.976467183387008
"489","489",0,0,0,0,0,0,0,0,1,0,0
"490","490",0,0,0,0,0,0,0,0,1,0,0
"491","491",0.0321301125625855,0,0,0.967869887437415,0,0,0,0,0,0,0
"492","492",0,0,0,0,0,0,0,0,1,0,0
"493","493",0.0215498046977795,0,0.708132813308298,0.270317381993922,0,0,0,0,0,0,0
"494","494",0,0,0,0,0,0,0,0,1,0,0
"495","495",0,0,0,0.977545890721891,0,0.0224541092781091,0,0,0,0,0
"496","496",0,0,0,0,0,0,0,0,0,1,0
"497","497",0,0,0,0.535513261139617,0,0,0.464486738860383,0,0,0,0
"498","498",1.4418336132846e-05,0,0.223834611156121,0.171736044292555,0,0.604414926215191,0,0,0,0,0
"499","499",0.0221856592990306,0.0490551477735256,0.830519303795628,0.0982398891318163,0,0,0,0,0,0,0
"500","500",0.0204256358398216,0.00354845573780844,0.907418909214094,0.0686069992082761,0,0,0,0,0,0,0
"501","501",0.0072353066769862,0,0.34567646118791,0.0140283880060788,0,0,0,0.633059844129025,0,0,0
"502","502",0.00796978831305004,0.201314377996536,0.759136889750118,0.0315789439402961,0,0,0,0,0,0,0
"503","503",0.105857025981135,0,0.534807638205683,0.0907895501243196,0,0,0.268545785688862,0,0,0,0
"504","504",0.00705039467865541,0.0622775303946354,0.595781151243474,0.0354482085106649,0,0,0.29944271517257,0,0,0,0
"505","505",0,0,0,0.134215574192639,0,0,0.843153285039358,0.0226311407680033,0,0,0
"506","506",0.0122460595216169,0.086216780496925,0.165302103359545,0.0455344364781293,0,0,0.690700620143783,0,0,0,0
"507","507",0.0368431037956223,0,0,0.0485352380818979,0,0.0191331098085691,0.895488548313911,0,0,0,0
"508","508",0,0,0,0.366510568596616,0,0,0,0,0,0.633489431403384,0
"509","509",0.583909796734198,0,0,0.416090203265802,0,0,0,0,0,0,0
"510","510",0,0,0,0.0676093718625244,0,0,0.0174876890765045,0.914902939060971,0,0,0
"511","511",0.0196161747184235,0,0,0.980383825281577,0,0,0,0,0,0,0
"512","512",0,0,0,0.0403635203512914,0,0,0,0,0,0,0.959636479648709
"513","513",0,0,0,0.0330253805738572,0,0,0,0,0,0,0.966974619426143
"514","514",0,0,0,1,0,0,0,0,0,0,0
"515","515",0,0,0,0.00860566231451596,0,0,0,0,0,0,0.991394337685484
"516","516",0,0,0,0.0242861703624544,0,0,0,0,0,0,0.975713829637546
"517","517",0,0,0,0.025116406142655,0,0,0,0,0,0,0.974883593857345
"518","518",0.516611733310772,0,0,0.483388266689228,0,0,0,0,0,0,0
"519","519",0,0,0,0,0,0,0,0,1,0,0
"520","520",0.0689471487991267,0,0,0.931052851200873,0,0,0,0,0,0,0
"521","521",0.0478690529516828,0,0,0.952130947048317,0,0,0,0,0,0,0
"522","522",0,0,0,0,0,0,0,0,1,0,0
"523","523",0,0,0,0,0,0,0,0,1,0,0
"524","524",0.0168682737081826,0,0.501091610797214,0.482040115494603,0,0,0,0,0,0,0
"525","525",0,0,0,0,0,0,0,0,1,0,0
"526","526",0.0164793540867963,0,0.616387605305937,0.367133040607267,0,0,0,0,0,0,0
"527","527",0.0410657129893173,0,0,0.958934287010683,0,0,0,0,0,0,0
"528","528",0,0,0.686541111772895,0.275312047366441,0,0.000246684087027384,0,0.0379001567736366,0,0,0
"529","529",6.34478726423911e-05,0,0.224901439833206,0.0182480615978791,0,0.756787050696273,0,0,0,0,0
"530","530",0.0269851253683845,0.00534299463142095,0.926325908473715,0.0413459715264793,0,0,0,0,0,0,0
"531","531",1.32416585575842e-05,0,0.57193666668177,0.0696282047719989,0,0.358421886887674,0,0,0,0,0
"532","532",0.0183671861671629,0.0409293622781715,0.899640006933919,0.0410634446207469,0,0,0,0,0,0,0
"533","533",0.00831920293777541,0.0187282558680103,0.941696864941952,0.0312556762522621,0,0,0,0,0,0,0
"534","534",0.110075865078836,0,0,0.232783620236153,0,0,3.56447672735629e-18,0.65714051468501,0,0,0
"535","535",0.0609908851519772,0.0213568960590922,0.489351842190506,0.0876971783750734,0,0,0.340603198223351,0,0,0,0
"536","536",0,0,0,0.0275496881456002,0,0.00961043608892181,0.962839875765478,0,0,0,0
"537","537",0,0,0,0.0867544703327811,0,0.0190427415542183,0,0.894202788113001,0,0,0
"538","538",0,0,0,0,0,0,0.739941776235106,0,0,0.260058223764894,0
"539","539",0.0358576164944402,0,0,0,0,0.550100871052711,0.414041512452849,0,0,0,0
"540","540",0.124695464518287,0,0,0.0452989010952127,0,0.118883638740015,0.457057938253016,0.254064057393469,0,0,0
"541","541",0.0303350804586432,0,0,0.969664919541357,0,0,0,0,0,0,0
"542","542",0.0674276553981492,0,0.0232584927962585,0.909313851805592,0,0,0,1.51849623240457e-18,0,0,0
"543","543",0,0,0,0.0280208702022154,0,0,0,0,0,0,0.971979129797785
"544","544",0,0,0,0.0133263302407067,0,0,0,0,0,0,0.986673669759293
"545","545",0,0,0,0.0289369575645179,0,0,0,0,0,0,0.971063042435482
"546","546",0,0,0,0.0409141707681169,0,0,0,0,0,0,0.959085829231883
"547","547",0,0,0,0,0,0,0,0,1,0,0
"548","548",0,0,0,0,0,0,0,0,1,0,0
"549","549",0.0361242937435047,0,0,0.963875706256495,0,0,0,0,0,0,0
"550","550",0,0,0,0,0,0,0,0,1,0,0
"551","551",0,0,0,0,0,0,0,0,1,0,0
"552","552",0,0,0,0,0,0,0,0,1,0,0
"553","553",0.0235212091100811,0,0.846745813175548,0.0970249761143514,0.0327080016000194,0,0,0,0,0,0
"554","554",0,0,0.0291003876454654,0,0,0.970899612354535,0,9.49993305518012e-19,0,0,0
"555","555",0.0309611078122071,-2.00015665228946e-17,0.0181886915419764,0.0787105035829122,0.287681753921728,0,0.584457943141176,0,0,0,0
"556","556",0.018381515053949,0,0,0.0273677907783387,0,0,0.954250694167712,0,0,0,0
"557","557",0.0120739725809019,0.116120695801589,0.816762926013759,0.0468749725752138,0,0,0.00816743302853622,0,0,0,0
"558","558",0.0473469273115543,0.0185567015505835,0.869056035698785,0.0621839102184043,0,0,0.00285642522067261,0,0,0,0
"559","559",0.0312160206525027,0,0.869098454028616,0.0693355264542627,0.0303499988646186,0,0,0,0,0,0
"560","560",0.0110703080208035,0.0427842740827542,0.889083628055367,0.0570617898410756,0,0,0,0,0,0,0
"561","561",0.0185454009833797,0,0.98145459901662,0,0,0,0,5.38921300796443e-17,0,0,0
"562","562",0.00953939675689258,2.4104255973596e-18,0.915822262664075,0.0344621796481268,0.0401761609309061,0,0,0,0,0,0
"563","563",0.0169352430489501,0.0541973433016034,0.640942126499283,0.0368953556432693,0,0,0.251029931506894,0,0,0,0
"564","564",0,0,0.824182131594502,0.162896482003636,0,0.0129213864018615,0,0,0,0,0
"565","565",0,0,0.182607407983091,0.088798885653399,0,-9.72219595120227e-19,0.72859370636351,0,0,0,0
"566","566",0.947571515467203,0,0,0.0524284845327968,0,0,0,0,0,0,0
"567","567",0.0500248334337402,0,0,0,0,0,0.94997516656626,0,0,0,0
"568","568",0.440361878090146,0,0,0.559638121909854,0,0,0,0,0,0,0
"569","569",0,0,0,0,0,0,0,0,0,1,0
"570","570",0.0514820456506487,0,0,0.527086231841191,0,0,0.42143172250816,0,0,0,0
"571","571",0,0,0,0.930180948442357,0,0,0,0,0,0,0.0698190515576434
"572","572",0,0,0,0.0394649693256288,0,0,0,0,0,0,0.960535030674371
"573","573",0.94315679972319,0,0,0.0568432002768103,0,0,0,0,0,0,0
"574","574",0,0,0,0,0,0,0,0,1,0,0
"575","575",0,0,0,0,0,0,0,0,1,0,0
"576","576",0,0,0,0,0,0,0,0,1,0,0
"577","577",0,0,0,0,0,0,0,0,1,0,0
"578","578",0,0,0,0,0,0,0,0,1,0,0
"579","579",0.836731324572244,0,0,0.163268675427756,0,0,0,0,0,0,0
"580","580",0.0265048262798989,0,0,0.973495173720101,0,0,0,0,0,0,0
"581","581",0,0,0,1,0,0,0,0,0,0,0
"582","582",0.0187783336347649,0.131595274764035,0.134436945432957,0.516571657909666,0,0,0.198617788258577,0,0,0,0
"583","583",0,0,0,0,0,0,0,0,0.983443332322085,0.0165566676779149,0
"584","584",0,0,0,0,0,0,0,0,0.979629702297029,0.0203702977029707,0
"585","585",0.00804718132633936,0.131254812881944,0.540621572546032,0.306648712021245,0,0,0.0134277212244394,0,0,0,0
"586","586",0.0114435907668531,0,0.939262576949509,0.0492938322836375,0,0,0,0,0,0,0
"587","587",0.00837888258120225,0.000263909655921552,0.967676484575171,0.0236807231877053,0,0,0,0,0,0,0
"588","588",0.0106265494745087,0,0.837372971314684,0.0246720026315113,0.127328476579296,0,0,0,0,0,0
"589","589",0.0200933992304787,0.0215785749577598,0.929503814021046,0.0288242117907152,0,0,0,0,0,0,0
"590","590",0.0491256908150026,0,0.447303479836742,0,0,0,0.503570829348256,2.39572166848045e-17,0,0,0
"591","591",0.00560187012556137,0.134548190604817,0.440769431099778,0.0270473994822584,0,0,0.392033108687585,0,0,0,0
"592","592",0.0504948255466093,0,0.795917826239261,0.0258887898451326,0,0,0,0.00863290183262825,0,0.119065656536368,0
"593","593",0.0139810070697852,0,0,0.0505643495648994,0,0,0.88854473533326,0,0,0.0469099080320555,0
"594","594",0.0972530868288777,0,0,0,0,0,0.902746913171122,0,0,0,0
"595","595",0,0,0,0,0,0,0,0,0,1,0
"596","596",0.177251015006144,0,0,0.822748984993856,0,0,0,0,0,0,0
"597","597",0.957561173231887,0,0,0.0424388267681128,0,0,0,0,0,0,0
"598","598",0,0,0,0.0235318824916265,0,0,0,0,0,0,0.976468117508373
"599","599",0,0,0,0.0600930104793139,0,0,0,0,0,0,0.939906989520686
"600","600",0,0,0,0,0,0,0,0,1,0,0
"601","601",0,0,0,0,0,0,0,0,1,0,0
"602","602",0,0,0,0,0,0,0,0,1,0,0
"603","603",0.0269370558424435,0,0.571827392247525,0.149436022363438,0,0.251799529546594,0,0,0,0,0
"604","604",0,0,0,0,0,0,0,0,1,0,0
"605","605",0,0,0,0.211770968095109,0,0.788229031904891,0,0,0,0,0
"606","606",0,0,0,0,0,0,0,0,0.994951820806251,0.00504817919374889,0
"607","607",0.025334119092818,3.00107050462718e-18,0.861593345667126,0.05464253326556,0.058430001974496,0,0,0,0,0,0
"608","608",0.0190140717223399,2.10903834141394e-17,0.156921922086709,0.0384817553427457,0.785582250848205,0,0,0,0,0,0
"609","609",0.0185659121092507,0,0,0.981434087890749,0,0,0,0,0,0,0
"610","610",0.0181540279841029,0,0,0.134552800874505,0,0,0.45689446156445,0.390398709576942,0,0,0
"611","611",0.00816401489993018,0,0.487687918467432,0.504148066632638,0,0,0,0,0,0,0
"612","612",0.00442369304578067,0,0.243169330805612,0.0292525126770479,0,0,0,0.723154463471559,0,0,0
"613","613",0.0106442465156976,0,0.920023720208379,0.0693320332759234,0,0,0,0,0,0,0
"614","614",0.011712555717038,0.00197175695365953,0.904284962237004,0.0820307250922983,0,0,0,0,0,0,0
"615","615",0.0214271370380787,1.88840437615419e-17,0.939136570709259,0.0386846378238508,0.000751654428811386,0,0,0,0,0,0
"616","616",0.00857560743815646,0.000556578750915148,0.901966243343177,0.0876033473082076,0,0,0.00129822315954344,0,0,0,0
"617","617",0.0109432186411798,0,0.804767238427985,0.0288197206540749,0,0,0.15546982227676,-4.75599700888483e-17,0,0,0
"618","618",0.512529723257079,0,0.467550091566505,0.0156637028571321,0,0,0,0,0,0.0042564823192843,0
"619","619",0,0,0,0,0,0,1.00000000000004,-3.82148891509437e-14,0,0,0
"620","620",0.0326096673596384,0,0,0.0478722300541,0,0.0281362063969918,0.89138189618927,0,0,0,0
"621","621",0,0,0,0.0631049126891298,0,0,0,0.93689508731087,0,0,0
"622","622",0,0,0,0,0,0,0,0,1,0,0
"623","623",0.454064421434759,0,0,0.545935578565241,0,0,0,0,0,0,0
"624","624",0.960435111458784,0,0,0.0395648885412155,0,0,0,0,0,0,0
"625","625",0,0,0,0.0258198227074508,0,0,0,0,0,0,0.974180177292549
"626","626",0,0,0,0,0,0,0,0,1,0,0
"627","627",0,0,0,0,0,0,0,0,1,0,0
"628","628",0,0,0,0,0,0,0,0,1,0,0
"629","629",0.058916078166296,0,0,0.941083921833704,0,0,0,0,0,0,0
"630","630",0,0,0,0,0,0,0,0,1,0,0
"631","631",0.0186466804437483,0,0,0.981353319556252,0,0,0,0,0,0,0
"632","632",0,0,0,0,0,0,0,0,0,1,0
"633","633",0.00946011267644225,0.0940567710080181,0.000155367595124383,0.144686487679161,0,0,0.751641261041254,0,0,0,0
"634","634",0,0,0,0.0481385401297176,0,0,0,0,0,0,0.951861459870282
"635","635",0.011908267885777,0,0,0.988091732114223,0,0,0,0,0,0,0
"636","636",0.00506914957216519,0,0.310142612736341,0.0374694537079571,0.278284376116092,0,0.369034407867445,0,0,0,0
"637","637",0.0021264460565745,5.52145693666264e-17,0.457849956230247,0.508054670485988,0.0319689272271904,0,0,0,0,0,0
"638","638",0.0238554658704592,0.0552519143871046,0.741839431318593,0.0847174836883795,0,0,0.0943357047354635,0,0,0,0
"639","639",0.0184593376592501,0,0.940622494099486,0.040918168241264,0,0,0,0,0,0,0
"640","640",0.00833620297818038,0.0054499495183095,0.916462564017474,0.0697512834860364,0,0,0,0,0,0,0
"641","641",0.0150311675407942,0,0.909598208740758,0.0619581603427291,0.0134124633757186,0,0,0,0,0,0
"642","642",0.0180480679810426,0,0.981951932018957,0,0,0,0,5.36710248279052e-17,0,0,0
"643","643",0,0,0.700691211573035,0,0,0,0.299308788426965,3.73578312655895e-17,0,0,0
"644","644",0,0,0,0.059385357468997,0,0.0533115760406964,0.887303066490307,-3.43735763370169e-16,0,0,0
"645","645",0,0,0.289853499873131,0.0320668940143645,0,0.678079606112504,0,0,0,0,0
"646","646",0.0167524914248889,0,0,0,0,0.0538219649817878,0.929425543593323,0,0,0,0
"647","647",0.142787143256752,0,0,0.857212856743248,0,0,0,0,0,0,0
"648","648",0,0,0,0.0495239889464329,0,0,0.950476011053567,0,0,0,0
"649","649",0.203049855686502,0,0.590112530810979,0.19724931689237,0,0.00958829661014943,0,1.06097397689558e-16,0,0,0
"650","650",0.0441353046074305,0,0,0.955864695392569,0,0,0,0,0,0,0
"651","651",0,0,0,0.157892404653418,0,0,0,0,0,0,0.842107595346582
"652","652",0,0,0,0,0,0,0,0,1,0,0
"653","653",0,0,0,0,0,0,0,0,1,0,0
"654","654",0,0,0,0.0297421830919664,0,0,0,0,0,0,0.970257816908033
"655","655",0,0,0,1,0,0,0,0,0,0,0
"656","656",0,0,0,0,0,0,0,0,1,0,0
"657","657",0.0124283997155797,0,0,0.98757160028442,0,0,0,0,0,0,0
"658","658",0.0117752203519965,-1.32193543397763e-18,0.673123839875211,0.0581343868057919,0.250396962282664,0,0.00656959068433703,0,0,0,0
"659","659",0,0,0,0.00838906414123757,0,0,0,0,0,0,0.991610935858762
"660","660",0,0,0.00898465857438498,0.0857555791263253,0,0.90525976229929,0,0,0,0,0
"661","661",8.46495853721122e-05,0,0.328948959146073,0.0498600713279912,0,0.621106319940564,0,0,0,0,0
"662","662",0,0,0,0,0,0,0,0,1,0,0
"663","663",0,0,1,0,0,0,0,0,0,0,0
"664","664",0.0105944273951522,0,-1.94682575226888e-18,0.0177115451955745,0.971694027409273,0,0,0,0,0,0
"665","665",0.0420664430682606,3.71750840859642e-17,0.677162632667329,0.0647728844033975,0.215998039861013,0,0,0,0,0,0
"666","666",0.0109389041933132,0.00374033040455394,0.901587697518317,0.0837330678838153,0,0,0,0,0,0,0
"667","667",0.0351148858123803,0,0.658033314636141,0.306851799551479,0,-1.41017725849368e-18,0,0,0,0,0
"668","668",0,0,0.981657206619623,0.0183427933803766,0,0,0,-4.23914337040658e-18,0,0,0
"669","669",0.170232510318141,0,0.829767489681859,0,0,0,0,0,0,0,0
"670","670",0,0,0,0.379430585810215,0,0,0,0,0,0.620569414189786,0
"671","671",0.0273663145823232,0,0.0767168935113021,0.0612329495861318,0,0.040380758343693,0.79430308397655,0,0,0,0
"672","672",0.032238361997213,0,0,0,0,0.393341759337158,0.574419878665628,0,0,0,0
"673","673",0.527515039116455,0,0,0.472484960883545,0,0,0,0,0,0,0
"674","674",0,0,0,0.0538556532647635,0,0.136347683282703,0.809796663452534,-7.94091861209521e-21,0,0,0
"675","675",0.0172179235216634,0,0,0.982782076478337,0,0,0,0,0,0,0
"676","676",0,0,0,0.0253452259373868,0,0,0,0,0,0,0.974654774062613
"677","677",0,0,0,0.0825261646743576,0,0,0.917473835325642,0,0,0,0
"678","678",0,0,0,0.0110656321583035,0,0,0,0,0,0,0.988934367841697
"679","679",0.0137773543299788,0,0.0705738484639568,0.0275687862898538,0.173024549164397,0,0.715055461751814,0,0,0,0
"680","680",0.00654641669956842,0.0224472717972539,0.383720570359748,0.58728574114343,0,0,0,0,0,0,0
"681","681",0.0135769195833345,0,0.915934287892051,0.0673366098021391,0,0,0.0031521827224758,0,0,0,0
"682","682",0,0,0.379954858185466,0.620045141814534,0,0,0,0,0,0,0
"683","683",0.00577714743871168,0.000288678451893293,0.959396250584967,0.0345379235244279,0,0,0,0,0,0,0
"684","684",0.0103467569542331,0,0.922846420842513,0.0258363120616573,0.0409705101415968,0,0,0,0,0,0
"685","685",0.0255301891894016,0.0161984426609284,0.834740119598929,0.123531248550741,0,0,0,0,0,0,0
"686","686",0.0187422974304248,0.0914227504506187,0.869204803688233,0.0206301484307234,0,0,0,0,0,0,0
"687","687",0.014893189480881,0.0530872658348323,0.859240746172487,0.0334401380336965,0,0,0.0393386604781034,0,0,0,0
"688","688",0.0863604495779049,0.0738731280217762,0.347199836287201,0.0701081860030017,0,0,0.422458400110117,0,0,0,0
"689","689",0,0,0,0,0,0,1,0,0,0,0
"690","690",0.0560598195637693,0,0,0,0,0,0.943940180436231,0,0,0,0
"691","691",0,0,0.0013483920618866,0.033079918107345,0,0,0.965571689830769,0,0,0,0
"692","692",0,0,0,0.161846890198378,0,0.0925416677153871,0.745611442086235,0,0,0,0
"693","693",0,0,0,0.0587960907433366,0,0,0,0,0,0,0.941203909256663
"694","694",0,0,0,0,0,0,0,0,0,1,0
"695","695",0.0130696996466556,0.113065727457503,0,0.813730325790072,0,0,0.0601342471057696,0,0,0,0
"696","696",0.0427459235192239,0.0140011909394791,0.725458899199059,0.0674089989342192,0,0,0.150384987408018,0,0,0,0
"697","697",0,0,0,0,0,0,1,0,0,0,0
"698","698",0.120696504674014,0.116175129573442,0.707593908462791,0.0555344572897527,0,0,0,0,0,0,0
"699","699",0.0189446369481852,0.0165889647877753,0.909477702859104,0.0549886954049352,0,0,0,0,0,0,0
"700","700",0.0234697561216383,0,0.0481417002348324,0.0147271553753443,0.913661388268185,0,0,0,0,0,0
"701","701",0.0136983259326186,0.00675507654630801,0.727857163095596,0.251689434425477,0,0,0,0,0,0,0
"702","702",0.019843713863075,0.0257034822139258,0.92131403318782,0.0331387707351791,0,0,0,0,0,0,0
"703","703",0.0136872306827173,0.0475365193536894,0.899191318972777,0.0346068798269146,0,0,0.00497805116390135,0,0,0,0
"704","704",0.0157720158778764,0.0422957890358058,0.63044110317407,0.117557835224972,0,0,0.193933256687277,0,0,0,0
"705","705",0.0135456756232681,0.0603813922757734,0.314737566134019,0,0,0,0.61133536596694,0,0,0,0
"706","706",0.0288023116428693,0,0,0.283965652197332,0,0.082813110618818,0,0.604418925540981,0,0,0
"707","707",0,0,0,0,0,0,1,0,0,0,0
"708","708",0,0,0,0,0,0,1,0,0,0,0
"709","709",0.176931661334919,0,0,0.823068338665081,0,0,0,0,0,0,0
"710","710",0.140512211862582,0,0,0.859487788137418,0,0,0,0,0,0,0
"711","711",0,0,0,0.419045786409254,0,0,0,0,0,0,0.580954213590746
"712","712",0,0,0,0.0754982541287283,0,0,0,0,0,0,0.924501745871272
"713","713",0.0632935027994626,0.0727561146248782,0.822993162452552,0.0387220556753772,0,0,0.00223516444772981,0,0,0,0
"714","714",0.0130463733343444,0.0249356157580848,0.799946955916756,0.0394997559200504,0,0,0.122571299070765,0,0,0,0
"715","715",0.0281647674318941,0.105438045674553,0.404996100663368,0.03169551920122,0,0,0.429705567028964,0,0,0,0
"716","716",0,0,0,0.150814326598965,0,0,0.849185673401035,0,0,0,0
"717","717",0,0,0.00844963270265187,0.991081909256685,0,0.00046845804066335,0,0,0,0,0
"718","718",0.0689701195555249,0,0,0.102454878052633,0,0.0123430891551182,0.816231913236725,-6.39387334777079e-16,0,0,0
"719","719",0.0783836744295155,0,0,0.0954411304411367,0,0,0.826175195129348,0,0,0,0
"720","720",0,0,0,0.261388688481796,0,0,0,0,0,0,0.738611311518204
"721","721",0,0,0,1,0,0,0,0,0,0,0
"722","722",0,0,0,0.116629046541158,0,0,0,0,0,0,0.883370953458843
"723","723",0,0,0.260995726770739,0.569944533293343,0,0.169059739935918,0,0,0,0,0
"724","724",0.0117672127107952,0.158797180626953,0.42087103035472,0.076028059172566,0,0,0.332536517134966,0,0,0,0
"725","725",0.0258676028650893,0.0990137682449671,0.578924119285625,0.0716963526699488,0,0,0.224498156934369,0,0,0,0
"726","726",0,0,0,0.0324644192294983,0,0,0.967535580770502,-1.77355058657292e-17,0,0,0
"727","727",0.0344269831629933,0,0,0,0,0,0.965573016837007,0,0,0,0
"728","728",0.0386299560833598,0,0,0.0737678796705287,0,0.781363668192004,0.106238496054108,0,0,0,0
"729","729",0,0,0,0.0291881023656348,0,0,0,0,0,0,0.970811897634365
"730","730",0,0,0,0.12053591505142,0,0,0,0,0,0,0.87946408494858
"731","731",0.00776046201742158,0,0.961805500110989,0.0304340378715891,0,0,0,1.3383349227253e-17,0,0,0
"732","732",0,0,0.240917581565858,0.0392578774089475,0,0,0.719824541025194,3.93734163955885e-17,0,0,0
"733","733",0.0337082700414976,0.0188713602393698,0.191562050327271,0.101491817997938,0,0,0.654366501393924,0,0,0,0
"734","734",0.981196570684227,0,0,0.0188034293157724,0,0,0,0,0,0,0
"735","735",0.00389639029277683,0,0,0.00940596279012022,0.986697646917103,0,0,0,0,0,0
"736","736",0,0,0,0.0276103901603545,0,0,0,0,0,0,0.972389609839646
"737","737",0,0,0,0.0590118838928614,0,0,0,0,0,0,0.940988116107139
