L2/3 IT CTX-1,L4/5 IT CTX,L5 IT CTX,L5 NP CTX,L5 PT CTX,L6 CT CTX,L6 IT CTX,L6b CTX,Lamp5,Sst,Vip
5.0998377e-05,0.02567292,0.022656662,0.8340522,0.00043477895,5.7586414e-05,0.00016070511,0.002798142,0.0023692574,0.027223881,0.08452291
0.0017945535,0.0015608364,0.07551224,0.37176067,0.0404912,0.011616522,0.026497751,0.25769284,0.0016933263,0.16303912,0.04834089
0.0011819759,0.0020278345,0.030145992,0.8044622,0.00035081594,4.9187415e-06,0.0055591585,0.0006754325,0.015449259,0.08215809,0.057984293
0.00044986611,0.015164334,0.02660723,0.8697386,0.0022832411,4.5319393e-06,0.00022698595,0.0013654564,0.00069385837,0.013636516,0.06982942
0.00093275466,0.0031164207,0.009659274,0.81343186,0.01828105,0.00035322923,0.00010144188,0.062837794,0.0015729705,0.009318454,0.080394775
0.0013176375,4.0214716e-05,0.00060137786,0.017182004,0.010004455,0.02309963,0.00068023725,0.8248063,0.018886842,0.018481785,0.0848995
0.00038001785,8.602161e-06,0.00010020973,0.0004661119,0.0010350021,0.14557861,0.005100959,0.3460394,0.0016945672,0.4629525,0.036644004
0.00022473704,9.714752e-06,5.1536997e-05,2.903975e-05,9.309493e-05,0.5744029,0.08740341,0.27684477,0.0009790821,0.051876556,0.008085112
0.047873925,2.0468087e-05,6.3232255e-05,1.9808296e-05,0.0002892473,0.72317827,0.051120594,0.10214902,0.0067923088,0.03347943,0.03501372
0.00029797934,0.00033349768,0.001320851,0.00020865392,6.153548e-05,0.7187191,0.09202366,0.07033034,0.007829764,0.1007157,0.008158945
0.0012507715,0.00016532824,0.040674113,0.010049235,0.0019699056,0.3682303,0.2713446,0.10298814,0.19258067,0.00776606,0.0029808972
0.16697834,0.022333343,0.038486734,0.01473011,0.0015113107,0.12138146,0.37083685,0.058554914,0.1928324,0.011224086,0.0011304651
0.018215785,2.4885912e-05,0.09793295,0.08132376,0.024788659,0.026109412,0.41427228,0.075247794,0.24530348,0.016089175,0.0006917652
0.008565272,1.2812666e-05,0.053265538,0.10316855,0.46714604,0.00176587,0.13720754,0.04353887,0.13853699,0.045808975,0.0009835383
0.000752878,7.347166e-05,0.08423456,0.36466777,0.00046807042,0.020199664,0.092921026,0.028245028,0.05195037,0.28988585,0.06660129
0.0008992491,0.18725047,0.34794396,0.21586785,0.00070736546,0.00017378347,0.0486677,0.0006760389,0.007891044,0.1776555,0.012267074
0.009895076,0.6311817,0.14028051,0.09451387,0.0022311886,0.00059935584,0.019905329,0.0011210922,0.00065926596,0.06928392,0.030328665
0.00034829555,0.42674536,0.15546013,0.093582384,0.014615829,0.03810629,0.009258827,0.011329,0.004512714,0.18351997,0.06252122
0.013553693,0.6170002,0.095517315,0.23896968,0.0005624905,0.000573508,0.0074456483,0.0005026252,8.0192716e-05,0.0003851043,0.025409501
0.07104608,0.20073374,0.089766786,0.56086385,0.0001458589,0.00051169714,0.058316093,0.00088685524,0.00052703905,0.00012366216,0.017078402
0.45423302,0.022324864,0.026657287,0.26255304,0.0003739293,0.00021467321,0.18891868,0.0013377324,0.0050868206,0.000291399,0.038008563
0.4441668,0.00026137487,0.02053014,0.00891497,0.011191698,0.013021483,0.07056105,0.35629943,0.0024290066,0.06745069,0.005173326
0.892399,9.210794e-05,2.362704e-06,7.798929e-08,0.0004286084,0.0005621034,0.09420861,0.0009513748,0.009256165,0.00069990265,0.0013997062
0.811804,2.889245e-06,0.006034295,0.0017031919,0.0076909442,0.00040142695,0.15484598,0.004984933,0.010803685,0.00025516585,0.001473515
0.28906426,1.8491542e-06,0.0013180005,0.20619805,0.003543427,0.06348803,0.19500896,0.19921076,0.015646808,5.7046174e-05,0.026462806
0.22068247,0.0025548725,0.008138183,0.52000904,0.019549645,0.00079478015,0.117548116,0.077680334,0.018809794,9.688126e-05,0.014135855
0.002373877,0.0082911085,0.13190219,0.54861,0.12415234,0.0011638595,8.191762e-05,0.1070677,0.011407336,0.0011926703,0.06375702
0.00029906075,0.005094867,0.0032103085,0.8442786,0.010408519,0.00028155363,4.0479884e-07,0.030691234,0.0029100757,0.00019595864,0.10262948
3.412802e-05,0.0030784532,0.01428899,0.85976565,0.0004972373,2.9292147e-05,2.7897344e-05,0.0032812983,0.0014232178,0.02534573,0.0922282
0.069106504,0.017702514,0.046553113,0.30412734,0.001190931,0.008328969,0.21570437,0.00033207407,0.08914898,0.14219657,0.105608664
0.00022025565,0.0024986723,0.022613617,0.3367584,0.00037211014,0.15322424,0.029447839,0.0040488737,0.00036981524,0.3991593,0.051286846
0.01171733,0.002202195,0.006481984,0.4084625,0.43139476,0.0006996118,0.00019507241,0.0012909214,0.0003251261,0.030656049,0.106574506
0.0005207929,0.0005726157,0.057538014,0.70370275,0.04868847,0.0003837885,2.6037795e-05,0.09729668,0.0007651616,0.0061250194,0.08438066
0.00090643525,7.875424e-06,0.0002738368,0.22011995,0.007881004,0.022696175,0.0002948802,0.6091696,0.05854978,0.016610477,0.06349004
0.00044367928,5.93516e-06,9.22305e-06,5.8673013e-05,0.000119050455,0.3914688,0.0109290555,0.5067296,0.0008950369,0.053996466,0.03534445
8.229989e-05,2.0789475e-06,7.547188e-06,5.770044e-06,4.8521935e-05,0.5295489,0.021392556,0.3950144,0.0006644371,0.050780658,0.0024528275
0.0001087882,5.5598707e-06,3.9132323e-05,7.8047915e-06,1.0604304e-05,0.67399454,0.06524501,0.07937539,0.001504669,0.17864667,0.0010617527
0.00024956395,0.00021744758,0.0015980891,0.00038132665,7.696038e-05,0.6528401,0.13380831,0.10570204,0.0047999313,0.09891049,0.0014157642
0.00032494203,5.6187695e-05,0.010013795,0.0019646185,0.00016821844,0.6958328,0.18897864,0.05234772,0.040171046,0.009759927,0.00038208344
0.0577041,0.0117597245,0.039623603,0.011104674,0.002438479,0.10272662,0.3030463,0.06381609,0.2815457,0.12617455,6.0166458e-05
0.004758303,3.019414e-06,0.044291515,0.041054964,0.47513315,0.008821096,0.1549232,0.06363184,0.18511605,0.0222162,5.071498e-05
0.0007925099,0.01366917,0.35362267,0.11644055,0.0013603868,0.021838937,0.19995935,0.03270346,0.14284699,0.11655236,0.00021364086
0.19068497,0.000120222634,0.10518672,0.1682352,0.0007526945,8.28616e-05,0.43168485,0.0014811057,0.05315145,0.04855097,6.89592e-05
0.043245427,0.08308352,0.3805601,0.16023564,0.010146766,0.00022743452,0.14410815,0.00014435944,0.07551365,0.07721432,0.02552055
8.619726e-05,0.42477733,0.36599845,0.04558626,6.026651e-05,4.983911e-05,0.017587572,1.2044606e-05,0.00025306628,0.1300104,0.015578554
0.00010518075,0.4648807,0.33132052,0.053229995,0.00016693691,0.015186299,0.013359115,0.0050152494,0.000121766774,0.08807415,0.02854004
0.0006979655,0.44159153,0.23680195,0.13659862,8.460416e-06,0.000862296,0.038295556,5.785188e-05,0.003058796,0.03702209,0.10500486
0.11116746,0.22830935,0.06131061,0.45318547,0.00013127516,0.0018881895,0.10098411,0.0111974655,0.0007036048,0.00042930513,0.030693194
0.87603074,0.011273432,0.0012786688,7.031638e-05,0.00023098211,2.3988552e-05,0.107899494,1.265022e-05,0.0010193787,7.090503e-05,0.0020894436
0.6831688,0.008406407,0.00062105496,9.237146e-06,4.7686226e-05,3.0770716e-05,0.22145177,1.4136887e-05,0.06698573,0.018511238,0.0007531147
0.87255836,0.00067656906,6.293808e-07,7.689089e-09,9.986634e-05,5.3216183e-05,0.054073878,0.000101526755,0.028941948,0.04270752,0.00078652735
0.7335646,0.0010257637,8.813586e-06,4.7040055e-07,0.0002237935,0.000104116116,0.13458048,0.0009483928,0.056903996,0.07101579,0.0016238168
0.26733875,0.00028705492,0.00038772458,0.0029495105,0.07724853,0.013486369,0.14985365,0.05434876,0.21578872,0.012488567,0.20582238
0.17361093,2.8606914e-06,0.013305865,0.5002129,0.018457476,0.00038184144,0.12552404,0.057139978,0.07027973,3.7567628e-05,0.041046802
0.31892163,0.005676046,2.2670529e-05,0.06414301,0.18668863,0.002647761,6.0996706e-07,0.31104878,0.021031894,0.00047489692,0.08934404
0.0022263424,0.0037281928,0.0013634862,0.6543412,0.1101742,0.0010690122,5.3881273e-08,0.14492103,0.0068196617,1.255932e-05,0.07534427
0.04221306,0.004084496,7.739238e-05,0.2876028,0.050891634,0.000695948,2.8369277e-07,0.51173186,0.008312585,0.00035214305,0.094037734
0.0034333114,0.1605693,0.04760207,0.22461434,0.0055056107,6.0815833e-05,0.0024584448,0.00033056736,0.003452833,0.5131638,0.038808905
0.0040899133,0.004495906,0.013543997,0.21358898,0.0032512872,0.08800418,0.0001605861,0.19856186,0.009954521,0.395553,0.06879575
0.002276463,0.0053752875,0.0060023204,0.6760279,0.04144276,2.797159e-05,2.7862601e-05,0.017659046,0.00094844354,0.050739337,0.19947264
0.00062938704,0.0007327542,0.0012391205,0.11632139,0.16142868,0.0056303986,4.2298063e-05,0.29925066,0.027442925,0.048011385,0.33927095
0.00019940996,8.310025e-06,0.00022031982,0.024628643,0.00726209,0.04445072,0.00084660057,0.36597756,0.0045373356,0.49874344,0.053125545
0.00012240028,2.0144175e-06,9.388477e-06,1.7051123e-05,4.5736302e-05,0.48729706,0.023163581,0.41766047,0.0012592108,0.059461728,0.010961324
0.00018757231,3.1974582e-06,9.868624e-06,4.1689777e-06,7.914512e-06,0.77726126,0.080831565,0.107030265,0.0005932464,0.0323223,0.0017487296
0.00012321788,5.0838084e-06,8.787192e-05,9.773255e-06,6.8336403e-06,0.6625987,0.10517551,0.074933834,0.0018828985,0.1545488,0.0006274238
0.00065599155,2.5662464e-05,0.0021835444,0.00028439486,7.184349e-05,0.562536,0.13905469,0.10193965,0.006254252,0.1865303,0.0004636918
0.0005125161,0.0009737741,0.2614244,0.043293193,0.0014361,0.19434412,0.3346833,0.09325978,0.045733403,0.023641095,0.0006983287
0.122455105,0.0006318519,0.03717644,0.014221951,0.010509983,0.06075851,0.18207437,0.07860841,0.27146894,0.22140324,0.00069121685
0.0307228,0.0020697773,0.02658198,0.02028803,0.063279435,0.009294715,0.15032004,0.06854436,0.37292993,0.25593576,3.313378e-05
0.4428847,3.39474e-05,0.063312836,0.057121433,0.020669542,0.00090232905,0.2028516,0.013201728,0.13921757,0.059781358,2.289001e-05
0.0019707307,0.1687039,0.28677323,0.15613483,0.0005198345,0.0001241362,0.14853552,0.00051357003,0.104773775,0.13185468,9.574391e-05
0.00036799887,0.2705895,0.43626302,0.09539308,0.000104365055,3.160317e-05,0.050111722,1.5742067e-05,0.0040267203,0.14091012,0.0021861151
0.00011136335,0.6241832,0.25210413,0.035650633,1.8001538e-05,4.9870992e-05,0.013517058,4.6986315e-06,0.0017025534,0.05104996,0.021608608
0.0081554875,0.5448159,0.1740995,0.013875663,0.00077315525,0.0064751017,0.097603075,0.00021891527,0.0010873852,0.046167534,0.10672821
0.38495573,0.3628228,0.062433098,0.007524018,0.004965777,9.831181e-06,0.14830342,3.783469e-07,0.004678255,0.0028321466,0.021474505
0.36310774,0.36758244,0.04710163,0.0008974606,0.0099620065,2.0465273e-05,0.13975851,5.1776096e-06,0.057026368,0.0060568745,0.008481379
0.54482293,0.33177742,0.026490113,0.00080905505,0.00050829985,7.507835e-06,0.086548075,1.4411019e-06,0.0076384386,0.0004310435,0.00096568867
0.9106208,0.00014377544,1.2225113e-05,1.5038718e-07,0.009227162,9.675207e-06,0.056440867,4.7357507e-06,0.022839375,0.00046992383,0.00023124096
0.76200545,0.00079646776,0.00012750723,1.5131093e-06,0.00018192336,2.4666073e-05,0.11118843,2.2838945e-05,0.11506823,0.009227822,0.0013550865
0.65065104,4.8311158e-05,0.0019180203,0.000386971,0.0004563669,8.022923e-05,0.17089361,0.000285332,0.14719747,0.00020235332,0.02788035
0.47185954,0.0006465882,0.019081809,0.008150928,0.007418437,0.00021973983,0.19890782,0.0048297932,0.24928997,0.00012950815,0.03946585
0.042196665,8.765224e-05,0.045093946,0.32008144,0.035202734,0.0048008403,0.057871234,0.18556766,0.20301774,0.0003679091,0.105712146
0.26906258,0.0021382498,5.7507946e-06,0.06951035,0.1504539,0.0015337414,2.1300745e-07,0.39345926,0.01422867,2.67345e-05,0.099580534
0.009911302,0.002884375,0.05737325,0.499148,0.12821299,0.0010120636,2.4539499e-05,0.099237755,0.024150915,0.0040119714,0.17403284
0.016367031,0.070366435,0.1581888,0.20771763,0.019326426,6.438728e-05,0.046150796,0.0032809633,0.013551596,0.41579238,0.04919355
0.018743463,0.008534509,0.05331793,0.18498918,0.003719804,0.00016476051,0.25285554,0.00096903887,0.0040941704,0.45483366,0.017778
0.0014910868,0.002545881,0.004631773,0.57758397,0.051805865,0.00041155718,7.103904e-05,0.065466575,0.005520855,0.09773875,0.19273265
0.00034744223,7.951206e-05,0.00025955174,0.047096107,0.016042428,0.0113013135,8.6541484e-05,0.33396915,0.0038548224,0.4938917,0.09307142
0.00029197126,9.59032e-06,2.1213735e-05,0.00032027715,0.07371586,0.14894053,0.0033970538,0.44014806,0.031637616,0.06495166,0.23656616
0.0005579224,2.0533475e-06,1.1171271e-05,1.0444702e-05,2.8132836e-05,0.68859524,0.080306925,0.18298377,0.0016019573,0.038768627,0.0071338457
0.00013214539,7.635937e-06,3.0870513e-05,6.9457383e-06,8.1240105e-06,0.6670233,0.08229801,0.083414935,0.0018958654,0.1639581,0.0012240596
0.00011819505,0.0019342059,0.038007267,0.0028043631,2.510662e-05,0.5791719,0.17220849,0.066139236,0.0018498315,0.07213068,0.065610625
7.184858e-05,7.9921476e-05,0.02013385,0.005550307,0.00023315525,0.52228117,0.1677334,0.1438154,0.0055164197,0.13397169,0.0006128325
0.002821553,2.1378215e-05,0.080350995,0.016899087,0.023381663,0.15382588,0.34837884,0.17448685,0.1833848,0.015704354,0.0007446136
0.22184715,0.056803625,0.04082996,0.016282827,0.09012156,0.026130063,0.123986535,0.10640941,0.20978513,0.08861935,0.019184422
0.04710228,0.00061115954,0.041641094,0.024442652,0.15082896,0.014752049,0.12751642,0.08816368,0.28123719,0.18457676,0.03912781
0.0067229797,0.0068975706,0.17679553,0.121611714,0.03573352,0.025050864,0.16237098,0.085101895,0.17618228,0.20316592,0.00036677904
0.23287135,0.010470247,0.16676463,0.09590759,0.0066405823,0.0007055553,0.10413806,0.00058031053,0.11616947,0.26549628,0.00025590678
0.00052723696,0.41649085,0.17496468,0.0307541,0.0004910787,2.2644339e-05,0.020140776,2.853967e-06,0.016224626,0.33938187,0.0009992436
0.00018554425,0.7293942,0.18652564,0.019103155,3.952622e-05,7.890144e-06,0.007468143,8.006167e-07,0.0013631484,0.04334194,0.012570031
0.0072222105,0.6600214,0.122154474,0.011358889,9.489625e-05,2.5251852e-06,0.055663757,7.294337e-08,0.10373373,0.026470043,0.013278031
0.056457996,0.7656268,0.08792302,0.010228395,0.0025785996,2.8765447e-05,0.04913963,1.290839e-05,0.015194501,0.004347061,0.008462364
0.57863355,0.14786012,0.018329054,0.0003269615,0.0030180314,2.9438206e-06,0.19317532,1.4313044e-07,0.048387162,0.007450067,0.0028166077
0.6381099,0.0076347305,0.0030147857,2.1997486e-05,0.0017203528,0.0003888004,0.18018533,5.4306083e-06,0.10581031,0.00084739015,0.06226093
0.56754804,0.00791656,0.0004492682,1.1507913e-05,0.00034424354,5.2753454e-05,0.096645325,7.461348e-06,0.21390367,0.112986736,0.00013441415
0.8358228,5.6456738e-05,3.0851024e-06,2.5699292e-08,0.00018325381,4.060183e-05,0.058430273,1.40881575e-05,0.10422063,0.0009679461,0.00026089462
0.36220676,0.00023683661,0.00031743466,2.1891205e-05,0.0007987692,0.008420807,0.10022857,0.032568496,0.4186653,0.0747101,0.00182508
0.050101243,4.7999783e-05,0.03398669,0.031327773,0.0071863867,0.00019274084,0.1836943,0.0017634262,0.49673545,2.7052936e-05,0.1949369
0.008148428,7.177139e-05,0.06262889,0.4011291,0.017661437,0.00072834967,0.022978188,0.1786791,0.23325364,5.6590256e-05,0.07466453
0.04117119,0.0048229103,0.0028610409,0.5844093,0.20551369,0.0010806454,7.0049823e-06,0.029716047,0.02239329,2.4627261e-05,0.10800021
0.038414013,0.0015222753,0.0061212834,0.35948023,0.19092733,0.0025033834,7.937943e-06,0.18389934,0.029771697,8.326451e-05,0.18726921
0.036955867,0.00064907037,0.0005742518,0.14247711,0.062285103,0.010879578,0.00060935324,0.48427004,0.053880747,0.062668495,0.1447504
0.008051719,0.007035869,0.07638894,0.19973736,0.005211177,0.00026565476,0.22192584,0.002752112,0.0073812394,0.445889,0.025361078
0.0012615673,0.00012022751,0.022791032,0.31238788,0.0067768437,6.651434e-06,0.0035279666,0.002131264,0.0015966948,0.6275728,0.021827126
0.000100910926,1.6990478e-05,0.00063601276,0.030063758,0.024010452,0.002647317,5.228066e-05,0.7990278,0.005675678,0.032363497,0.105405316
0.00027104045,2.653321e-06,3.4529217e-05,0.00019996204,0.00101262,0.29486725,0.014612241,0.5169136,0.005077742,0.105873235,0.061135124
0.00041462353,2.0229377e-06,1.0435841e-05,8.85118e-06,1.0486348e-05,0.7897895,0.041105982,0.12741926,0.0016695173,0.033993207,0.0055760345
0.00014234366,2.5560625e-05,0.00011043689,1.9169102e-05,1.5386438e-05,0.6343109,0.11258986,0.07304966,0.0017394673,0.17631507,0.0016821458
0.00043712754,0.000106731095,0.0014407847,0.00022394075,6.71427e-05,0.5195011,0.15323563,0.07307074,0.0045878505,0.24610282,0.00122613
0.00012455971,5.2511474e-05,0.26062736,0.060485408,0.0007955907,0.28648272,0.16134855,0.13336986,0.008511581,0.085232876,0.0029689556
0.40238652,0.020883363,0.08544841,0.019047929,0.04006076,0.057206817,0.16366695,0.14033104,0.056900583,0.013655552,0.0004120656
0.09448898,0.025002638,0.2034791,0.18198407,0.1647658,0.019945111,0.08540144,0.110807136,0.09490227,0.013861729,0.005361755
0.0028431062,0.00018985325,0.060533866,0.044583436,0.5616662,0.006505666,0.06382206,0.071292765,0.14084864,0.04747662,0.00023780428
0.34339765,0.0020603512,0.14817,0.08580332,0.04125102,0.0014039233,0.18548922,0.005611282,0.12036055,0.06636543,8.724171e-05
0.0018702092,0.10109238,0.32263118,0.11550814,0.0061381776,0.0768615,0.07053293,0.07214253,0.05174057,0.18119699,0.00028538337
0.0007070543,0.5736816,0.21323124,0.028052859,7.875676e-05,4.476866e-06,0.022385884,7.450529e-07,0.051476408,0.108774975,0.0016059638
0.036898736,0.6738901,0.11582628,0.007379597,0.019140568,1.6213173e-06,0.011462219,1.7678268e-07,0.0066628335,0.07675068,0.051987078
0.0614661,0.5394844,0.09760856,0.00688867,0.0030327425,2.247379e-06,0.069166586,5.396231e-07,0.10433905,0.05446688,0.063544184
0.47046283,0.40879714,0.020294283,0.0002665041,0.0059966296,3.2429768e-06,0.044566914,8.720239e-08,0.042774122,0.0024676716,0.0043705907
0.80008876,0.09063585,0.0016003341,8.088084e-06,0.004801673,1.2579776e-05,0.05966927,6.0157424e-07,0.039672937,0.0010238033,0.0024861179
0.78815675,0.0011999586,1.0788019e-05,6.5062767e-07,0.004841498,1.8161887e-05,0.041500043,2.4410533e-06,0.04628978,0.11737286,0.0006070557
0.6405263,0.001967734,0.00035083437,7.344583e-06,0.011328724,0.042559862,0.14817996,0.0040656156,0.09684717,0.010149473,0.044017065
0.3441819,0.015278991,0.0011043032,0.00048459487,0.00465226,0.00015905076,0.06587019,4.389171e-05,0.32654628,0.2407345,0.0009439942
0.33413446,0.008626123,0.0012725628,0.00015494392,0.0022857287,0.0004966961,0.123466246,0.00032996887,0.37248296,0.14995663,0.0067936922
0.0164799,0.00011238346,0.097912446,0.4696259,0.009837415,0.00077600527,0.048517928,0.007062218,0.30640614,5.606003e-05,0.04321357
0.0030996464,0.0001501663,0.092231765,0.32615715,0.010130547,0.001539864,0.028279498,0.011966445,0.4938747,0.000110837515,0.032459397
0.065909095,0.0008923677,0.0018560198,0.5872424,0.12899263,2.4137558e-05,5.9186434e-05,0.007880559,0.1370319,0.00022832608,0.06988335
0.23854366,0.00048326538,0.010503365,0.066598706,0.14555803,0.0028276446,0.17477351,0.12565193,0.11408636,0.055522155,0.06545144
0.1070853,0.0001697166,0.018629074,0.118902065,0.01227334,2.7419655e-05,0.3629022,0.0056066057,0.014360521,0.33662716,0.023416584
0.00026314377,2.6877551e-05,0.024819681,0.30257958,0.012756775,5.765652e-05,0.0026337374,0.025493212,0.0016485706,0.6018512,0.027869506
0.0029137598,6.64306e-06,0.0045252535,0.27897453,0.037489295,0.00038750403,0.00018400865,0.49358857,0.020775542,0.10080056,0.060354304
2.8724082e-05,3.3944798e-06,0.026115546,0.46294332,0.028222881,0.0052044117,6.390113e-05,0.43072733,0.0016897396,0.0127218235,0.032278895
4.3512533e-05,3.21083e-06,2.9668689e-05,0.0009825281,0.083800204,0.06391681,0.0004346628,0.644115,0.0076001287,0.009712959,0.18936136
0.00013390186,7.13418e-07,9.479526e-06,1.29746995e-05,3.8210273e-05,0.6706275,0.057242945,0.25519714,0.0008298517,0.008689984,0.0072173066
0.00023006002,1.0595577e-05,6.92439e-05,2.9519048e-05,2.0588195e-05,0.5975433,0.07289529,0.09904136,0.0012162668,0.22583091,0.0031128547
0.0026622233,0.000728201,0.046078168,0.0028647757,0.00013896533,0.4062386,0.28169402,0.064538255,0.06942589,0.023598978,0.1020319
0.00059008674,1.2886876e-05,0.008189207,0.0015694774,0.00039033382,0.39118463,0.26171425,0.16887867,0.033538755,0.12655026,0.0073813912
0.00010348423,1.8481098e-05,0.5368387,0.01598678,0.004999694,0.11728803,0.13869917,0.15870905,0.008508293,0.01804875,0.0007995409
0.02035596,0.0022956848,0.09700245,0.02357599,0.046706185,0.060906462,0.2059658,0.17729,0.204902,0.16044194,0.00055755285
0.13744502,0.0030236742,0.088357925,0.027920926,0.38097337,0.01556296,0.083383545,0.09369771,0.12677376,0.042577114,0.0002840471
0.033189416,0.00030286075,0.121519774,0.059942294,0.20821387,0.0093810195,0.075378746,0.043583374,0.25267267,0.10478607,0.091029935
0.002519891,0.07570562,0.20242484,0.09569293,0.03066355,0.0006218105,0.02855872,0.0009953445,0.21384487,0.34778947,0.0011829654
0.0008118877,0.23955177,0.5375358,0.07546074,0.0005711581,0.0003944389,0.016575024,6.209463e-05,0.03247864,0.08479581,0.011762664
0.00043521944,0.52409005,0.32641837,0.050158974,5.9904134e-05,0.00023731115,0.011307503,3.1907115e-05,0.011536993,0.059683517,0.016040191
0.0013713163,0.8349351,0.10719173,0.006381343,8.213458e-05,3.9548845e-06,0.009299431,1.6329565e-07,0.012080212,0.01321881,0.01543576
0.11767115,0.38817072,0.054205213,0.0025105625,0.0014515221,0.00036810062,0.12883739,5.9616214e-05,0.19179663,0.11207601,0.0028530557
0.20911469,0.3098867,0.018659957,0.0010525992,0.0047146664,0.0014650775,0.051426336,4.8362697e-05,0.2034777,0.19697233,0.003181602
0.42399117,0.013860255,0.0034285104,0.0011911337,0.013206932,0.0024392551,0.16174442,0.015455201,0.22107717,0.00057562476,0.14303039
0.85242987,0.00052492943,4.7205394e-06,8.405898e-09,0.000716003,0.00015092742,0.05970741,4.3494e-06,0.06470575,0.00045160038,0.021304417
0.44132146,0.09868123,0.0012442362,9.779692e-05,0.0019187422,0.0008970296,0.046774648,3.8072754e-05,0.21473326,0.19296102,0.0013325476
0.4923386,0.0002850541,0.00012899286,1.4627185e-06,0.0010600286,0.0022168374,0.23111665,0.00026436342,0.2425595,0.0021798508,0.02784863
0.17203955,0.07043565,0.03437855,0.008251392,0.012023572,0.0035686982,0.09501427,0.0027457175,0.3239834,0.13263929,0.14491993
0.0168602,0.00043457292,0.055879444,0.40261203,0.05141534,0.0063560605,0.020773679,0.08244327,0.20357424,0.00026234647,0.15938887
3.720141e-05,0.00021807553,0.14947198,0.81323075,0.00046417402,2.1957813e-08,0.00015528884,0.0033621094,0.010153757,0.0187379,0.0041686874
0.0001855962,0.00021610751,0.14654215,0.7770054,0.0029097379,1.628262e-08,0.00017683304,0.0016647262,0.05188368,0.012801178,0.0066145924
0.15220664,5.901489e-05,0.000698433,0.054665383,0.023705449,9.549084e-07,0.0043284055,0.0009027446,0.58894193,0.16282749,0.0116636045
0.16707274,1.9647763e-05,0.000333813,0.010953584,0.010423086,0.0044363565,0.4505231,0.006788061,0.2002189,0.14354813,0.0056825667
0.10063985,0.00014794679,0.22098792,0.056568697,0.00978906,0.005166882,0.112423524,0.19486149,0.10920722,0.18055078,0.009656559
9.111187e-06,3.0911113e-05,0.000657837,0.03227638,0.05444243,0.0069025615,1.9690433e-05,0.78167796,0.0004616095,0.03232287,0.091198646
1.7702507e-05,1.448661e-05,3.2886066e-05,0.0036332528,0.12148007,0.009605121,2.4333267e-05,0.5741439,0.005504858,0.0026091896,0.28293425
1.4273483e-05,1.0165439e-06,1.015325e-05,0.0001152458,0.00037219515,0.29432034,0.0028271745,0.6682144,0.0005736955,0.019639852,0.013911672
0.00037667045,1.06302405e-05,1.5979458e-05,5.275801e-06,1.5377616e-05,0.74716294,0.07834165,0.16875477,0.0004214015,0.0020790272,0.0028162815
0.00040148525,4.552731e-06,2.4660665e-05,2.675052e-06,4.360996e-06,0.752429,0.14438431,0.098027855,0.00032654064,0.003334801,0.0010598003
6.226967e-05,4.516652e-06,0.00037669047,3.910028e-05,4.4840444e-06,0.6418525,0.20074984,0.12639883,0.01022687,0.018223783,0.002061013
0.00011973941,0.00030699393,0.01871602,0.0027168107,0.0003960079,0.5787012,0.19937876,0.17384803,0.002342492,0.021330625,0.0021433213
0.00017559684,0.0006402361,0.36400694,0.08450243,0.011263841,0.104631595,0.13461238,0.23154382,0.01077168,0.04210592,0.015745569
0.0006338216,6.896434e-06,0.17275153,0.036911637,0.062942855,0.13303179,0.26007566,0.22016521,0.10714263,0.0051867743,0.001151178
0.23652326,3.7358066e-05,0.13823272,0.04207445,0.31970346,0.0075157424,0.12816866,0.06763194,0.053695537,0.0061366432,0.00028022547
0.0018021185,0.0039385366,0.53959584,0.17110392,0.07393053,0.0020481416,0.09139402,0.006169311,0.06569978,0.043635122,0.00068261
0.00093818165,0.1560813,0.2086156,0.06910046,0.031857457,0.00020535808,0.012195669,0.00013008653,0.15499239,0.33085534,0.035028145
0.0009109075,0.68594074,0.22102033,0.039560616,0.0010702715,1.2882506e-05,0.007594649,3.4170682e-06,0.012260339,0.02448978,0.007136003
0.093478,0.7287328,0.13457672,0.008457993,0.00027607274,7.798689e-07,0.010290554,6.467761e-08,0.0055618505,0.012450377,0.0061748573
0.11146847,0.6530941,0.0663653,0.0048629157,0.0010413255,1.0072952e-06,0.027731586,1.8577701e-06,0.0633992,0.066935256,0.0050989008
0.597626,0.25662464,0.03260264,0.00075928395,0.005480445,3.5788194e-06,0.052245617,1.8167327e-07,0.049691174,0.0021969879,0.0027695156
0.5081637,0.10212079,0.0036043029,2.0469319e-05,0.0025334484,3.6940266e-05,0.06481128,3.2724859e-06,0.19386722,0.12377099,0.0010675668
0.8043843,0.0074280147,2.6107153e-05,6.039146e-08,0.0008630426,5.6304427e-05,0.03320996,2.5275376e-06,0.15176813,0.0013417687,0.00091982743
0.8829614,0.0001691178,1.4439473e-06,3.760928e-09,0.001497005,0.0003965284,0.041259177,1.624109e-05,0.051000338,0.00019059464,0.022508152
0.8455825,0.00033670967,3.714168e-05,1.1188077e-06,0.008154214,0.0005144209,0.06269774,6.0217953e-05,0.077686355,0.00045116307,0.0044785044
0.7251966,0.00024259501,0.00010896842,6.6221605e-06,0.0027668027,0.006306152,0.09722998,0.001594235,0.13083741,0.00029148482,0.03541907
0.5373824,0.0006734984,0.0075820577,0.011053384,0.035856888,0.038993422,0.039258394,0.037684157,0.17164485,3.8628026e-05,0.11983235
0.010234004,0.16472086,0.008908227,0.25293005,0.06091001,0.046937227,0.0023062702,0.093281895,0.14070767,8.568491e-05,0.21897808
1.2480967e-06,2.0038397e-06,0.021194894,0.90693134,0.010977107,8.254598e-08,2.9347217e-05,0.0017461895,0.0030559343,0.047233563,0.008828288
0.101766616,0.115208,0.15844645,0.06604034,0.0071961284,0.0013908687,0.07414694,0.002010503,0.23993851,0.22929114,0.0045645228
0.029136777,5.0668596e-06,0.0030850961,0.0024916404,0.00020191405,0.00045128292,0.5448061,0.0019418886,0.17827837,0.23919466,0.0004072001
0.0146304555,2.237056e-07,0.0002060808,0.0025292372,0.00071331905,5.108378e-05,0.5454053,0.021557223,0.17279772,0.23919156,0.0029178094
1.836619e-05,1.751347e-05,2.4649768e-05,0.0075680143,0.18734653,0.011982492,1.4345033e-05,0.6007652,0.0016686675,0.038316455,0.15227771
1.0735764e-05,1.9265422e-05,0.00010223641,0.0033254307,0.005200905,0.0823711,0.000116930496,0.85452807,0.00067126506,0.02828067,0.02537331
7.328384e-05,2.9580756e-06,1.5304351e-05,2.8580813e-05,0.00012736874,0.48817825,0.033859443,0.45198226,0.0009009801,0.01799104,0.0068405466
0.00065832207,0.00024202136,2.7409926e-05,1.0488777e-05,2.2203627e-05,0.71341074,0.033739075,0.10922284,0.0037147515,0.06605519,0.07289692
0.0006902866,1.8320849e-06,4.027695e-05,3.5117469e-06,1.7493508e-06,0.59948236,0.23490989,0.102278,0.013119732,0.048829254,0.00064309826
0.00013255182,7.191333e-06,0.0013453835,0.00016152939,1.789998e-05,0.72608197,0.17209563,0.091420926,0.0007258903,0.0073735407,0.0006374156
0.00062818534,0.006600956,0.12830877,0.090587325,0.004779404,0.15855423,0.17697756,0.19148394,0.004677318,0.23608886,0.0013134872
0.32683668,0.0020018264,0.14664038,0.08537586,0.0817022,0.038289018,0.10765191,0.17537968,0.021688329,0.0136927,0.0007413795
0.002400458,9.266772e-06,0.10112276,0.03882218,0.53854865,0.00994534,0.05336422,0.15522002,0.089359075,0.010816359,0.00039163558
0.0016753417,0.0003139674,0.2656326,0.09456861,0.13736007,0.017485246,0.061792225,0.20126958,0.09116626,0.11098276,0.017753333
0.0033996599,0.268557,0.4860922,0.12060164,0.014070217,0.0004718929,0.047936108,0.0007111841,0.03586409,0.01855684,0.0037391586
0.1683246,0.2172559,0.18811029,0.039891135,0.00036752413,8.0566504e-05,0.33905077,1.9938263e-05,0.014636011,0.028413318,0.0038499774
0.0002800024,0.6112274,0.30845612,0.034640122,3.479057e-05,2.0655552e-05,0.0060710507,8.9292945e-07,0.004010104,0.019086236,0.01617258
0.0023825343,0.7675401,0.17238948,0.009983961,0.00010990241,1.4111232e-05,0.013618428,1.1253874e-06,0.008788892,0.009367814,0.015803615
0.069681235,0.6213852,0.1036644,0.002127109,0.0019036822,4.989586e-05,0.09630434,6.2079994e-07,0.020989561,0.010609312,0.07328472
0.4014784,0.26432243,0.021311324,0.00019482523,0.0015774714,1.9574898e-06,0.24431978,1.4965548e-07,0.060098566,0.0047822585,0.0019128204
0.61070365,0.13738744,0.08259746,0.017522188,0.03532319,1.9525536e-05,0.06690753,2.6585449e-05,0.045554303,0.0022955055,0.0016626522
0.6391667,0.09114325,0.124282256,0.0034052003,0.020671612,2.4899475e-05,0.08470302,2.3626837e-06,0.03547758,0.00068025175,0.0004428355
0.66743183,0.00088419195,1.7055881e-05,9.001941e-07,0.0009425673,0.00043168908,0.07441617,0.00012824064,0.11296636,0.14196613,0.00081489026
0.6104229,0.0022606417,0.0003998029,4.370738e-06,0.00050524727,0.001238218,0.26051506,0.00023469856,0.11772935,0.0032778461,0.0034118374
0.36985892,0.0014903143,0.004258922,0.00021793546,0.007995174,0.02283535,0.25669366,0.01028008,0.2539907,0.00010470004,0.07227427
0.022900853,0.00043617203,0.018395597,0.5083213,0.042609114,0.07973674,0.010523652,0.10244571,0.11451468,1.2439569e-05,0.10010374
0.0051675,0.0016976334,0.021597123,0.1959694,0.06036159,0.05855825,0.00079988444,0.4858594,0.03967775,2.5331845e-05,0.13028622
0.00012832053,4.8366255e-06,0.026215056,0.36870274,8.525022e-05,0.016655313,0.010096975,0.025271336,0.003757574,0.48528233,0.06380024
0.029226579,0.00015293751,0.0038306778,0.011830029,3.4409306e-05,0.0014429942,0.3845446,0.0027987175,0.13221778,0.43352762,0.00039369578
0.014858363,3.0600295e-06,0.0004741987,0.0043643913,1.4297786e-05,0.078908354,0.3207309,0.040236857,0.19870448,0.34113243,0.0005726892
0.0016647921,9.939713e-08,0.00066717423,0.0377121,0.0005866605,0.029059764,0.022950394,0.105202615,0.12310509,0.60998815,0.069063194
0.00010837482,6.007939e-08,0.00011021391,0.008038647,0.00763619,0.031694893,0.00042025768,0.6130331,0.09760836,0.211477,0.029872868
1.2309645e-05,0.00032561473,3.4282617e-05,0.008220224,0.21276167,0.0041967537,6.6229745e-06,0.51317114,0.0047376207,0.05709858,0.19943514
0.0008132966,9.504239e-08,1.6541961e-06,0.0005562988,0.03220746,0.016152212,9.307923e-06,0.94012856,0.0022234556,0.0011444459,0.006763199
4.7523237e-05,3.325429e-07,2.111788e-06,4.3207372e-05,0.00084880856,0.40644962,0.017511914,0.5623305,0.0020288154,0.004865328,0.0058718324
0.0003104544,2.7916973e-05,4.332149e-06,4.723918e-06,6.45881e-05,0.75631154,0.005702439,0.23541157,0.0006692032,8.6776585e-05,0.0014064386
0.0006851953,1.0224567e-06,5.7659868e-06,1.9431402e-06,5.5483347e-06,0.84627056,0.07068592,0.08092868,0.000564468,0.00026708754,0.00058382354
0.00076232513,6.652985e-06,9.737727e-05,9.971748e-06,2.2474165e-05,0.69352615,0.14339378,0.16064824,0.00052531494,0.00081098394,0.00019667236
0.00011102702,5.0837614e-05,0.0029401805,0.0004943043,0.0001830831,0.62604165,0.23710772,0.12245915,0.0025788615,0.00757945,0.00045374827
0.009864956,0.0036488315,0.29419932,0.043327905,0.024471479,0.09031591,0.2331908,0.19983643,0.084083036,0.012065352,0.0049959808
0.0015764835,5.4316402e-05,0.1970945,0.05125574,0.09751058,0.023333875,0.08528738,0.44572043,0.055839863,0.041427374,0.00089947693
0.0012546029,0.00011486992,0.19015375,0.062267527,0.2171545,0.0059264125,0.043647878,0.3441028,0.076294646,0.05833246,0.00075062877
0.010922751,0.010188045,0.25743157,0.075442426,0.07896429,0.06519972,0.050606325,0.015787574,0.23668739,0.19838257,0.0003873046
0.013233171,0.2833194,0.25713664,0.06358926,0.0037316505,0.016511364,0.04571747,0.0003462396,0.0150394,0.2785492,0.02282622
0.13182071,0.56298995,0.18115105,0.026865257,0.033463012,2.2587205e-05,0.008531506,4.1523263e-06,0.0045814607,0.046731435,0.0038388935
0.00032022715,0.6740074,0.19523054,0.012355727,3.5620134e-05,6.575698e-05,0.006261856,4.573201e-06,0.0020665813,0.10190283,0.0077488944
0.0075363107,0.68147624,0.14040999,0.02653383,0.00010840135,2.495914e-05,0.020920705,1.2905366e-06,0.0064403103,0.09617214,0.020375865
0.22217394,0.27909666,0.07264239,0.0061789863,0.21759224,0.000113423244,0.09698303,6.0643895e-05,0.07447236,0.018486913,0.012199409
0.8309206,0.09387535,0.005417537,2.3685048e-05,0.00831349,5.0078364e-07,0.0491225,9.4683124e-08,0.009270461,0.0016493762,0.0014064325
0.9454651,0.0031735788,7.667233e-05,2.4578893e-07,0.0009296709,6.7082743e-07,0.035534304,1.3788535e-07,0.014079153,0.00056815153,0.00017239747
0.5841001,0.053668704,0.00048822313,4.8013946e-05,0.00085020013,8.464279e-05,0.042598307,1.4793292e-05,0.13507442,0.18301518,5.740094e-05
0.5965408,0.002324403,1.5720649e-05,5.557244e-07,0.00029733268,0.00014491871,0.06302985,3.1659092e-05,0.18906909,0.14694342,0.0016022237
0.77858305,2.9239945e-05,4.2059663e-05,3.0411877e-06,0.0010522103,0.003663584,0.10769224,0.00091205846,0.10545556,0.0002793465,0.002287599
0.07261081,0.000154946,0.006170177,0.0072649727,0.013594027,0.19756769,0.09207517,0.09543162,0.43643713,7.5908945e-05,0.07861756
0.008285088,7.9908095e-05,0.034006782,0.5009407,0.02558404,0.048981443,0.008476812,0.124829225,0.12928075,2.9851968e-05,0.119505376
0.007924713,1.6018903e-05,0.056854438,0.06338382,0.0015578865,0.00035574494,0.3468428,0.010873267,0.2127986,0.08971581,0.20967689
0.4662279,1.883002e-05,0.028388094,0.13750374,0.00040790497,9.530334e-06,0.11575962,0.00042709537,0.001624117,0.24887913,0.0007540412
0.001694221,4.4454137e-05,0.017619126,0.091676444,3.1304046e-06,0.000554616,0.53613055,0.0010645774,0.0051298905,0.3456763,0.00040666893
0.0025411109,0.03668251,0.12632625,0.1659308,5.119367e-06,1.3116274e-05,0.12690057,0.0003753817,0.05027388,0.489949,0.00100231
0.0025827826,8.774338e-06,0.003865037,0.15517403,0.00011565491,2.1642883e-05,0.03926094,0.0028458457,0.09274527,0.6956079,0.0077721695
0.0026879392,1.3679055e-07,1.2330341e-05,0.0039623156,0.10174444,0.0012930222,7.136293e-06,0.78143406,0.0073979297,0.034264192,0.067196414
1.7372846e-05,8.570043e-05,6.882634e-05,0.017892629,0.17532787,0.0038960367,2.7722829e-06,0.58047926,0.0034108022,0.06997054,0.14884815
0.00088611763,5.8310692e-05,1.1247943e-06,0.00014546448,0.0076858234,0.0975966,3.7687234e-05,0.8397443,0.014733022,0.0073027154,0.031808767
0.0007136758,4.79478e-06,9.870298e-07,6.661891e-06,0.00029853082,0.465603,0.011155654,0.4796583,0.0013883343,0.017719524,0.023450535
0.02498594,1.7104924e-06,5.1735706e-06,3.482701e-05,0.00017929418,0.8096272,0.019308845,0.13620958,0.0008231028,2.6192474e-05,0.008798182
0.0007079966,3.6005047e-05,2.6409612e-05,4.869442e-06,1.446336e-05,0.6779038,0.105529234,0.1060555,0.006627268,0.10191012,0.001184383
0.00046374323,0.00013427573,0.0005355423,9.003832e-05,0.0001358906,0.6204902,0.15443453,0.13083309,0.0054853777,0.08537444,0.0020228303
0.0005236123,2.3303532e-05,0.09740619,0.021717194,0.004479144,0.41079408,0.16206731,0.26291713,0.018973108,0.020484779,0.0006141751
0.009444256,0.099039435,0.09195136,0.034984075,0.07439253,0.04623045,0.11946554,0.14693694,0.18926397,0.18795724,0.0003342469
0.0048396033,5.867304e-05,0.081435904,0.028634924,0.5018153,0.004062337,0.07388979,0.10229136,0.15110302,0.051513165,0.00035584194
0.13097668,0.006798911,0.16344778,0.061165523,0.11854831,0.0013089654,0.09014329,0.0107105505,0.22178692,0.19498003,0.0001330465
0.0012905657,0.01855566,0.41486067,0.16791505,0.053868562,0.045226693,0.017929338,0.13171445,0.06719457,0.07871549,0.002728997
0.0003134186,0.2672169,0.43553323,0.09801188,0.001155218,0.00013537492,0.012860227,6.2735075e-05,0.0101015745,0.17276439,0.001845065
0.06110168,0.5961302,0.16482565,0.017855838,0.0059940508,1.4011986e-05,0.036226925,1.515875e-06,0.006139102,0.08365536,0.028055664
0.0010274057,0.41376927,0.30856058,0.040848784,6.9755566e-05,0.006497086,0.064284734,0.00066696596,0.0022822896,0.15939051,0.0026025902
0.22634946,0.5777361,0.10023858,0.0023776502,0.0023945477,1.5508614e-06,0.06117937,7.553743e-08,0.0068644565,0.019015288,0.0038429368
0.36823583,0.2735079,0.018856952,0.0003381366,0.0014981477,2.0646516e-05,0.075997755,5.193959e-06,0.13632488,0.122030295,0.003184258
0.48698914,0.06702056,0.122957565,0.006350529,0.012167671,0.0001261352,0.15403132,1.0161631e-05,0.08375804,0.0013102588,0.065278694
0.9206929,0.0032523307,0.0034431475,4.4826327e-05,0.006514793,7.023984e-08,0.059075385,4.090726e-08,0.0062080394,0.0006122523,0.00015617468
0.66897357,0.0037821415,1.5806481e-05,7.3661727e-07,0.000120891986,2.8494509e-05,0.042514972,1.1722983e-05,0.16538297,0.11914912,1.957075e-05
0.50637305,0.13105448,0.013917673,0.00043857816,0.0012978859,8.941472e-06,0.0971318,1.3781231e-05,0.18002102,0.051187996,0.01855484
0.52035564,0.010750895,0.017381383,0.00060657447,0.0016482674,0.0002145472,0.28751272,0.00197177,0.15814875,0.00038212765,0.0010273011
0.023460317,3.793163e-05,0.006905585,0.030630607,0.023252826,0.00341535,0.021152375,0.074248426,0.6007043,0.1515287,0.064663544
0.0012939455,1.9701996e-05,0.00773097,0.574115,0.04073087,0.0011445251,0.0005224289,0.07259502,0.1622699,0.00020042152,0.1393772
0.00030711357,0.00019003132,0.18642479,0.12498404,0.017616387,0.0025422892,0.18425338,0.22018549,0.00039529116,0.25067243,0.012428799
0.34848493,1.4881639e-05,0.026403168,0.0821441,0.00041362827,4.1344032e-05,0.28217876,0.00069571176,0.00031382142,0.25745532,0.0018543184
0.00012618188,0.0006564375,0.22244392,0.10777444,1.0150733e-05,0.008517966,0.38355982,0.0052764127,0.0003496233,0.26769343,0.00359157
0.000119026816,0.03387811,0.00048318133,0.43911347,0.075025484,0.0005923982,5.381732e-06,0.11529265,0.01765095,0.036637682,0.2812017
0.00021018148,0.00020599975,3.3626988e-05,0.0054029003,0.19583312,0.01024622,4.680036e-06,0.47951874,0.012866243,0.033985473,0.2616928
0.00012233741,4.647542e-06,2.5993008e-06,0.0008643896,0.12617931,0.02193284,1.8708548e-05,0.5490037,0.013903706,0.0036369425,0.28433084
0.00051668275,1.3408105e-06,2.2257145e-06,5.6017627e-05,0.003262811,0.43773636,0.006491305,0.5229779,0.0039640605,0.008222665,0.016768623
0.0014403727,4.263791e-06,1.8621787e-06,3.0208687e-06,0.00013728807,0.80388796,0.019052353,0.17311816,0.00078241725,4.4437616e-05,0.0015278072
0.003749589,1.0744189e-05,8.660875e-06,1.7629238e-06,3.4297285e-05,0.78021455,0.09700169,0.11685246,0.0012545005,8.644503e-05,0.00078533206
0.0009556442,4.341968e-06,4.1379375e-05,4.4576923e-06,1.8034942e-05,0.7344463,0.16408107,0.09685811,0.0017600649,0.0005954785,0.0012350836
0.0011306213,3.1720225e-05,0.0017103537,0.00037100847,0.0009973045,0.4676561,0.26262206,0.21063223,0.022163609,0.031491395,0.0011936165
0.010897885,0.00036941023,0.012875051,0.0049310178,0.16428499,0.05480323,0.14259739,0.13613603,0.26922303,0.20371307,0.0001688477
0.0037274458,6.3973166e-05,0.24356908,0.079019725,0.101223394,0.028664008,0.15412095,0.19685674,0.13739726,0.05491462,0.00044283678
0.10653878,8.974679e-05,0.072967485,0.021342315,0.42987448,0.00059215375,0.20647773,0.012533222,0.10503843,0.044478063,6.758746e-05
0.09324808,0.011416553,0.14824587,0.05253244,0.11625817,0.0018888288,0.1318889,0.0017226547,0.2444545,0.19828442,5.9593298e-05
0.0026512323,0.11066496,0.5456936,0.09914544,0.0143916905,0.00035248572,0.020601932,0.00033776846,0.04830787,0.1576859,0.0001671116
0.0006862141,0.5532895,0.18296452,0.03249813,0.00087755756,3.5964807e-05,0.00634031,7.949735e-06,0.047481395,0.16807707,0.0077414084
0.0004837413,0.56281585,0.17531356,0.035705023,0.0003119258,0.00016354038,0.004157427,1.7352184e-05,0.003216595,0.20161742,0.016197553
0.07923774,0.606465,0.073889226,0.004878831,0.039752875,2.0899457e-05,0.022764003,1.5641741e-06,0.017099475,0.11868417,0.037206218
0.121797934,0.76119345,0.03201548,0.0066222125,0.008687189,7.503416e-06,0.047119346,2.308159e-06,0.006642823,0.010567327,0.0053444244
0.49535176,0.13205847,0.009166942,0.0001084188,0.0034776137,2.5601548e-05,0.057524662,6.000359e-06,0.13681123,0.16415367,0.0013156645
0.9248394,0.007161978,0.00042995965,1.471904e-06,0.011474007,3.0355352e-06,0.053260915,5.1910035e-07,0.0012843818,0.00041942068,0.0011249528
0.77891755,0.02677503,0.059066594,0.0034633519,0.047922403,4.3104532e-07,0.07383677,6.8989016e-07,0.007721507,0.00079598726,0.0014996526
0.848968,2.5995014e-05,0.0016088573,0.00044458508,0.0045376197,1.1960621e-07,0.11645134,3.5950046e-07,0.026782306,0.0011500419,3.0728166e-05
0.5132445,3.0059056e-05,6.563775e-05,6.045721e-06,0.00029569538,0.00074601016,0.27329022,0.01240562,0.19705892,0.0027832391,7.4047806e-05
0.15558515,1.6741502e-05,0.0018563415,0.0034501348,0.014675166,3.531175e-05,0.07877281,0.005554502,0.734019,0.0037444774,0.0022903394
0.007885975,8.336268e-06,0.010336573,0.07684629,0.055727094,0.00060668134,0.006381308,0.49934965,0.27084786,0.0016195485,0.07039067
0.0003110626,2.5967993e-05,0.008401824,0.45902503,0.093438506,9.9070785e-06,1.48862255e-05,0.028693415,0.18226711,0.004592012,0.22322032
0.0011015639,0.0015325451,0.00030739018,0.008392263,0.2990443,0.005758667,9.3484865e-05,0.046789516,0.056233592,0.20568195,0.37506473
0.0025334004,0.0026128204,0.09897464,0.20047452,0.03103249,0.004091815,0.0029328978,0.030615568,0.22430503,0.117555894,0.28487092
1.3034311e-05,0.00082378415,0.13082527,0.1872163,2.21388e-05,0.12055961,0.034621626,0.014979951,1.2827888e-05,0.4477229,0.063202575
0.32844356,0.00015381185,0.07257517,0.14722176,0.04098171,0.00078454893,0.17737636,0.016082924,0.0020235504,0.18974388,0.024612766
2.5940979e-05,4.8396243e-05,0.040593624,0.23222634,2.4153858e-06,0.0003647834,0.113195024,0.0029250882,7.258612e-05,0.6031835,0.0073623033
0.00010719277,0.00018148877,0.051818393,0.3448552,1.804139e-05,0.020754319,0.072448164,0.040950336,0.00021957686,0.38909593,0.079551354
0.0006495723,0.00035218426,0.00012024988,0.01405391,0.12924974,0.0010286383,0.003589007,0.4677692,0.070097566,0.050441783,0.26264814
6.470967e-05,0.0002079575,3.846184e-05,0.014608355,0.30629128,0.006762792,6.4580996e-07,0.3147288,0.0052301376,0.02171849,0.33034834
0.00012580003,2.519678e-05,1.6963446e-05,0.0026879485,0.13338698,0.016437357,5.5664423e-06,0.49851483,0.025427513,0.010435094,0.31293678
0.0007511496,3.4482775e-05,1.5914204e-05,0.0010064167,0.07178316,0.11258149,0.00019843763,0.60685503,0.021287164,0.027211823,0.15827489
0.003097294,1.549747e-05,1.3647685e-05,3.0877894e-05,0.0020333482,0.6839671,0.018270008,0.2765705,0.00229909,0.00036238716,0.013340269
0.0017669079,1.1005519e-05,1.2072683e-05,5.266451e-06,0.0001871086,0.8179184,0.039104417,0.13812818,0.0013844463,0.00014194494,0.0013402308
0.004410296,1.9203359e-05,8.254543e-05,9.089266e-06,0.000117356045,0.6556797,0.15035303,0.18599087,0.0011842141,0.0006572887,0.0014963835
0.0019760872,0.006241621,0.015532462,0.002528861,0.0003338741,0.5358036,0.18316628,0.11824362,0.003391995,0.10509164,0.027689988
0.007201278,7.0905844e-05,0.0055901054,0.0015399888,0.008110985,0.27431327,0.36307746,0.25542593,0.049310986,0.03146424,0.0038949181
0.007916136,3.2393415e-05,0.024679394,0.011332337,0.08158226,0.046907667,0.21192855,0.24159291,0.17687775,0.19697918,0.00017142655
0.014946942,7.4197615e-06,0.03812373,0.014974073,0.62307435,0.00044151506,0.0963254,0.018758202,0.15691258,0.036408663,2.7105156e-05
0.011682758,0.00016623392,0.06354765,0.021048917,0.6458599,0.00020705935,0.082843244,0.0041228617,0.11640317,0.054110162,8.073835e-06
0.16375796,0.016241828,0.16108134,0.049154088,0.08686233,0.0012125606,0.0919712,0.0015880724,0.13748221,0.29059947,4.8960093e-05
0.0045831385,0.42450225,0.15457414,0.021567876,0.0069716373,0.00049964525,0.015905235,4.035098e-05,0.029557941,0.34153855,0.00025921038
0.00057096954,0.45303807,0.31639096,0.05293355,0.0007408154,4.282862e-05,0.0077059534,8.844284e-06,0.0023079757,0.16250566,0.0037543648
0.03315997,0.63425124,0.08386237,0.0064044553,0.030090986,3.839655e-05,0.0106579885,3.5169726e-06,0.009783987,0.14379995,0.047947183
0.058205497,0.35183507,0.057233907,0.0033444134,0.00244539,0.13376904,0.37347046,0.0023767443,0.0020828012,0.013701997,0.0015346613
0.56963,0.20308585,0.01437674,0.00022887936,0.005254563,0.037094217,0.14720769,0.0079393955,0.002270148,0.01174181,0.0011706443
0.5349323,0.13608342,0.058461208,0.0011651845,0.009079696,1.4335175e-05,0.13477802,3.0168334e-07,0.074628286,0.00078490993,0.0500723
0.9215915,0.007732868,0.0035634518,1.2820831e-05,0.0014523487,5.9015328e-08,0.06320976,3.1167293e-08,0.0019026013,0.00032821778,0.00020629544
0.96355915,0.00014353562,1.6892858e-06,1.0723259e-08,0.0009282947,3.6338894e-05,0.024824042,9.101092e-06,0.00941883,0.00092636596,0.00015268134
0.5707326,0.0008685443,6.3404714e-06,2.781612e-07,0.0009546376,3.285676e-05,0.03121907,7.933438e-06,0.21668532,0.17929892,0.00019355837
0.401161,0.00010116195,0.0014934929,0.0001429249,0.0030638212,9.536901e-07,0.39190555,5.5112087e-05,0.1595422,0.04105389,0.0014799254
0.020711832,0.0016532742,0.05247137,0.22290426,0.03358173,8.290407e-06,0.010113512,0.0032121327,0.40285742,0.22887167,0.023614492
0.00094205054,1.0401509e-05,0.00680535,0.11558552,0.03736983,7.213501e-05,0.00043716474,0.47405297,0.25582024,0.005641317,0.10326302
4.6906327e-05,0.013621608,0.00013556304,0.008356818,0.377814,5.221875e-06,7.333458e-08,0.0005776195,0.031793777,0.096176565,0.47147182
1.1848392e-06,0.015534056,0.5213974,0.2647421,6.282738e-06,0.0018934658,0.020095961,0.012641666,2.0226824e-05,0.117954925,0.045712724
1.8464004e-06,0.00050020055,0.24184912,0.1863231,3.085149e-06,0.0010691498,0.34383217,0.00964547,1.0291608e-05,0.15109228,0.06567331
4.4312924e-06,0.00037114345,0.08345149,0.29369307,7.829064e-06,0.17380641,0.012954683,0.1428388,4.0706065e-05,0.19899966,0.09383173
4.4993536e-05,0.00015076452,0.0012204803,0.14930378,0.064115144,0.0009851935,3.747035e-06,0.11529769,0.0016217104,0.4829615,0.184295
4.4324584e-05,0.00033169414,6.256558e-05,0.017474314,0.33239388,0.0030852193,4.9082905e-07,0.21611473,0.0032303073,0.07777183,0.34949064
0.00032367246,0.00027303083,1.0936754e-05,0.002021816,0.13937801,0.021033436,2.4256055e-06,0.44176644,0.053249806,0.047112487,0.294828
0.00059944054,0.0011213461,0.1427087,0.019320197,0.028811555,0.14723983,0.19874734,0.32788125,0.007537096,0.0254029,0.10063034
0.0014421076,1.4853409e-05,2.8239294e-05,9.04429e-05,0.0048231166,0.22303903,0.003970567,0.6935652,0.011645015,0.0076750945,0.05370638
0.0022978473,2.6915452e-05,6.9538335e-05,2.804654e-05,0.00067081663,0.7152319,0.083773,0.18442874,0.0020401075,0.0019761121,0.009456916
0.002515489,0.00013344118,0.014283901,0.0071958303,0.0005611049,0.5469305,0.116479665,0.18582407,0.0020924741,0.12173445,0.002249111
0.017076505,8.8532135e-05,0.0012153337,0.00011542055,0.00072245405,0.6444782,0.14609852,0.11562378,0.008367403,0.007592283,0.058621537
0.002725336,0.0032310218,0.08577512,0.017312026,0.007578713,0.321641,0.3609325,0.18253249,0.006541413,0.01093133,0.0007990202
0.0049922434,1.1277066e-05,0.03064838,0.011704531,0.054615486,0.117320806,0.24231976,0.27473992,0.07284258,0.19057752,0.00022753267
0.00863095,6.726709e-06,0.04135068,0.011980016,0.6012889,0.0016039464,0.13184696,0.04528216,0.1357727,0.022178043,5.895748e-05
0.1522575,0.0025169093,0.053569525,0.020948175,0.21985817,0.0002155486,0.104856916,0.008409455,0.26537,0.17197488,2.2943e-05
0.019100636,0.0012017476,0.2178704,0.054834746,0.14385483,0.0048326165,0.1053708,0.34016824,0.06302448,0.049549796,0.00019168065
0.015807997,0.11056445,0.3701598,0.10182534,0.03813495,0.0006570056,0.06855557,0.00039923005,0.046753444,0.24699995,0.00014228764
0.008930517,0.4602931,0.275818,0.04145043,0.0038456302,0.00084463716,0.03741608,0.0004553619,0.020860251,0.14952496,0.0005610108
0.002500712,0.7709414,0.10388361,0.010987117,0.0006962806,6.971198e-05,0.0100667225,6.868056e-06,0.0034244803,0.074770376,0.022652712
0.049501188,0.5297427,0.21109653,0.035406273,0.004322833,0.01429132,0.018682351,0.0052054813,0.004528356,0.11899647,0.008226449
0.19209296,0.42352828,0.022169089,0.00109606,0.012561593,0.00054965285,0.023469443,9.394519e-06,0.1287368,0.19440217,0.0013845514
0.6768216,0.26217812,0.006344377,4.700327e-05,0.011613805,3.919404e-06,0.034407683,5.4410305e-07,0.0073256623,0.00092588575,0.0003314076
0.93634796,0.0031628124,0.00017153558,5.8829655e-06,0.007499597,1.9991649e-05,0.049173795,8.976124e-05,0.0030126316,0.0002921161,0.00022393739
0.51739013,0.07341309,0.0917248,0.028644161,0.00047741353,2.3509167e-05,0.047479052,2.2556274e-05,0.23418303,0.006431328,0.0002108909
0.6336009,0.008482577,0.00015263584,2.0087507e-05,0.0014530388,1.7457558e-05,0.017474737,7.115331e-06,0.17386524,0.16481696,0.00010931467
0.4468904,0.0011394076,3.1579053e-05,1.9004348e-05,0.02066637,4.5695793e-05,0.011868648,4.1748386e-05,0.29587007,0.22300601,0.0004210595
0.16882633,0.00029600598,0.003584757,0.007676158,0.060288474,0.019859359,0.015773691,0.2547392,0.26094761,0.17532825,0.03268017
0.0045161126,0.04259378,0.01369372,0.046169605,0.06824979,3.9650866e-05,0.0006662066,0.0034348317,0.4314523,0.21124126,0.17794275
0.000534166,0.0009355247,0.0065860962,0.1432363,0.41931865,4.7756388e-05,0.00012208072,0.009739632,0.21538293,0.029438185,0.17465869
5.068584e-07,2.9537574e-08,2.1452795e-20,2.2291217e-14,0.3013279,1.2753798e-15,1.0844533e-18,1.3239902e-12,0.21181244,0.28044918,0.20640995
0.021293277,0.02127642,0.36625814,0.34147465,0.00019165939,0.0032002558,0.009498844,0.014458017,0.05564094,0.16313948,0.0035682824
8.416389e-07,0.014742087,0.41527808,0.36200464,7.736535e-06,0.0014553498,0.005578994,0.015586912,0.00021150935,0.17245077,0.012683108
1.730366e-05,0.00086583593,0.10039863,0.20047453,6.243788e-05,0.114504814,0.028802544,0.053540412,8.7077155e-05,0.40397042,0.09727599
0.00056794967,0.0034430297,0.02706971,0.5434814,0.0009897007,0.000784202,0.00077086576,0.05929396,0.00074016274,0.1898362,0.17302276
9.808073e-05,0.00012443242,0.00011228766,0.009925598,0.14553532,0.0016449657,3.1642187e-06,0.63777757,0.006090327,0.052229863,0.14645843
5.1354073e-05,0.0007167175,3.1853786e-05,0.005816401,0.30599555,0.0062265224,5.375489e-07,0.29072618,0.007063729,0.08748451,0.29588664
5.1930754e-05,5.845357e-05,6.9832076e-06,0.0016526117,0.20290253,0.0105303675,1.7487117e-06,0.41241005,0.006974199,0.06227726,0.30313388
0.0006373491,0.00084537774,5.425392e-06,0.0003918904,0.14710963,0.06208955,3.2291962e-05,0.3842234,0.060756136,0.08804164,0.2558673
0.0007500778,3.791769e-05,1.2889143e-05,8.9018e-05,0.005563302,0.4478493,0.021654045,0.4151569,0.0040451977,0.067317024,0.03752429
0.0030518204,0.00038513308,0.025100164,0.008882134,0.088404484,0.27117565,0.039748885,0.20701429,0.15740727,0.14436224,0.054467894
0.036107644,7.649178e-05,0.00031357983,4.1592953e-05,0.00087799306,0.5614994,0.100867495,0.28365594,0.003614793,0.008245153,0.004699883
0.0006742553,0.000119399,0.016016813,0.0028056507,0.0005465951,0.5026277,0.22020175,0.16649687,0.021936117,0.011351725,0.057223156
0.0010048968,0.00011016587,0.033672743,0.004886218,0.0053402097,0.60923135,0.14794555,0.18790273,0.0015129893,0.007467562,0.00092554855
0.0025657243,6.933036e-05,0.13634396,0.038999043,0.077944055,0.0630698,0.15616806,0.46662265,0.0070169484,0.04890286,0.0022975286
0.02747277,2.231318e-05,0.1324458,0.032327503,0.3021313,0.0100072725,0.3052652,0.1269691,0.048101004,0.014489347,0.0007684487
0.053749565,3.823953e-05,0.10807007,0.02867398,0.43910664,0.0021763323,0.24139431,0.03038112,0.070779674,0.024873396,0.00075669016
0.2743534,0.00019967067,0.11753293,0.034930445,0.18476427,0.0001539221,0.32400852,0.0029570588,0.05135876,0.009714985,2.602776e-05
0.02520176,0.015246222,0.16403127,0.048113883,0.10121766,0.026092002,0.092562184,0.058364816,0.16183358,0.25323644,0.05410015
0.29993045,0.26532722,0.18132557,0.01769796,0.0051341257,0.043756295,0.05584253,0.047798313,0.016541436,0.06651,0.00013609686
0.005044757,0.5379209,0.2246942,0.026062319,0.0013453412,0.00043591124,0.018705567,3.9901308e-05,0.0052371616,0.17719711,0.0033167824
0.019673463,0.73993564,0.15589654,0.022392953,0.0009195438,3.1897627e-05,0.02040367,1.0045943e-05,0.004338645,0.03412634,0.002271263
0.15579212,0.57440305,0.151254,0.030824289,0.026498605,0.00021378146,0.029899715,0.00010494237,0.011251932,0.0027502575,0.017007243
0.8122673,0.13198906,0.009933564,0.00010641278,0.01911931,1.0294957e-06,0.02513019,2.567124e-07,0.00093541027,0.0002266472,0.00029078484
0.87452495,0.07843192,0.0019277099,8.680148e-05,0.023434687,4.045216e-07,0.020626022,1.3788471e-07,0.0005736148,0.00016999108,0.00022375493
0.9380302,0.00074870815,1.1718037e-05,7.763877e-08,0.0016575127,0.01726943,0.031089073,0.0037413274,0.0046862355,0.0023116008,0.00045409027
0.9672146,0.0002054918,1.7690238e-06,1.4815551e-08,0.002698041,8.688113e-06,0.021290958,4.588909e-06,0.006617529,0.0016328681,0.00032559037
0.93189573,3.7621714e-05,1.3345855e-06,8.268985e-09,0.0050929594,1.6667019e-06,0.010817406,2.5700188e-06,0.04583435,0.005967644,0.00034864384
0.777369,0.00015789142,1.264781e-06,4.6171215e-07,0.008359995,6.218268e-06,0.003009677,2.569563e-05,0.19287418,0.011009063,0.0071865865
0.024541996,0.00030210149,0.00011925504,0.0019402159,0.12707046,0.00014231094,0.005220216,0.0054054568,0.5612421,0.00476594,0.26924992
0.00041947194,0.0007362745,0.007484182,0.30253574,0.20494609,0.00065855286,5.0892777e-06,0.024006931,0.29723856,0.0030045074,0.15896462
7.7850876e-07,2.1614586e-08,2.9049042e-21,3.34623e-15,0.2764185,1.1329944e-15,8.794848e-19,1.1655862e-12,0.22005278,0.32629365,0.17723432
3.0355288e-06,0.0019894242,0.567522,0.26562798,5.282073e-05,0.0031975918,0.034076817,0.028788695,0.0017299657,0.09281419,0.0041974825
0.0002773782,0.051125288,0.40233576,0.2841609,0.00016161129,0.002095486,0.06697287,0.04591646,0.0022821478,0.124987334,0.019684756
0.00012638923,3.4406774e-05,9.681587e-05,0.012227054,0.079118624,0.00048768762,1.7221142e-05,0.12912752,0.24385077,0.3067087,0.22820485
0.00011981805,0.00019915168,0.0012467286,0.40818796,0.092601664,0.0049487753,3.0138378e-06,0.26696554,0.009455289,0.024858385,0.19141367
0.0003572259,0.0006763719,0.009253295,0.0913206,0.14519611,0.0050002853,5.4084077e-05,0.56381106,0.0052543986,0.02724194,0.1518346
0.0007575869,5.5436038e-05,2.0724615e-06,0.000131442,0.032944985,0.066618055,3.2523538e-05,0.78115684,0.00656763,0.04578225,0.06595118
0.0004980973,2.5119381e-05,2.9810187e-06,3.8062346e-05,0.011588395,0.18731217,0.00051587424,0.24839912,0.0027219583,0.51874834,0.030149885
0.0017699162,2.828204e-05,1.2669676e-05,1.4452958e-05,0.00046045447,0.53109175,0.023372704,0.21739812,0.0039390465,0.21398288,0.007929762
0.0008727445,4.0328323e-05,6.578121e-05,2.0233409e-05,0.000103495215,0.74134123,0.055263326,0.1579856,0.0011756902,0.039730504,0.0034010618
0.00024487707,0.00025806366,0.002289759,0.00051079155,0.00044612083,0.57541597,0.080896035,0.1508663,0.0010002005,0.18685818,0.0012136622
0.00025297195,0.0018926929,0.19646583,0.011788294,0.0014424197,0.49705806,0.10284679,0.1436854,0.0012021189,0.04045504,0.0029104422
0.0004243216,0.013805435,0.40450186,0.107020244,0.033071395,0.08974707,0.068217814,0.120927475,0.0033578975,0.15801294,0.0009135209
0.20999299,0.0007240712,0.2345561,0.04605717,0.3657519,0.008029499,0.06851614,0.0404512,0.014489563,0.011200272,0.00023106484
0.003975088,0.0007285247,0.20051388,0.05425918,0.66513324,0.00017607985,0.025363488,0.006581014,0.037629053,0.0055518635,8.8592285e-05
0.28272334,0.0053135827,0.20102449,0.049855024,0.37264124,3.6272817e-05,0.03890621,0.0005655305,0.038976215,0.009426051,0.00053209695
0.19595978,0.038071282,0.20493415,0.046796065,0.42673373,8.0795406e-05,0.04896768,0.00021275037,0.027196871,0.010188998,0.000857862
0.11387248,0.14469673,0.19648902,0.03305336,0.028926767,0.21871981,0.052086882,0.041290905,0.13439843,0.036092836,0.00037282266
0.0139274,0.66999114,0.14835633,0.015305517,0.0050610323,0.0008185182,0.03455017,0.00030674544,0.004664227,0.101158515,0.0058603943
0.012095456,0.6356542,0.08550999,0.00683284,0.0013100696,0.00012413174,0.021259334,7.4087384e-06,0.03502901,0.19791818,0.0042593842
0.082125604,0.6035404,0.1938173,0.011491266,0.001801006,1.586889e-05,0.04563624,2.211188e-06,0.004229146,0.045934327,0.011406567
0.5217464,0.4079457,0.026721865,0.0002495717,0.0058393045,2.2992216e-07,0.034060575,2.1617518e-08,0.0019274178,0.00078213814,0.0007267901
0.8208575,0.13251087,0.0062880535,3.133298e-05,0.005594787,2.7390664e-08,0.03344143,6.1291283e-09,0.0009671476,9.4829025e-05,0.00021399852
0.9594105,0.008012728,0.00024872978,6.2490494e-07,0.0020038001,6.6274524e-08,0.029397674,1.8684045e-08,0.0007371125,7.333917e-05,0.0001153962
0.50076157,0.23547728,0.0075387605,0.0003817664,0.0018430842,1.0010225e-05,0.01566966,3.1231758e-07,0.08204465,0.15534824,0.00092473824
0.7227845,0.05133179,0.00043450465,6.281444e-05,0.04352471,0.0004756612,0.022744618,0.00035298697,0.081567585,0.05960145,0.017119374
0.6378829,0.0018020872,0.00010478748,7.2290295e-06,0.003462982,0.00049979426,0.06455545,0.00011698064,0.15940458,0.1269913,0.0051718997
0.378518,0.00042393216,6.148748e-06,1.5022213e-05,0.06762983,0.0026939088,0.0067640617,0.0063102995,0.41775107,0.09494987,0.024937825
0.008781454,0.0019668832,0.06811581,0.042450637,0.15075494,8.0167025e-05,0.029529305,0.00084961415,0.6320044,0.0003130465,0.065153755
0.0008118316,0.0022401616,0.005336273,0.35282284,0.19091663,0.0005258821,3.1448478e-06,0.09476874,0.22211863,0.0005865036,0.12986939
6.668848e-05,0.0004884237,0.009497214,0.21713698,0.008490058,0.055092197,0.00012459361,0.31912804,0.17448649,0.15934539,0.05614393
8.884371e-05,2.5262365e-05,0.00014427713,0.024250744,0.10787809,0.00029381775,4.187338e-06,0.12493819,0.04519798,0.5131839,0.18399483
0.0002558817,0.0010759408,0.00010885375,0.012803327,0.3149784,0.015478562,1.0494118e-06,0.28577995,0.045035616,0.041066892,0.28341556
0.0008330993,0.00010870611,1.1735404e-05,0.006871858,0.17957465,0.015118775,2.1700956e-05,0.44395024,0.031335637,0.024362488,0.29781106
0.0017732654,0.00014133907,1.1817588e-06,7.644677e-05,0.039330233,0.05964677,4.6515597e-05,0.6461534,0.07170047,0.04262241,0.13850795
0.0018747794,3.5110676e-05,2.158225e-06,8.858833e-05,0.01605735,0.17700958,0.00072392076,0.7094393,0.011404299,0.05131682,0.03204815
0.0016332916,4.2167914e-05,6.6888138e-06,1.09387865e-05,0.0010692606,0.71287364,0.017619988,0.1993582,0.0033736618,0.058440533,0.005571591
0.0027003489,8.407479e-05,7.50058e-05,1.9291218e-05,0.00023131922,0.58043516,0.1209071,0.2462673,0.00094040623,0.044651765,0.0036882004
0.0015699952,0.00019405007,0.001103896,0.00018115266,0.0002342967,0.5431288,0.18704823,0.17619012,0.021038987,0.06502144,0.0042889714
0.00017400151,0.007837094,0.016941871,0.0048117577,0.00057752,0.5536239,0.03542931,0.103377685,0.00086594594,0.27167135,0.0046895733
0.00010280505,0.011980568,0.26017448,0.07003331,0.006354326,0.3814475,0.03159699,0.14413804,0.0013932671,0.08700816,0.0057705487
0.0004236286,0.283777,0.32643622,0.14466263,0.06934849,0.03768705,0.012322405,0.04682387,0.009313835,0.06334898,0.005855892
0.0048535997,0.012646553,0.2239011,0.080792315,0.26807874,0.00039264504,0.0069447816,0.002937054,0.1840592,0.21499372,0.00040029178
0.19246149,0.046874795,0.3104235,0.08255463,0.25208846,6.446105e-06,0.050217196,9.378934e-05,0.036091376,0.028904615,0.00028375752
0.010086404,0.2079184,0.48964223,0.077247225,0.07193187,0.030339533,0.024586212,0.004695377,0.027883658,0.04860752,0.007061533
0.005579275,0.4386677,0.34025732,0.0886159,0.02541263,0.00084110093,0.01885019,0.00012925561,0.018455813,0.043829367,0.019361423
0.019005414,0.6477119,0.1990897,0.007997185,0.0076566357,0.00015125559,0.043060128,1.2455848e-05,0.0013464622,0.038183067,0.035785872
0.012559985,0.5846295,0.2868111,0.013577471,0.0016646009,0.00094537536,0.009723179,0.00014844401,0.00097557536,0.08642628,0.0025385013
0.043268327,0.83989,0.061488103,0.0022145705,0.0018074347,2.2352944e-05,0.011994486,1.4050349e-06,0.0015009405,0.03388553,0.0039268807
0.17190991,0.44456756,0.12419108,0.0053650592,0.006345138,0.0003757389,0.15600604,1.6292463e-05,0.028645048,0.008285826,0.05429232
0.3262414,0.37868318,0.00992219,0.0012704515,0.002961549,0.0006363987,0.024038624,2.676293e-05,0.004197395,0.2511835,0.00083855307
0.8537474,0.08092862,0.0071844193,1.5811214e-05,0.0020127846,4.4392547e-09,0.053372316,1.0642053e-09,0.0022308605,0.00023910207,0.00026862737
0.774238,0.0006132908,0.0022416848,9.730529e-05,0.0007316569,2.907804e-08,0.21810757,6.4433905e-08,0.003755255,8.203091e-05,0.00013317136
0.5921001,0.0011148589,4.3775417e-06,2.4359778e-07,0.0015234611,1.1128438e-05,0.019743603,2.4434742e-06,0.19252327,0.19188331,0.0010932238
0.4743323,0.044126578,0.024667444,0.008643104,0.00078022043,0.0030439585,0.10315348,0.00043985024,0.07592689,0.18816991,0.07671619
0.79869044,9.97887e-05,1.47766095e-05,2.2187378e-06,0.039984398,0.0062789787,0.06610568,0.002298214,0.064039886,0.00032002083,0.02216556
0.105257876,0.0009580183,0.0003019756,0.15136427,0.2548404,0.039856702,0.00065908866,0.1759469,0.17483583,0.007337258,0.088641725
0.0021621645,0.0023936469,0.0026681905,0.23435158,0.28097904,9.703196e-05,7.2886064e-06,0.0026170972,0.32943794,7.623435e-05,0.14520983
0.00014973946,0.029051755,0.00080045435,0.024072414,0.09292203,0.00023600008,1.3801782e-06,0.105028026,0.22404349,0.3486206,0.17507412
0.008467864,1.6239283e-05,1.0223639e-06,0.0029095986,0.08182249,0.00010343338,0.0013002815,0.14496209,0.08446701,0.19364338,0.4823066
4.210322e-05,3.3505756e-05,3.8629205e-05,0.015880395,0.20270401,0.0016086745,8.532071e-08,0.41809958,0.03411611,0.06375508,0.26372176
8.319666e-05,0.00012432173,5.7984084e-06,0.003572529,0.2710708,0.0041350583,4.2297307e-07,0.38790405,0.022959126,0.04270518,0.26743954
0.0018817144,3.4389711e-06,3.0161404e-05,0.021037642,0.034564402,0.011373248,9.628098e-06,0.7597476,0.07260218,0.022135109,0.07661482
0.001577107,2.96715e-05,0.0018054931,0.07475359,0.039695986,0.07759494,0.00013058975,0.6493901,0.026623031,0.031555485,0.09684402
0.0050488785,0.001681324,0.00055020384,0.00026392995,0.008238712,0.39347756,0.017786378,0.28228423,0.012834675,0.24651612,0.031318005
0.045935795,8.270172e-05,3.0382553e-06,4.7398316e-06,0.0018411265,0.67942697,0.009486562,0.17424007,0.03534987,0.045840003,0.0077891555
0.0045031607,0.00014895957,1.8773406e-05,6.0035127e-06,0.00027052357,0.772403,0.09167931,0.09938472,0.001388717,0.028071722,0.0021251354
0.039471358,0.0002366429,0.0008339612,0.00011920405,0.007935342,0.42619812,0.28170282,0.1789073,0.0010583964,0.060425308,0.0031115538
0.00013765907,0.0014709092,0.0038254494,0.00091706536,0.0015409592,0.62565994,0.03251746,0.15339792,0.00081051263,0.17774956,0.0019725424
0.00036746988,0.096785516,0.106498584,0.046571616,0.003756215,0.336429,0.013185262,0.0693347,0.0016459336,0.32151586,0.003909879
0.004016799,0.04355468,0.13787067,0.11757142,0.2565486,0.07230626,0.0017342306,0.04411065,0.0047493763,0.31542394,0.0021133516
0.00017386806,0.17805195,0.20933226,0.25178152,0.03183306,0.0027507846,0.0008735395,0.004907039,0.021516405,0.2975597,0.0012198619
0.00021692459,0.13411684,0.17003478,0.2627852,0.03223171,3.3228625e-05,0.00036654933,8.534343e-05,0.045433797,0.3543118,0.00038380784
0.012149464,0.5767076,0.08412184,0.055555843,0.097036175,0.0014285438,0.00030041364,0.0022439286,0.020481506,0.1230125,0.026962146
0.0013040573,0.80977905,0.055574138,0.02103407,0.0063086813,1.1880901e-06,0.00022538629,7.95917e-07,0.0045699263,0.09730057,0.0039020448
0.0009794814,0.9024991,0.05895806,0.006460838,0.00090469676,1.1876137e-05,0.00033508264,8.3610956e-07,0.00040400412,0.017350536,0.01209546
0.005168965,0.94499683,0.03353322,0.0018581994,0.0016911716,1.6909892e-06,0.0005061594,1.7081692e-07,0.00087472016,0.007114441,0.0042544394
0.16198677,0.7955092,0.027528796,0.0013584346,0.002815464,9.88091e-07,0.0011529498,7.406185e-08,0.0001571084,0.00655525,0.0029349218
0.35465685,0.61346316,0.008858963,0.00023564456,0.0053590937,1.5052531e-06,0.0043109315,7.272579e-08,0.0012137983,0.009385874,0.0025140685
0.42922246,0.42286605,0.007982105,0.00012625748,0.004994314,1.3010656e-07,0.02065318,1.1791001e-08,0.0069523845,0.105416894,0.0017861772
0.9081384,0.067459,0.0006905746,4.458248e-06,0.002912741,8.40418e-08,0.012590742,2.7697074e-09,0.004355194,0.0016771649,0.00217174
0.49525866,0.25081307,0.023060255,0.0028221828,0.010053534,8.135632e-06,0.01916995,4.538561e-07,0.014556346,0.16527225,0.018985176
0.96787286,0.00015333202,5.9758445e-06,2.726412e-08,0.0014507747,1.8507288e-07,0.02383103,1.6448024e-07,0.0050320555,9.205743e-05,0.0015615768
0.96495795,4.708033e-05,1.9959107e-06,1.2479132e-08,0.0002742306,1.4802072e-07,0.02257107,9.216782e-08,0.011276507,5.6574743e-05,0.0008143729
0.9083068,9.428155e-05,1.0098929e-05,2.655491e-07,0.004708603,3.106265e-06,0.037476312,6.093199e-06,0.041060016,0.005089489,0.0032449807
0.80774665,0.000443144,0.0005163165,0.00024957542,0.034439918,8.908396e-05,0.013765998,0.00017283625,0.09288637,2.2995857e-05,0.049667105
0.027926803,0.0017389016,0.01010651,0.51245797,0.13915709,0.00020045355,0.0006787192,0.0035655182,0.17121656,5.3109093e-06,0.1329461
0.0014058372,0.00080099923,0.02111359,0.62300664,0.10137569,0.00040882992,3.8512157e-05,0.011834938,0.11649057,1.5961661e-05,0.12350835
0.0064331684,0.000101189886,0.00047023062,0.0634262,0.1820372,5.1840965e-05,4.874005e-05,0.35407364,0.16385552,0.014208545,0.21529375
3.185915e-05,8.165421e-05,1.2323308e-05,0.009093472,0.3655579,0.0008338061,1.5334393e-08,0.19691938,0.031794664,0.049429048,0.34624588
0.0017824491,4.374186e-06,2.1975437e-05,0.00472246,0.1181274,0.00090431323,2.0272248e-06,0.7193086,0.026151601,0.012785102,0.116189696
0.00015651602,1.1456557e-05,2.9656894e-07,0.00027019752,0.105998226,0.011069675,1.7564e-06,0.55093294,0.06162949,0.017611278,0.25231814
0.0004897249,8.931208e-06,1.5941129e-06,0.00016590595,0.025271535,0.055231728,7.1688744e-05,0.6673629,0.015342644,0.09057811,0.14547522
0.0021636693,3.6447047e-05,4.419793e-06,1.2652769e-05,0.0027232524,0.39848205,0.012132931,0.46848568,0.0073807896,0.07260222,0.035975907
0.0060740067,0.00023300186,7.690897e-06,7.5903154e-06,0.0012579963,0.52681863,0.033199433,0.34191245,0.0044723335,0.07334219,0.012674635
0.008453225,0.00067930133,0.00013721365,7.556356e-05,0.0007496263,0.505825,0.04850331,0.18459913,0.0032406785,0.24540924,0.0023277495
0.0063139293,0.0010278049,8.433063e-05,8.249519e-06,0.00011879578,0.7601671,0.078624696,0.10244648,0.0013601864,0.048652038,0.001196352
0.0006152796,0.0029688054,0.00319276,0.00040661122,0.0003932673,0.58612984,0.09143433,0.09404671,0.0015840111,0.21779013,0.0014382502
0.00010480459,0.011215445,0.111971855,0.03361537,0.0013029063,0.41463017,0.046318065,0.0973988,0.00031309942,0.21339571,0.0697338
6.7834226e-05,0.022168223,0.088806204,0.21436626,0.012307823,0.10254176,0.0017220904,0.04817788,0.015429118,0.4925285,0.0018843452
0.029454539,0.20043086,0.3046212,0.136342,0.0390946,0.007453207,0.09727087,0.007840095,0.0127703,0.16320188,0.0015204811
0.105427675,0.11504941,0.09415352,0.106155664,0.04751216,0.00022779318,0.0012729153,0.00035089266,0.17633481,0.35268348,0.00083172997
0.000111683556,0.4722969,0.0467206,0.06477935,0.012726551,2.0370786e-05,3.0712028e-05,2.830022e-05,0.01307081,0.38873303,0.0014817147
0.00016015297,0.6324338,0.103433535,0.034480393,0.0033192565,4.0561765e-05,0.00018979068,3.5452463e-06,0.004058141,0.2131414,0.00873956
0.00024577475,0.8751244,0.03899706,0.04390631,0.002388136,5.6940265e-05,2.5459784e-05,0.0002392889,0.0005000717,0.02997218,0.0085443845
0.1138216,0.84147716,0.012479946,0.008636141,0.0029274197,7.1895236e-08,1.5654452e-05,2.5609435e-08,5.3825635e-05,0.004161797,0.016426422
0.066677794,0.86539984,0.025911583,0.0087458445,0.021748347,1.7510184e-06,0.00030791294,1.6528797e-06,0.0010964707,0.0021291203,0.0079797525
0.035052277,0.7848316,0.061527234,0.0014999877,0.00681312,1.3183971e-05,0.01627208,3.917855e-07,0.00019192346,0.019702332,0.074095875
0.49882284,0.43187216,0.006999268,0.00032107354,0.039860595,1.5841835e-06,0.003540031,1.574057e-07,0.0015963346,0.011945572,0.005040351
0.47787368,0.3814057,0.006131971,6.643771e-05,0.013423047,5.637569e-06,0.01926537,6.649121e-07,0.062391814,0.036341712,0.0030939502
0.62034595,0.312,0.009949497,0.002061871,0.03711463,1.2718473e-06,0.008995715,1.1551504e-06,0.0059593264,0.0019815583,0.0015890525
0.97834104,0.0008123433,9.827815e-06,4.687234e-08,0.002320417,2.902675e-08,0.011566714,1.3571853e-08,0.006063185,0.00037561907,0.0005107237
0.9523637,6.583809e-05,2.4082467e-06,2.2847502e-08,0.0026013036,1.1296441e-07,0.023411073,2.6197054e-07,0.019696927,0.0015469852,0.00031132693
0.60525435,0.0003178992,0.00051523745,1.8722061e-05,0.0021153847,0.0013999771,0.18553549,0.0004910857,0.17373912,0.007583669,0.023029
0.85156476,0.00010832291,0.00012289229,7.665071e-06,0.004252721,2.181496e-05,0.052730985,3.4283577e-05,0.08098331,0.0019973922,0.0081758965
0.46501184,0.00077443774,0.010301363,0.01648823,0.057274748,0.011561474,0.0085003115,0.00076504407,0.29162437,2.7425897e-06,0.13769545
0.005151815,0.00041022367,0.034409843,0.45400092,0.06743311,0.009645589,0.0003990629,0.19011939,0.1376396,1.1691587e-05,0.10077882
0.000788502,0.0006347197,0.044145882,0.7106664,0.07357617,0.0005020298,6.692449e-05,0.013331934,0.078416124,1.1076193e-05,0.077860184
0.4899738,2.1652352e-06,1.3603289e-15,3.410382e-15,2.466271e-06,1.8294833e-14,2.6784723e-09,4.0288016e-12,0.3083832,0.2016379,4.7301126e-07
0.0005393652,0.0004088067,0.053823825,0.42815498,0.1675853,0.0002688457,1.1687746e-06,0.1256858,0.030260917,0.01017499,0.18309596
0.0001568613,4.49543e-05,3.1670515e-06,0.00234614,0.17578155,0.005423853,4.1298836e-07,0.5545031,0.02028307,0.02592241,0.21553454
0.00013924934,1.8947503e-05,1.8198641e-06,0.00061690254,0.08818266,0.013778214,2.0800908e-06,0.67300534,0.01616681,0.019742992,0.18834504
0.0006380724,0.00022972997,0.00015690314,0.0014197414,0.06796306,0.059926223,0.00030267722,0.53200877,0.009309422,0.187797,0.14024833
0.00056455977,0.0017436281,0.123092875,0.015687982,0.0024765066,0.39550662,0.013345744,0.3561716,0.006124724,0.052931532,0.03235427
0.0014977078,0.00073466985,0.00027915687,0.00018733986,0.00080333184,0.45417696,0.012549784,0.24206558,0.0035847067,0.2752443,0.008876451
0.0021336596,0.04326501,0.019965658,0.004684627,0.00019941624,0.5488893,0.024699215,0.11840645,0.0012990646,0.2266556,0.009801997
0.007217069,0.0013609717,3.5291334e-05,3.843428e-06,0.00014353397,0.63742983,0.17319682,0.12811476,0.0014938607,0.049072754,0.0019312088
0.0019284262,0.004458847,0.00078787236,6.575617e-05,0.00026274816,0.6329019,0.100152254,0.14382392,0.0009892152,0.11169202,0.002937045
0.0013185651,0.03652911,0.0416952,0.012816332,0.0010595093,0.3108481,0.05283536,0.05166055,0.0007420186,0.47297627,0.01751902
0.004725738,0.10792045,0.086618386,0.056008503,0.21567497,0.12509286,0.004235686,0.03268958,0.0022084522,0.35724324,0.007582136
0.00013011723,0.12173021,0.1282368,0.1691012,0.046903823,0.03458003,0.0005656918,0.018074065,0.010897117,0.4665317,0.003249248
0.0025880923,0.22042261,0.06347247,0.09205634,0.10418124,0.0030458644,0.0008191873,0.0030741263,0.14453174,0.3579464,0.007861949
0.00035224034,0.19438587,0.08392072,0.073336855,0.07470146,0.009310283,0.022845754,0.35084158,0.018892972,0.16921088,0.00220135
6.150058e-05,0.34043658,0.015150369,0.12942468,0.0151468245,0.054493457,0.0003140984,0.020953607,0.01565484,0.31928045,0.08908359
0.00039356336,0.78030336,0.028784413,0.103583276,0.007131976,0.0005673374,4.4524157e-05,0.004496064,0.0017295213,0.058595836,0.014370219
8.057817e-05,0.7090228,0.035009436,0.016617402,0.0005336179,9.3278595e-06,4.7596786e-05,7.7566904e-07,0.00057743624,0.22715455,0.010946424
0.002611031,0.9583703,0.0047065895,0.004084706,0.011455433,4.597826e-06,1.8368602e-06,4.498481e-06,0.000979281,0.004149453,0.013632197
0.03416631,0.9313699,0.01792669,0.0051071206,0.0033228477,7.2598766e-07,0.00011380067,3.465476e-07,8.115829e-06,0.0004487287,0.0075354497
0.053353444,0.716221,0.051345535,0.0045349426,0.040073127,3.6588917e-06,0.003651014,5.671583e-07,0.0032407301,0.04475673,0.08281926
0.20044157,0.5497322,0.072706714,0.0018492948,0.028968848,0.00017736081,0.029852513,5.3903664e-06,0.0010241801,0.023451844,0.09179007
0.84242886,0.10133481,0.00036247447,8.690214e-06,0.03366833,1.104298e-06,0.0047874157,2.985944e-07,0.0044695805,0.0088572055,0.0040812925
0.51126695,0.06654408,0.0637036,0.03176079,0.15980522,0.005863541,0.033046354,0.005290609,0.02825839,0.09110088,0.0033596093
0.9644623,0.0013191319,5.424428e-06,4.8128864e-08,0.0043770825,4.8788024e-07,0.015144696,1.2169764e-07,0.012352457,0.00015061002,0.0021876716
0.9151858,0.00010867712,3.8484673e-06,5.1581505e-08,0.0071610576,6.8417003e-06,0.02483866,3.7405987e-06,0.03282841,0.00030913381,0.019553812
0.69662535,0.0030308801,0.0001313785,6.4982414e-06,0.026132628,0.00014892123,0.03731902,7.199094e-05,0.13833918,0.009460807,0.08873335
0.23981386,0.0004954946,0.021533307,0.01636554,0.087057374,0.02117673,0.019480724,0.085221216,0.32158458,0.114930496,0.07234064
0.024211502,0.00022210099,0.033880264,0.40016192,0.04976542,0.0003100085,0.026865376,0.004772362,0.3646053,2.523268e-06,0.09520321
0.001753727,0.00021336261,0.036059514,0.67025,0.03516766,0.00036976975,0.0003427325,0.011262925,0.15565507,4.1361463e-06,0.08892112
0.009970294,0.0007350975,0.00052234874,0.06456367,0.085887894,0.008101558,6.571603e-05,0.5940435,0.11540053,0.015364689,0.10534475
0.0025593033,0.0006676812,7.71159e-06,0.00087614334,0.082961075,0.021427918,1.0468943e-05,0.55557454,0.112725854,0.040273696,0.18291563
0.00066698494,7.934522e-05,3.4826342e-06,0.0004023836,0.04768244,0.07197148,3.6935406e-05,0.7274505,0.012164886,0.031824116,0.10771746
0.00081580883,0.00013890624,2.5597074e-06,1.3606771e-05,0.001646196,0.5068398,0.0013133823,0.4525625,0.0021312928,0.017098028,0.017437857
0.00057577353,4.110204e-05,0.00014126943,0.0036629932,0.05006691,0.2745219,0.0031356548,0.5801425,0.007964521,0.04337401,0.036373388
0.017321585,0.00017954486,6.9969537e-06,4.7464982e-06,0.0002494904,0.53257316,0.08472724,0.20526932,0.0149637135,0.14241156,0.0022926526
0.0017486304,0.00087081315,4.2190433e-05,9.351583e-06,9.476142e-05,0.7192487,0.09189211,0.12803033,0.0007737425,0.05575002,0.0015393179
0.24940607,0.003869562,0.00016270886,3.3130756e-05,0.00052498764,0.44643223,0.06439025,0.11014683,0.018878505,0.10303622,0.0031195164
0.0017541067,0.029001165,0.0041031153,0.0008951733,0.0012019476,0.6257154,0.027124837,0.17424561,0.0004502386,0.13335344,0.0021550432
0.00025219322,0.14500284,0.15988223,0.052216046,0.005339165,0.17568368,0.016663665,0.038040992,0.00086892955,0.4023991,0.003651158
0.000113933194,0.19870415,0.13222943,0.21342668,0.028964639,0.057761498,0.0006383791,0.023056325,0.019713594,0.3224504,0.0029409695
0.00020515891,0.10212762,0.04525098,0.15187943,0.46609583,0.0064642113,9.414427e-05,0.011131326,0.042825617,0.1712291,0.0026965933
0.0009857623,0.12552792,0.03470454,0.084283456,0.5011254,0.0016285831,1.5452442e-05,0.0025850602,0.08936469,0.1414856,0.018293537
0.00045517748,0.5203096,0.005998934,0.030400094,0.3562261,0.0006901617,1.2975003e-06,0.0035656784,0.02336764,0.051635463,0.0073498525
0.0048211403,0.8848262,0.0045369165,0.013153112,0.033322044,0.00018966473,5.757662e-06,0.00024358883,0.00514949,0.03949239,0.01425976
7.4072e-05,0.87886214,0.0031600697,0.009979779,0.02867846,9.7373646e-05,1.8220217e-07,4.97745e-05,0.0034469427,0.020999193,0.054652013
0.0001114478,0.95526296,0.008767462,0.015091721,0.010638085,9.385266e-07,2.595894e-07,2.0665411e-07,2.653382e-05,0.0014841039,0.008616225
0.0059841247,0.9740224,0.003632574,0.0038060532,0.0025950724,3.8908833e-08,1.151851e-06,2.2646475e-08,1.1997146e-05,0.00036630483,0.009580253
0.0074908244,0.96552354,0.009363616,0.0031123674,0.0045340112,2.151936e-06,9.920535e-06,6.0316194e-07,2.4237632e-05,0.00062730524,0.009311413
0.20170146,0.60162663,0.0107633835,0.001235337,0.08756403,6.470758e-06,0.003502415,1.1336685e-06,0.0087851295,0.04060034,0.044213634
0.26076874,0.38258642,0.00615199,0.0011189391,0.043398794,0.00010138426,0.0013617248,6.4818646e-06,0.095765375,0.2023914,0.0063487464
0.59857666,0.11894622,0.010105869,0.0017259944,0.058013286,0.0004270916,0.046626247,0.00088484393,0.07525648,0.07895724,0.0104800295
0.5804193,0.054656994,0.0007519997,3.7592006e-05,0.048008643,3.4591096e-06,0.010933648,7.0140726e-07,0.12347961,0.08647821,0.095229834
0.92238283,0.00025980046,4.4850153e-06,1.1171404e-07,0.030615002,6.245635e-06,0.008967434,3.3212596e-06,0.022339163,3.691631e-05,0.015384661
0.51037437,0.00012216496,0.0001177562,5.2085384e-06,0.0121759055,0.12487579,0.09731512,0.013635505,0.13624115,0.0003511525,0.10478595
0.74886894,0.00015857561,0.00026167324,7.8370795e-05,0.040573705,0.00013064116,0.006741441,0.00014190529,0.120227784,3.8530754e-07,0.08281661
0.070069544,0.0013459272,0.0038211579,0.01837803,0.059985567,0.048076704,0.008518669,0.007561102,0.5472496,3.6916379e-07,0.2349933
0.0017246368,0.0026869692,0.015128892,0.40014184,0.112688586,0.00018106135,0.00021441515,0.010402253,0.2627899,1.8807226e-06,0.19403952
0.0071113063,0.020598078,7.911998e-06,0.00014723657,0.031980693,0.124004334,0.00047919835,0.34607634,0.23967732,0.0677229,0.1621947
0.0014542765,8.0482474e-05,0.0001063078,0.00033347815,0.0027571989,0.20370048,0.003092722,0.60670567,0.0034101638,0.11846891,0.059890375
0.001174606,3.938892e-05,1.0867202e-06,5.35669e-06,0.0008901629,0.56751955,0.0023628604,0.4113882,0.0018528773,0.006060819,0.008705107
0.016718365,2.4244102e-05,1.6252433e-06,4.136968e-06,0.0004763292,0.5765027,0.018886223,0.37812257,0.0014037665,0.0057002376,0.0021597915
0.0011179842,8.9219946e-05,2.5622296e-05,2.068478e-05,0.00017647861,0.6976156,0.013159918,0.26180467,0.0014506688,0.02246144,0.0020777818
0.0015814162,0.0006179202,0.00063018163,8.845484e-05,0.00032532332,0.60719746,0.09514442,0.2357977,0.0010398682,0.054752506,0.0028247535
0.0017361108,0.0014592159,0.00022379927,5.217371e-05,0.0001425441,0.6096144,0.061397105,0.24378812,0.00113073,0.07247288,0.007982993
0.0003570732,0.008675846,0.0024628937,0.0017546355,0.0025577298,0.32296127,0.022310369,0.37089074,0.0009965957,0.237946,0.029086828
0.00018310918,0.04036078,0.024681754,0.014603492,0.0026471796,0.43518397,0.0072458186,0.09631046,0.0008585503,0.37345803,0.004466836
9.024604e-05,0.051717225,0.10407493,0.18964738,0.014434491,0.102518365,0.0021272625,0.045390286,0.005844679,0.4824836,0.0016715548
0.0029895497,0.1488043,0.035816643,0.07731193,0.3024573,0.017558664,0.00016727584,0.007953301,0.005559821,0.3986665,0.0027147462
0.00037124616,0.37087315,0.030639874,0.12233798,0.1862877,0.0035018246,2.059442e-05,0.006095293,0.02506638,0.24441509,0.010390857
0.001366839,0.19193281,0.0032140657,0.017215962,0.17790088,0.0008065223,9.153329e-06,0.48171145,0.030180894,0.09262842,0.0030329963
0.0015278535,0.5970059,0.012366921,0.01222142,0.09815105,0.0008700527,0.00012628411,0.0002645962,0.028708091,0.24338788,0.0053699473
0.00044762128,0.96073306,0.0025666552,0.011141036,0.0065860096,1.2976111e-05,2.1572528e-07,9.895026e-06,0.0012091885,0.010386171,0.0069072386
0.00048207736,0.9786894,0.0020998693,0.005230941,0.0076517663,4.8948266e-07,1.4151074e-07,5.545446e-07,9.769583e-05,0.0023846645,0.0033624535
0.004558615,0.94200623,0.003990683,0.00455035,0.036291428,1.9299262e-06,9.0004926e-07,1.4363507e-06,0.00014816393,0.0006677036,0.0077824625
0.04460946,0.71286213,0.052846562,0.10923882,0.07547125,8.576264e-06,1.3096585e-05,0.00010716151,3.737038e-05,0.00012632828,0.0046792147
0.16434287,0.8113018,0.011756996,0.000980108,0.007605171,1.77845e-08,0.0001185806,1.2423327e-08,3.1276883e-05,0.00028948011,0.003573703
0.37808466,0.43237823,0.027926657,0.004386561,0.14774874,1.4582112e-06,0.0014677197,2.743647e-06,0.0002084894,0.0018403705,0.00595435
0.60622174,0.33239466,0.0020864706,8.796213e-05,0.049978107,7.140476e-07,0.0012828682,1.6370473e-07,0.0009638383,0.0039887824,0.002994703
0.8965838,0.0156007055,5.5806697e-05,2.0851487e-06,0.04710435,2.7157585e-06,0.008621793,7.7886614e-07,0.008865697,0.011283668,0.011878615
0.8027033,0.001898106,9.779014e-06,1.4856478e-07,0.029236445,8.358782e-06,0.009905881,1.8196931e-06,0.067370206,0.0018667781,0.086999156
0.7733153,0.02135673,0.00024543944,2.0607317e-06,0.03383397,1.540418e-05,0.01670168,3.0550857e-06,0.0997947,0.0005515843,0.054180045
0.4241472,0.023169653,0.0067033884,0.00052322703,0.0375037,0.00015084985,0.040939018,5.689855e-05,0.24308406,0.04765447,0.17606756
0.13753965,0.00040277155,0.0020556364,0.0027650069,0.19627611,0.011500698,0.0031135697,0.35430545,0.14029785,1.8231216e-07,0.15174304
0.003959824,5.9830047e-05,0.0046310453,0.50271827,0.056016944,0.00041372096,0.00026371347,0.014023113,0.1841669,5.543253e-07,0.23374614
0.00060384156,3.5908408e-05,0.0065282932,0.15303034,0.032942917,0.00035146688,4.4473272e-05,0.4789121,0.14099073,1.0582455e-05,0.18654941
0.0029566172,0.0006734293,6.2564714e-06,5.3115764e-06,0.00029561084,0.5527084,0.003283097,0.4211209,0.0021399264,0.010533096,0.006277416
0.0019520775,2.2597686e-05,1.6933471e-06,3.681555e-07,6.753976e-05,0.58241856,0.13150509,0.27401358,0.003036626,0.004514058,0.002467856
0.0008203713,2.4670579e-05,0.00017082806,0.0025418666,0.05937044,0.3427357,0.0020746503,0.5402699,0.01450708,0.020244328,0.017240148
0.0036457852,9.905829e-06,9.244415e-07,9.322199e-07,8.7644585e-05,0.69365096,0.041655857,0.19952051,0.0029328312,0.057806104,0.0006885792
0.4088239,1.8104407e-05,4.5248844e-06,2.7232263e-06,0.0012889719,0.43093693,0.025382308,0.1101415,0.0037383093,0.013049623,0.0066131
0.00018593848,0.00044170194,0.00023837341,0.000130114,0.00011052752,0.3682105,0.30534327,0.16074084,0.020247621,0.14358133,0.0007697624
0.00029945964,0.0078120907,0.0032010651,0.0010238746,0.00048487628,0.52209634,0.08948504,0.16409655,0.0016649311,0.20904401,0.00079170626
0.021152318,0.04919408,0.15297806,0.23169202,0.07942319,0.19359782,0.0030802656,0.10051731,0.0015114582,0.14067465,0.026178801
4.065776e-05,0.045779284,0.25429803,0.09751326,0.009854754,0.11467339,0.0058594546,0.2989474,0.0014278516,0.16831103,0.003294926
0.0006335652,0.1547791,0.07263974,0.093858026,0.046547458,0.044648804,0.010685771,0.018495992,0.0047830106,0.549371,0.0035575102
0.2725452,0.12664373,0.016171327,0.06036415,0.08090562,0.003609688,0.0010160768,0.0026115358,0.056780543,0.37797666,0.0013754733
0.0007629548,0.35788742,0.053756554,0.04170551,0.1324429,0.0005140874,0.0015109222,0.0003555629,0.009653665,0.39179945,0.009610956
0.0019736728,0.55938685,0.09243599,0.046754573,0.08119434,0.00027053934,0.00092099444,0.00021262151,0.016101448,0.19436441,0.0063845757
0.0007857186,0.9109907,0.0005328407,0.002191407,0.013840705,0.0027824093,2.4884494e-07,0.030235987,0.0042902674,0.029296016,0.005053643
0.00032598028,0.9667123,0.0026439175,0.0022098052,0.0021819351,6.0979737e-06,4.3820103e-07,3.47176e-06,0.0004899534,0.01780109,0.0076249717
0.00034025282,0.9673914,0.0026047402,0.002357689,0.0005817082,7.157988e-07,9.058542e-07,6.165721e-07,0.0003614766,0.023301251,0.0030592582
0.0017578698,0.88226074,0.0026783398,0.0010072395,0.00078012806,9.107151e-08,1.650229e-06,2.2011601e-08,0.00026502897,0.108850956,0.0023979403
0.33917361,0.64777344,0.0046073813,0.00043487782,0.004449673,1.0191482e-08,0.0009642896,5.31471e-09,2.3204153e-05,0.00027644788,0.0022970522
0.15958375,0.52542436,0.06398167,0.004694557,0.08606831,2.7223764e-06,0.012279665,6.0581067e-07,0.062317666,0.0021116755,0.083535045
0.72769046,0.19659305,0.0029037045,0.0001423575,0.04968227,1.2896214e-06,0.012698021,4.3750103e-07,0.0065652365,0.0020188226,0.0017043382
0.5885215,0.15073259,0.0004027472,9.741873e-05,0.24358574,6.8506215e-06,0.0009968217,3.826144e-06,0.00328031,0.006775882,0.0055963052
0.6228032,0.046941746,5.5256663e-05,1.8855724e-06,0.04173439,1.1789158e-05,0.0047668824,2.4268006e-06,0.124784164,0.13708386,0.021814466
0.6635667,0.003874707,0.0018281366,0.00046024274,0.17918967,0.00052439596,0.04324883,0.0065230536,0.058793135,0.004605812,0.03738529
0.30506948,0.088980354,0.017056793,0.0020904818,0.028114272,6.3798005e-05,0.020935114,2.0247235e-05,0.22757666,0.13540311,0.17468971
0.15291724,0.0027549947,0.0021250849,0.00090998836,0.08592585,0.00035755892,0.11566532,0.0037171326,0.3049332,1.3080614e-06,0.33069235
0.0012314604,0.0001734596,0.017793503,0.48761916,0.09681384,0.00074012997,5.959625e-05,0.036389973,0.11195204,2.9958577e-05,0.24719685
0.002970622,0.00019812402,2.2036284e-07,1.1306956e-06,0.0022835024,0.70957327,0.0014683079,0.2736659,0.0019744674,0.0012341127,0.0066302936
0.0013122607,3.1663352e-05,6.3180567e-09,1.8451043e-08,0.040526282,0.3374466,0.0005210008,0.16909887,0.26110318,0.10487869,0.08508148
0.0010452281,2.1921703e-06,1.750189e-06,2.0212822e-07,2.0635493e-05,0.68347585,0.063731305,0.24774292,0.0012046916,0.001322405,0.0014528426
0.00042011717,1.1771266e-06,3.439858e-07,4.2198758e-07,1.930702e-05,0.80327576,0.009499313,0.14782706,0.035996832,0.0022786423,0.000680976
0.00025233306,5.7463534e-05,0.00011209851,1.9000312e-05,7.3584175e-05,0.6627275,0.053288985,0.24804595,0.0007912399,0.033512075,0.0011197529
0.00017199157,0.0027711743,0.069936536,0.03758611,0.00022875263,0.44673985,0.03599814,0.20959657,0.00090962823,0.12803383,0.06802742
0.0004434338,0.072180144,0.32583928,0.11375268,0.0012923683,0.19863501,0.045730323,0.123919226,0.0049993414,0.111582994,0.0016252162
5.548867e-05,0.1359426,0.026120063,0.20067829,0.0072987834,0.10326918,0.00021564445,0.10636282,0.007504373,0.41010052,0.002452271
4.5609802e-05,0.12257937,0.032418337,0.41311848,0.040041734,0.027195945,3.3809858e-05,0.21915932,0.005130284,0.13612737,0.004149709
3.7207974e-05,0.1318238,0.019643487,0.11747263,0.038010124,0.13171193,0.0033831152,0.08971875,0.0031580909,0.4631373,0.0019035406
0.0017446723,0.54105043,0.013425512,0.08518316,0.1874603,0.00026564384,1.0450785e-06,0.00026913665,0.004758167,0.16253811,0.0033039155
0.00010377502,0.46448466,0.041554842,0.13104613,0.08346528,0.00019315285,8.680309e-07,0.00031559516,0.0058872257,0.2689622,0.0039861924
0.00014289972,0.793728,0.010271043,0.06006823,0.043690935,0.00021640677,2.9077793e-07,0.00036614804,0.0036151432,0.07189222,0.01600863
0.000113214344,0.9709525,0.00067140395,0.0036536204,0.002692973,3.2356525e-05,6.817218e-08,1.8107006e-05,0.0005115572,0.016638136,0.0047159856
0.00016145647,0.83182216,0.015123659,0.004865992,0.00048486146,6.9704142e-06,2.198231e-05,1.9257996e-06,0.0016297823,0.1425652,0.0033159393
0.00039006094,0.9592736,0.0014305979,0.0008673705,0.0005182699,6.282595e-07,6.2579966e-07,1.7904866e-07,0.00010450227,0.03354987,0.003864302
0.22569478,0.76122844,0.0071854293,0.0009751004,0.0022261734,1.2037154e-08,0.00010458857,6.449489e-09,2.4564039e-05,0.00090202386,0.0016588897
0.29224133,0.69131196,0.005862383,0.0003094959,0.007661491,3.7395886e-09,0.000234824,2.7443745e-09,4.5199547e-05,0.00043595524,0.0018973137
0.43138105,0.31692135,0.0016755376,0.00022590594,0.24133015,4.955128e-06,0.00048660822,3.7247273e-06,0.0013767137,0.00400787,0.0025861808
0.3497913,0.23357919,0.02876699,0.033039477,0.04517665,6.3355586e-08,0.0006141773,6.211551e-08,0.08218765,0.22416791,0.0026765175
0.7902491,0.036408473,0.025116837,0.0022391921,0.107801884,8.977675e-07,0.0069419034,6.2684774e-07,0.01603774,0.011758671,0.0034446502
0.4854477,0.01827091,0.00018371711,8.993717e-06,0.0375947,1.01882715e-05,0.00917658,4.0232944e-06,0.2152961,0.15070851,0.08329856
0.7367395,0.009469324,7.514912e-05,4.404838e-06,0.02263445,5.1403782e-05,0.016106123,4.970237e-05,0.13785064,0.017386528,0.059632767
0.39061522,0.03612499,0.0011094972,0.0001703627,0.07632503,0.0029669371,0.018438503,0.004013638,0.2752933,0.063066095,0.13187644
0.01725085,0.009512141,0.032615192,0.18981831,0.12507746,0.03317336,0.0006550872,0.07247255,0.30749595,0.00038193873,0.21154715
0.00107635,0.000999466,0.025979962,0.5900555,0.07509424,0.00064102287,4.4549186e-05,0.0085834395,0.13679023,7.68838e-07,0.16073444
0.010403701,0.00029757223,3.0728204e-06,1.1841621e-06,0.000105553496,0.68657005,0.029870871,0.26296562,0.005699893,0.0011416846,0.0029408103
0.011975896,0.00026004278,7.889292e-06,2.8174802e-07,5.1494295e-05,0.7473169,0.07293699,0.16142543,0.0041931663,0.0005335042,0.0012984688
0.0033897688,3.879634e-06,0.0003062608,0.00047963214,0.1307734,0.3338801,0.008457934,0.3762676,0.1405662,0.0021979217,0.003677376
0.05635244,0.00028103407,0.0012604769,0.000198695,0.00011346128,0.32300344,0.14417218,0.15777643,0.03096921,0.2825924,0.003280275
0.0006047033,0.00044696586,5.4699874e-05,6.382876e-05,0.00016619489,0.6529372,0.01792098,0.29340512,0.0020638632,0.030043138,0.0022934035
0.00197122,0.019318335,0.0025611587,0.0036549156,0.00070504716,0.54548705,0.025871899,0.20071551,0.0063860174,0.116980106,0.07634875
0.024137734,0.42424083,0.15735714,0.10568185,0.014857063,0.050137512,0.025389478,0.14062062,0.0329068,0.020441461,0.0042294576
0.0017280834,0.27456436,0.020224743,0.11966341,0.02791863,0.009302713,4.27847e-05,0.49116006,0.02057477,0.026111111,0.008709362
0.009506903,0.2678527,0.01504576,0.13219343,0.49987125,0.00021896772,5.2137988e-05,0.0019787506,0.031535447,0.040326715,0.0014179818
4.752267e-05,0.54634184,0.033613816,0.10330347,0.029500226,2.75746e-05,3.461072e-05,0.000100834135,0.0061118305,0.2792823,0.0016359842
0.017752437,0.3944675,0.0047963494,0.054254457,0.13586223,0.013786791,0.010182162,0.015546722,0.112639025,0.1588861,0.081826225
0.0026654373,0.8922429,0.0006751382,0.074752375,0.013648792,1.2347555e-05,6.4782193e-09,0.00010623855,0.0009159525,0.011891539,0.0030893309
0.02620106,0.8703082,0.0012196305,0.0062688286,0.07768734,2.4920017e-05,4.414013e-06,3.6246463e-05,0.0013675017,0.009433969,0.007447852
0.00089901034,0.8238561,0.028490204,0.0036165193,0.033766884,0.011780644,8.833811e-05,0.0015897849,0.00028069215,0.015177811,0.08045396
7.493451e-05,0.7856623,0.007872993,0.005284632,0.0007678698,8.2541555e-05,1.2192778e-05,7.3298843e-06,0.0012772778,0.1861204,0.012837602
0.0011445372,0.73801607,0.003827146,0.0016381438,0.0013317824,0.00012283861,8.9868015e-05,2.9643243e-06,0.00095613144,0.24755731,0.005313197
0.24857572,0.73477674,0.008173581,0.0006275211,0.004692341,3.617595e-08,0.00026483103,2.4648429e-08,5.243507e-05,0.0005859146,0.0022509308
0.27129194,0.69761705,0.007590281,0.0008516381,0.01739182,2.8136434e-08,0.00011749149,2.0790528e-08,0.00017581746,0.0005121818,0.004451719
0.27575877,0.4856856,0.059160627,0.0034972674,0.07411158,5.311147e-06,0.006060607,7.7384055e-07,0.0021274777,0.013771379,0.07982063
0.81514883,0.058310077,0.00015307724,1.1907174e-05,0.07708092,4.5729117e-05,0.0032932183,1.2481576e-05,0.0069560814,0.03641749,0.0025702175
0.63765997,0.022994833,0.011474397,0.04514298,0.22969498,0.00019503206,0.0028609117,0.001270928,0.033470407,0.010262551,0.0049730013
0.48373455,0.011755956,0.00030807697,1.8494597e-05,0.049707636,7.8400924e-05,0.01758864,3.9800623e-05,0.24496831,0.09533262,0.096467525
0.49487707,0.0828421,0.0005862697,1.9069364e-05,0.031457584,0.00048170847,0.026490549,0.00020189556,0.27879602,0.015735544,0.068512246
0.104478955,0.044382755,0.009373857,0.0116027985,0.102956235,0.0013805828,0.0020729455,0.0008426886,0.5443141,0.010506482,0.16808856
0.00022193094,0.0016214139,0.02047015,0.5485418,0.15735497,0.00056163437,1.2444457e-05,0.0034438507,0.12460197,8.707545e-07,0.14316899
0.35263562,0.33286056,0.02102729,0.12038051,0.024181817,0.04199121,0.0007146038,0.048928335,0.04364736,0.0073522115,0.006280491
0.013851819,0.38154864,0.24940985,0.27854863,0.043768115,1.1428327e-06,0.00015773515,7.991104e-05,0.02131551,0.009755136,0.0015634956
0.00077348226,0.5580437,0.0052952785,0.1600588,0.24852027,0.00047186145,1.549136e-07,0.004968065,0.013071282,0.006717285,0.0020798165
4.084521e-05,0.44239247,0.0039476203,0.18734486,0.007687003,7.8681893e-07,5.2697352e-08,9.724287e-06,0.0030269986,0.35435835,0.001191292
9.820768e-05,0.9391415,0.0020231926,0.027062919,0.0105013605,8.6369575e-05,1.3701492e-07,8.781644e-05,0.0009918892,0.006144749,0.0138618685
0.0008763984,0.6630558,0.007898411,0.02149801,0.0042418377,9.553029e-06,6.138839e-05,1.2975156e-05,0.033206843,0.26614726,0.002991543
7.2523944e-06,0.97493184,0.00034396676,0.011800714,0.0018985518,1.5533185e-05,1.4340565e-09,2.6791502e-05,0.00030037845,0.0036505582,0.0070246076
1.5012209e-05,0.9708784,0.0006412377,0.008397539,0.0014616728,4.5694e-05,7.910374e-09,3.2861666e-05,0.00021077026,0.004246654,0.014070128
5.958861e-05,0.8856299,0.0028895887,0.050675053,0.002644085,1.4574532e-05,2.8249897e-08,1.749976e-05,0.0016837073,0.04456182,0.011824187
0.0011642228,0.9673718,0.0024193777,0.005400801,0.008199934,4.277197e-06,2.985471e-07,2.2812112e-06,0.00033480336,0.0015374931,0.013564665
0.0061200764,0.9624198,0.0014033769,0.0029730198,0.014547064,2.4042774e-07,8.097331e-07,1.683106e-07,0.00030467263,0.00051841734,0.011712316
0.08245912,0.39457917,0.12630635,0.03095495,0.22344172,1.1066313e-05,0.0007468431,2.9358382e-05,0.077050164,0.00048312746,0.063938096
0.7373302,0.14997983,0.00044498575,0.00012337076,0.10277171,7.090201e-07,0.0004069763,4.9836507e-07,0.002081027,0.0009624393,0.0058983094
0.7825544,0.024516705,2.4513314e-05,4.1500098e-06,0.13317522,0.0002006013,0.0039287307,7.8330515e-05,0.013491826,0.036907215,0.005118315
0.82080626,0.006975389,1.0243986e-05,7.581589e-07,0.06378289,0.00013689189,0.012372811,6.341962e-05,0.07624111,0.0056360248,0.013974205
0.23497547,0.018344134,0.12033263,0.06199514,0.028141111,0.0028530248,0.05007199,0.018681254,0.2722965,0.1455036,0.046805207
0.00016224333,0.0057321703,0.007990317,0.61970836,0.054582603,0.0006469447,5.7937064e-07,0.0024252634,0.13899273,4.34592e-06,0.16975443
0.43411228,0.29636952,0.03111178,0.11851398,0.044128675,5.2257383e-06,0.0016298904,0.00022582946,0.052776136,0.002412266,0.018714432
0.042739138,0.28873274,0.017346226,0.27523327,0.034551997,2.1822837e-07,5.490676e-05,2.0843358e-05,0.03839191,0.30018115,0.0027476533
0.002241391,0.88893557,0.0032120629,0.06828527,0.023805415,1.7506174e-07,8.294736e-07,5.2947416e-06,0.008371238,0.003357287,0.0017854844
0.00970384,0.8148698,0.0012042347,0.037458636,0.117711276,1.34988995e-05,6.357147e-08,2.5872921e-05,0.0025013897,0.013927708,0.0025836066
0.000102406426,0.9495617,0.0015693358,0.033705764,0.0042356267,3.2122512e-06,1.9452571e-08,1.8262517e-05,0.00085547334,0.0040717586,0.005876507
2.1764843e-05,0.90492094,0.0011331994,0.029926443,0.025945716,4.0467956e-05,9.875055e-09,0.00011210151,0.0013658279,0.0065907147,0.029942807
0.00014546177,0.9143437,0.0036604877,0.018557364,0.0044205114,0.00018509229,1.4728581e-06,0.00019199311,0.00039662456,0.025947254,0.032150153
0.0002115467,0.7010803,0.015296376,0.01484361,0.0034802775,0.0037348177,0.00015915924,0.0001666575,0.0076012746,0.2331231,0.02030287
0.00047547504,0.95830196,0.0013979147,0.011500765,0.008199809,2.2073693e-05,7.3201505e-08,1.376739e-05,0.00032014225,0.0006949077,0.019073084
0.0034974094,0.9475361,0.0016545309,0.0062084096,0.028630558,4.585451e-06,2.2672663e-07,2.8465452e-06,0.00045630653,0.00035346017,0.011655513
0.007693392,0.76413167,0.0012586014,0.0059909243,0.15078962,1.3142156e-05,4.4925488e-07,8.383728e-06,0.022046091,0.00085929787,0.047208317
0.2488516,0.4693731,0.0022467999,0.0015689186,0.26290354,2.7028366e-06,9.724036e-05,2.5106137e-06,0.0024452908,0.00045381123,0.012054497
0.3902961,0.16833258,0.00027018978,0.00016991654,0.20238486,3.5910674e-05,0.003242973,9.359513e-06,0.091173716,0.12775005,0.016334416
0.53521276,0.04730186,4.3092863e-05,1.6690707e-05,0.37927362,2.4990322e-05,0.00014179992,1.4589353e-05,0.021585012,0.0016237585,0.014761785
0.6377707,0.007496302,2.0574996e-06,7.3544726e-07,0.15833136,0.0007478799,0.0004922198,0.00044382922,0.13756822,0.000586803,0.05655987
0.1430757,0.012059055,0.006232242,0.0013856647,0.083401196,0.04011179,0.07545361,0.009849012,0.44078428,0.042889725,0.14475775
0.2194271,0.002788701,1.0050617e-08,1.0831287e-06,0.042014644,0.04785547,0.00014626613,0.0028206804,0.47590443,2.5027477e-05,0.20901656
0.00018026809,0.0044033546,0.0024536764,0.3297792,0.1422999,0.00041483023,6.1439245e-09,0.004814801,0.29367328,8.470357e-06,0.2219722
0.00045972026,0.009875947,1.5437347e-05,0.008114927,0.10909943,0.026841277,2.494767e-05,0.21151114,0.4714338,8.937318e-05,0.16253395
0.0005823882,0.9202237,0.012090624,0.022101287,0.008852598,4.8756738e-05,1.28426245e-05,2.7014305e-05,0.00034516567,0.0010006874,0.034714907
0.0006908393,0.92240167,0.0010802642,0.021652166,0.044481017,1.3938761e-05,2.1654055e-08,4.278549e-05,0.00051035464,0.000110858804,0.009015987
0.14847946,0.53285265,0.003227957,0.0041626105,0.2839318,0.00011568214,8.749199e-05,7.16419e-05,0.0018437423,0.00014757068,0.025079396
0.22356746,0.27928308,0.0016809436,0.001484666,0.3559129,8.596942e-05,0.001131418,0.00025493186,0.030251298,0.081931524,0.024415763
0.08681209,0.16859497,0.030656913,0.072280236,0.25801924,2.8985742e-06,3.116465e-05,2.5754969e-06,0.035946183,0.3205299,0.027123831
0.19078076,0.05004024,0.000115897885,0.0001569863,0.3975202,0.00018185846,0.0006018087,0.00016629427,0.11071339,0.11690704,0.13281548
0.20883143,0.0145553015,6.8597033e-06,1.4915223e-05,0.51601547,0.012003949,6.7138266e-05,0.042527415,0.115916304,0.02247804,0.06758319
0.017429795,0.043090925,5.2658374e-06,4.1290292e-05,0.18336822,0.09180804,3.7712612e-06,0.02516326,0.36430857,0.055766888,0.21901396
0.09985583,0.0014808761,4.1204293e-09,1.910389e-06,0.061767463,0.0006469525,3.816036e-08,0.0023094392,0.63743174,0.10526219,0.09124349
2.1393456e-05,0.00060312566,0.0010526697,0.3879245,0.06926817,1.8558028e-05,3.0462306e-09,0.0014236779,0.32893193,0.00023686168,0.2105191
0.00310275,0.6298437,0.014184285,0.040572144,0.018978095,0.00902741,0.00026564288,0.0006496596,0.09223207,0.18127054,0.009873706
0.021553343,0.6221988,0.009083951,0.0615286,0.2759247,9.106321e-05,2.094829e-06,0.0001270591,0.0014703228,5.2061903e-05,0.007967961
0.023165576,0.7723619,0.004339491,0.005338521,0.15085848,3.2138705e-06,2.8576553e-06,2.1851852e-06,0.0058530224,0.0007953624,0.03727947
0.343413,0.45428067,0.007727054,0.002761585,0.1610608,1.1650283e-06,0.00026070984,8.852572e-07,0.0019200299,4.150808e-05,0.028532589
0.2836816,0.1855144,0.0046625286,0.002126593,0.4555726,2.179448e-05,9.886532e-05,1.3942008e-05,0.008705181,0.00012689678,0.05947554
0.06291838,0.093700446,0.08623612,0.16464618,0.23243918,0.00023198717,0.0016606523,0.0020165173,0.10747279,0.17675528,0.071922466
0.0009359353,0.015867775,7.309595e-05,0.0009605072,0.3650042,0.00012805665,2.8323764e-06,0.0009968372,0.2497774,0.18571705,0.18053627
0.00023421146,0.00043231732,2.074692e-10,2.5370167e-07,0.15422139,1.1859325e-06,5.813914e-10,1.5182748e-05,0.41152877,0.24358387,0.18998277
0.113288626,0.7115459,0.06549314,0.07547009,0.021022294,9.847271e-05,0.0011400018,0.000137421,0.00025950125,0.0010045746,0.010540042
0.2643084,0.3036182,0.016890831,0.008829169,0.37817392,6.5471677e-06,0.0036220928,6.5428026e-06,0.0016036603,0.00032265641,0.022617996
0.19173573,0.34465522,0.17598581,0.027266325,0.14179812,7.578116e-06,0.070609905,7.119647e-06,0.006489088,0.0070256814,0.034419395
0.14341085,0.13975939,0.10451195,0.015885849,0.21830332,4.6063935e-05,0.07471646,3.5905752e-05,0.13332894,0.00011224793,0.16988903
0.05862672,0.11017233,0.018875714,0.014457316,0.1800097,0.12924655,0.008635712,0.038002245,0.31231618,0.0020450107,0.12761252
0.00011685364,0.0002305876,0.02530396,0.4999959,0.2656864,2.7588646e-07,4.0233886e-07,0.0009067542,0.12826908,4.3703214e-05,0.07944608
8.995693e-06,0.00010186166,0.003294914,0.62673414,0.25853258,3.5400046e-07,4.1830597e-09,0.0014954272,0.048151493,2.9449886e-05,0.061650738
