,Inhibitory Vip,Inhibitory Other,Inhibitory Sst,Inhibitory Pvalb,Endo,Other,Excitatory L6,Excitatory L2/3,Neuron Other,Excitatory L5,Excitatory L4,Olig,Astro,Micro,Smc
0,0.01799359731376171,0.1426439732313156,0.0329371877014637,0.024031061679124832,0.026924986392259598,0.006298346910625696,0.02405053749680519,0.03941738232970238,0.008406160399317741,0.0048378282226622105,0.08114160597324371,0.03282267972826958,0.5404196977615356,0.0013098149793222547,0.016765201464295387
1,0.0800970047712326,0.01900477148592472,0.0748649388551712,0.03267931565642357,0.03874930366873741,0.0032390065025538206,0.008723684586584568,0.011005224660038948,0.06959829479455948,0.025407196953892708,0.02508186735212803,0.24803616106510162,0.3017410933971405,0.008837366476655006,0.05293482542037964
2,0.005384415853768587,0.003014566143974662,0.020262261852622032,0.0026222681626677513,0.0031141468789428473,0.0017451329622417688,0.0017968987813219428,0.0012834792723879218,0.015223149210214615,0.010920555330812931,0.002704799873754382,0.9045931696891785,0.01658201962709427,0.002923286287114024,0.007829893380403519
3,0.012352184392511845,0.012001315131783485,0.023119326680898666,0.020622221753001213,0.012230115942656994,0.014761433936655521,0.012745153158903122,0.005811795126646757,0.03254831209778786,0.003317615482956171,0.030676178634166718,0.3269674777984619,0.4599872827529907,0.00744220893830061,0.025417422875761986
4,0.030613059177994728,0.07449705898761749,0.11783014237880707,0.03345000743865967,0.029806582257151604,0.007667470257729292,0.24480265378952026,0.03763096034526825,0.01634872332215309,0.007195513695478439,0.10602753609418869,0.14756444096565247,0.08368349075317383,0.007382849231362343,0.055499475449323654
5,0.06075386703014374,0.013246810995042324,0.03213068097829819,0.025836333632469177,0.015932179987430573,0.018845850601792336,0.4283447861671448,0.0502149872481823,0.017461860552430153,0.0203867144882679,0.06653353571891785,0.055681049823760986,0.15035860240459442,0.019636016339063644,0.024636702612042427
6,0.04064422845840454,0.014668526127934456,0.04311126470565796,0.05573004111647606,0.01220371387898922,0.00473273079842329,0.2448277771472931,0.0201347004622221,0.007410487160086632,0.06922464817762375,0.08028928935527802,0.259354829788208,0.09673701971769333,0.02780296839773655,0.023127835243940353
7,0.12109367549419403,0.014643185772001743,0.05794130265712738,0.016976425424218178,0.05348179116845131,0.03564492613077164,0.20283836126327515,0.0439906008541584,0.011340116150677204,0.1354844719171524,0.04762495681643486,0.09720771759748459,0.08273714035749435,0.016964545473456383,0.062030721455812454
8,0.060732364654541016,0.022222960367798805,0.0706164613366127,0.10952140390872955,0.007164843380451202,0.036372069269418716,0.1939048022031784,0.023031380027532578,0.021369250491261482,0.1858237385749817,0.03263380378484726,0.023068826645612717,0.14287474751472473,0.004667119588702917,0.06599617749452591
9,0.04994992911815643,0.036687057465314865,0.04322853684425354,0.06704899668693542,0.0094981724396348,0.07635448127985,0.04601170867681503,0.028496844694018364,0.003952823579311371,0.13260026276111603,0.05794476345181465,0.04758984223008156,0.36291608214378357,0.00949692353606224,0.02822355553507805
10,0.2950991988182068,0.015128837898373604,0.025173868983983994,0.08019284904003143,0.007846672087907791,0.027459900826215744,0.01381478551775217,0.019947972148656845,0.015476091764867306,0.24537818133831024,0.10887164622545242,0.01908082887530327,0.09630291163921356,0.01603442244231701,0.014191837050020695
11,0.05070532485842705,0.013912385329604149,0.08882229030132294,0.027647344395518303,0.0981079563498497,0.08294107019901276,0.022661276161670685,0.015520365908741951,0.017167815938591957,0.037100598216056824,0.21827523410320282,0.04926949366927147,0.19169382750988007,0.021191364154219627,0.06498359143733978
12,0.07796051353216171,0.011309905909001827,0.009203421883285046,0.021486200392246246,0.010792854242026806,0.01936519332230091,0.00837648194283247,0.01767122745513916,0.016347739845514297,0.02319914475083351,0.529146134853363,0.03667159378528595,0.1891890913248062,0.009339728392660618,0.0199408158659935
13,0.11745446920394897,0.023511523380875587,0.0464482456445694,0.016379576176404953,0.00525473989546299,0.024182384833693504,0.10946410149335861,0.024424996227025986,0.0035915363114327192,0.021765517070889473,0.4458458423614502,0.042003437876701355,0.061691638082265854,0.013538201339542866,0.0444437600672245
14,0.02739873342216015,0.011517916806042194,0.17029361426830292,0.024776745587587357,0.018905863165855408,0.01945447362959385,0.03130786865949631,0.24500782787799835,0.004917079117149115,0.007005083374679089,0.27081233263015747,0.02423771657049656,0.023213407024741173,0.020275237038731575,0.10087611526250839
15,0.10258179157972336,0.02333509735763073,0.018943648785352707,0.1353742629289627,0.019694751128554344,0.024148564785718918,0.027719900012016296,0.3319050669670105,0.004023997113108635,0.018423231318593025,0.012616072781383991,0.10645408183336258,0.06254203617572784,0.021278029307723045,0.09095945954322815
16,0.024044040590524673,0.014669736847281456,0.026808129623532295,0.033750515431165695,0.01333305798470974,0.022112764418125153,0.1288253217935562,0.2770954370498657,0.014740514568984509,0.00670649204403162,0.025347238406538963,0.014187655411660671,0.36225247383117676,0.010638443753123283,0.025488117709755898
17,0.35916391015052795,0.02958548069000244,0.062489867210388184,0.041891176253557205,0.030953770503401756,0.011946114711463451,0.03874119371175766,0.05633826181292534,0.04417787492275238,0.04071342200040817,0.0553455576300621,0.03353226184844971,0.10114075988531113,0.0336158387362957,0.06036456674337387
18,0.0352962464094162,0.01545702014118433,0.05156352370977402,0.01901179552078247,0.009322695434093475,0.010377693921327591,0.011964996345341206,0.007813375443220139,0.04099206626415253,0.009187285788357258,0.02162940427660942,0.010310632176697254,0.0962449386715889,0.603547990322113,0.0572802908718586
19,0.1964670568704605,0.029910940676927567,0.023071549832820892,0.048239387571811676,0.012624443508684635,0.05192405730485916,0.005253186449408531,0.0047424063086509705,0.0015539019368588924,0.0016612125327810645,0.001425568712875247,0.021222727373242378,0.5822806358337402,0.010700741782784462,0.008922184817492962
20,0.16002331674098969,0.016940658912062645,0.028509795665740967,0.056700583547353745,0.01109490916132927,0.02320210635662079,0.002698902040719986,0.03928755596280098,0.01356979925185442,0.06058565899729729,0.009219163097441196,0.03912325203418732,0.48321107029914856,0.01139388419687748,0.04443950206041336
21,0.006384871434420347,0.009162143804132938,0.056579966098070145,0.0062233032658696175,0.005363098811358213,0.004201308824121952,0.003634962486103177,0.003239812795072794,0.025980208069086075,0.015172792598605156,0.004860294051468372,0.7440045475959778,0.1005513072013855,0.0023277883883565664,0.01231355406343937
22,0.007656103931367397,0.010530749335885048,0.007204415742307901,0.0069274017587304115,0.0036539097782224417,0.013358525931835175,0.009747485630214214,0.003404452931135893,0.022699380293488503,0.010662602260708809,0.009666959755122662,0.8145004510879517,0.051859986037015915,0.002310495125129819,0.025816969573497772
23,0.022704381495714188,0.013928363099694252,0.019514299929142,0.032119929790496826,0.009229455143213272,0.02219442091882229,0.3425035774707794,0.04034651070833206,0.01007913239300251,0.013502496294677258,0.07548658549785614,0.07891726493835449,0.2741544842720032,0.01139917690306902,0.033919982612133026
24,0.10719583928585052,0.02413662150502205,0.04436454176902771,0.048543788492679596,0.009870939888060093,0.005335891619324684,0.5089555382728577,0.012056383304297924,0.006729871034622192,0.021233752369880676,0.020679142326116562,0.040703535079956055,0.11775007843971252,0.010423200204968452,0.022020917385816574
25,0.0846855491399765,0.03011391870677471,0.012105632573366165,0.025899266824126244,0.013537897728383541,0.018222931772470474,0.4928974509239197,0.057366009801626205,0.012763861566781998,0.06158430129289627,0.06085820123553276,0.029609281569719315,0.07422176748514175,0.00819456484168768,0.017939351499080658
26,0.09279710054397583,0.06911399215459824,0.011747440323233604,0.05494442582130432,0.01235902402549982,0.013435395434498787,0.15386483073234558,0.0835193544626236,0.006387151777744293,0.3059501051902771,0.013664833270013332,0.06982934474945068,0.058783743530511856,0.013812052085995674,0.03979122266173363
27,0.06015240028500557,0.10836084932088852,0.0367460623383522,0.04549671709537506,0.07624391466379166,0.041542746126651764,0.02536860853433609,0.018500488251447678,0.015562777407467365,0.13772211968898773,0.10694503039121628,0.14530761539936066,0.16047735512256622,0.006012816447764635,0.01556047797203064
28,0.11080365628004074,0.03367043286561966,0.052138134837150574,0.025153983384370804,0.012962118722498417,0.008903756737709045,0.019062107428908348,0.059054698795080185,0.01268744096159935,0.0929909348487854,0.00395199004560709,0.2998948097229004,0.13746961951255798,0.012330851517617702,0.11892536282539368
29,0.1633947491645813,0.008503411896526814,0.006006039213389158,0.01435284223407507,0.025324029847979546,0.028652023524045944,0.010487968102097511,0.013735818676650524,0.018461033701896667,0.2736401855945587,0.04032325744628906,0.024752099066972733,0.3534010052680969,0.007985097356140614,0.010980520397424698
30,0.03962830454111099,0.021693143993616104,0.010943868197500706,0.04730676859617233,0.12244317680597305,0.052827220410108566,0.015264976769685745,0.010070407763123512,0.029136897996068,0.09863794595003128,0.24339847266674042,0.1080704927444458,0.14089076220989227,0.029125509783625603,0.030562011525034904
31,0.02875061333179474,0.0493549183011055,0.027098294347524643,0.11321322619915009,0.10175791382789612,0.01641451008617878,0.05486706271767616,0.02117500640451908,0.01692970097064972,0.01320361252874136,0.1805524080991745,0.08623087406158447,0.1954253613948822,0.04081082344055176,0.054215725511312485
32,0.06822022795677185,0.0183562058955431,0.008378664031624794,0.0667976662516594,0.09106474369764328,0.2701965868473053,0.015633853152394295,0.06971780210733414,0.007312661036849022,0.05869542807340622,0.11870107799768448,0.024503236636519432,0.1339268684387207,0.018355263397097588,0.03013959713280201
33,0.06817758828401566,0.04968288540840149,0.021312924101948738,0.027971800416707993,0.02017838880419731,0.016365977004170418,0.09010644257068634,0.2916828691959381,0.00810397882014513,0.03172178938984871,0.05281183123588562,0.03638458624482155,0.24508699774742126,0.011150442995131016,0.029261451214551926
34,0.11554749310016632,0.011882084421813488,0.026278812438249588,0.06286914646625519,0.01882627047598362,0.02115662768483162,0.04124869406223297,0.2275376319885254,0.015702221542596817,0.06209361553192139,0.06879551708698273,0.032196857035160065,0.18218129873275757,0.04434259608387947,0.06934100389480591
35,0.30751508474349976,0.024919262155890465,0.014897950924932957,0.2101518213748932,0.05219751223921776,0.01561499759554863,0.026120897382497787,0.11660334467887878,0.009371393360197544,0.01791890151798725,0.03074836917221546,0.04214087873697281,0.06416963785886765,0.029501525685191154,0.03812844678759575
36,0.12007652968168259,0.007317924872040749,0.020085524767637253,0.06037777662277222,0.02548821084201336,0.02385948970913887,0.04807405173778534,0.2716139853000641,0.008889875374734402,0.006761383730918169,0.051935192197561264,0.03724076226353645,0.13866646587848663,0.10164476186037064,0.07796809822320938
37,0.050753187388181686,0.2600169777870178,0.014987638220191002,0.005319234449416399,0.07586206495761871,0.005657737143337727,0.03063076362013817,0.017854701727628708,0.009961450472474098,0.0016836428549140692,0.038152340799570084,0.020146848633885384,0.4029717445373535,0.04338314011693001,0.022618424147367477
38,0.22512748837471008,0.07437467575073242,0.015074937604367733,0.032670553773641586,0.03357122838497162,0.014942566864192486,0.29863378405570984,0.010003271512687206,0.013352049514651299,0.01948169246315956,0.07743870466947556,0.031530462205410004,0.12061036378145218,0.018873458728194237,0.01431477814912796
39,0.11465302109718323,0.14561787247657776,0.0557364858686924,0.12071462720632553,0.02161329984664917,0.01591443456709385,0.09507344663143158,0.06660148501396179,0.02426104061305523,0.012448701076209545,0.007488549686968327,0.2189864069223404,0.0576353557407856,0.023140786215662956,0.020114488899707794
40,0.07527607679367065,0.014831120148301125,0.02200254797935486,0.022174641489982605,0.013293039985001087,0.014842531643807888,0.018175844103097916,0.002863882575184107,0.024163367226719856,0.0015475080581381917,0.006601696368306875,0.44162243604660034,0.28742897510528564,0.010728668421506882,0.04444761946797371
41,0.03011160157620907,0.004311899654567242,0.015154280699789524,0.010491250082850456,0.016523195430636406,0.013139837421476841,0.015858279541134834,0.010064388625323772,0.010005771182477474,0.005682159215211868,0.0034901597537100315,0.4337070882320404,0.36121565103530884,0.0031424365006387234,0.0671020969748497
42,0.07296033948659897,0.020632721483707428,0.05606268718838692,0.012165959924459457,0.009302583523094654,0.013991374522447586,0.26739442348480225,0.03873259201645851,0.015661027282476425,0.06998636573553085,0.10685550421476364,0.07828979939222336,0.16769887506961823,0.014629611745476723,0.05563614144921303
43,0.017318470403552055,0.007564995903521776,0.015946006402373314,0.051374707370996475,0.011499105952680111,0.01445069257169962,0.4367924630641937,0.027388855814933777,0.009798317216336727,0.04238789528608322,0.03866313025355339,0.06188333407044411,0.21295280754566193,0.024656906723976135,0.027322350069880486
44,0.09268476068973541,0.009677119553089142,0.01070976722985506,0.1504480093717575,0.012494184076786041,0.013398231938481331,0.15007326006889343,0.034140173345804214,0.01453671045601368,0.14780236780643463,0.04497751593589783,0.043181322515010834,0.2475038319826126,0.009637076407670975,0.018735714256763458
45,0.04192249849438667,0.00518142431974411,0.11022262275218964,0.06383416801691055,0.01887512020766735,0.018422147259116173,0.016664084047079086,0.11952947825193405,0.012903138995170593,0.13861335813999176,0.026962557807564735,0.0975622609257698,0.26708871126174927,0.022327063605189323,0.03989141061902046
46,0.06841698288917542,0.03121463768184185,0.07651258260011673,0.04440240189433098,0.02224799059331417,0.02683544158935547,0.026664935052394867,0.05700812116265297,0.011700530536472797,0.10446790605783463,0.09902684390544891,0.06823365390300751,0.31230005621910095,0.013256730511784554,0.03771119937300682
47,0.08048215508460999,0.0763975977897644,0.007102661766111851,0.07087062299251556,0.021932968869805336,0.007629097439348698,0.035341423004865646,0.027684533968567848,0.007319380063563585,0.20446109771728516,0.06678502261638641,0.024246584624052048,0.3465074598789215,0.009094211272895336,0.014145132154226303
48,0.154279887676239,0.046312253922224045,0.011449305340647697,0.10381697863340378,0.012785833328962326,0.08253830671310425,0.04047974571585655,0.028330141678452492,0.012387615628540516,0.15756358206272125,0.10744565725326538,0.07674548774957657,0.12350759655237198,0.019828153774142265,0.022529371082782745
49,0.04181676357984543,0.019524214789271355,0.015050143003463745,0.07831533998250961,0.020266426727175713,0.011478577740490437,0.01957251876592636,0.0221073180437088,0.01203178707510233,0.021426638588309288,0.4316196143627167,0.043812088668346405,0.2097720056772232,0.02953444793820381,0.02367212623357773
50,0.06020568683743477,0.0438995435833931,0.006033909507095814,0.2123780995607376,0.019071046262979507,0.024332057684659958,0.055171772837638855,0.01814495585858822,0.0069493139162659645,0.008499257266521454,0.4169239401817322,0.027504779398441315,0.06362918764352798,0.01206386648118496,0.025192616507411003
51,0.10232653468847275,0.0776989534497261,0.012511043809354305,0.08436287194490433,0.04430839791893959,0.01449262909591198,0.04063408449292183,0.2269233614206314,0.010969085618853569,0.020216617733240128,0.09101170301437378,0.12326885014772415,0.10692237317562103,0.01786748506128788,0.026486016809940338
52,0.027260061353445053,0.03855336830019951,0.026536475867033005,0.2701989710330963,0.018192684277892113,0.05725310742855072,0.05695892497897148,0.3284291625022888,0.010970006696879864,0.011961276642978191,0.019665254279971123,0.010863632895052433,0.08717075735330582,0.011386699043214321,0.02459963783621788
53,0.20775949954986572,0.017625268548727036,0.023239988833665848,0.050686389207839966,0.008228733204305172,0.011439945548772812,0.12342555820941925,0.258037269115448,0.008596979081630707,0.029373859986662865,0.13831260800361633,0.026130981743335724,0.0578840970993042,0.014344570226967335,0.02491423860192299
54,0.16315488517284393,0.01756018027663231,0.1527044028043747,0.09227869659662247,0.008809366263449192,0.029649578034877777,0.15760204195976257,0.11469215154647827,0.003761753672733903,0.0064623430371284485,0.06447891145944595,0.01422908529639244,0.0725364163517952,0.020226195454597473,0.081853948533535
55,0.11136311292648315,0.06120431423187256,0.030563686043024063,0.025345267727971077,0.010188263840973377,0.008345338515937328,0.006835551466792822,0.0569022037088871,0.003311045467853546,0.004146319814026356,0.0564831905066967,0.012497078627347946,0.5353193879127502,0.05261017382144928,0.024884989485144615
56,0.04591010883450508,0.009437263011932373,0.009904343634843826,0.02869071252644062,0.016303615644574165,0.008107089437544346,0.007049214094877243,0.01401987113058567,0.002848610747605562,0.004542539827525616,0.0035547532606869936,0.023563982918858528,0.8039724230766296,0.015085643157362938,0.00700985174626112
57,0.03466027230024338,0.03587637469172478,0.029167773202061653,0.017957571893930435,0.03594569116830826,0.028808198869228363,0.036758363246917725,0.13165897130966187,0.008781698532402515,0.0989367887377739,0.027735238894820213,0.06586682796478271,0.19638030230998993,0.17939427495002747,0.07207167893648148
58,0.06385574489831924,0.008874429389834404,0.01859707571566105,0.06891477853059769,0.014418928883969784,0.003590811975300312,0.0030274372547864914,0.006208948791027069,0.02695840783417225,0.1059272438287735,0.0016405604546889663,0.12076535075902939,0.46135303378105164,0.013129272498190403,0.08273795247077942
59,0.028469780460000038,0.011478518135845661,0.0500510074198246,0.007552092894911766,0.007887478917837143,0.011100005358457565,0.026286030188202858,0.012125043198466301,0.010939782485365868,0.007579244207590818,0.007346002385020256,0.5723583698272705,0.13981719315052032,0.003049889812245965,0.10395950078964233
60,0.01307107973843813,0.004060927778482437,0.010861705988645554,0.007010466419160366,0.006558137945830822,0.008333451114594936,0.0070153288543224335,0.006459989584982395,0.00797176267951727,0.0040255095809698105,0.01789647713303566,0.8669132590293884,0.02111622877418995,0.003098096000030637,0.015607560984790325
61,0.11498652398586273,0.018622195348143578,0.015220500528812408,0.10911035537719727,0.04898495227098465,0.009079870767891407,0.09967990964651108,0.12651397287845612,0.019453728571534157,0.10492943227291107,0.045173730701208115,0.1235288679599762,0.14105111360549927,0.009979920461773872,0.013684955425560474
62,0.025037644430994987,0.047632165253162384,0.017852753400802612,0.04821493849158287,0.027151044458150864,0.01382362935692072,0.2305835485458374,0.06170337274670601,0.026431292295455933,0.07365089654922485,0.07430851459503174,0.07639801502227783,0.23951658606529236,0.01802700385451317,0.019668569788336754
63,0.03021957352757454,0.01835896074771881,0.020760390907526016,0.07144270092248917,0.0084871556609869,0.012399259023368359,0.5972371101379395,0.0102061927318573,0.014599542133510113,0.02156146615743637,0.04846180975437164,0.039109840989112854,0.06166063994169235,0.00811583548784256,0.03737952187657356
64,0.07602938264608383,0.0875505656003952,0.02051563374698162,0.015765143558382988,0.002398841781541705,0.0025301831774413586,0.27246662974357605,0.011929015628993511,0.05222991481423378,0.28092077374458313,0.017233867198228836,0.10611388832330704,0.023189228028059006,0.006872466299682856,0.02425450272858143
65,0.059489358216524124,0.012690749950706959,0.013864346779882908,0.061191532760858536,0.015719279646873474,0.011347613297402859,0.026736730709671974,0.014239341020584106,0.02382819727063179,0.3637264370918274,0.04742809012532234,0.13463234901428223,0.10896997898817062,0.03122802823781967,0.07490785419940948
66,0.031081698834896088,0.052930042147636414,0.02570429816842079,0.10586215555667877,0.04239290952682495,0.008087691850960255,0.048562705516815186,0.09143904596567154,0.01216315757483244,0.133067786693573,0.09205757826566696,0.030273117125034332,0.30099236965179443,0.01033235713839531,0.015053113922476768
67,0.14833283424377441,0.03932758420705795,0.04103627800941467,0.06698186695575714,0.025188695639371872,0.035027965903282166,0.024799373000860214,0.004935184959322214,0.010034606792032719,0.07125615328550339,0.3410109579563141,0.07898727059364319,0.062220606952905655,0.029284844174981117,0.021575750783085823
68,0.014469807036221027,0.009733394719660282,0.01699700765311718,0.03866136819124222,0.0053676581010222435,0.009862296283245087,0.04083568602800369,0.006872524973005056,0.006008170545101166,0.008015246130526066,0.6514822244644165,0.01866067573428154,0.1173853799700737,0.025698011741042137,0.02995040826499462
69,0.0223768912255764,0.01581123284995556,0.008667047135531902,0.024652549996972084,0.010377159342169762,0.019629353657364845,0.034030187875032425,0.00864255428314209,0.009878148324787617,0.02042151242494583,0.6716630458831787,0.04967192932963371,0.07989493012428284,0.010979526676237583,0.013303959742188454
70,0.06650939583778381,0.014446670189499855,0.01905285380780697,0.06569881737232208,0.0106906583532691,0.0243962574750185,0.039252568036317825,0.05299747362732887,0.007213136646896601,0.03128201514482498,0.36311063170433044,0.05147753655910492,0.1910499483346939,0.014379852451384068,0.04844208061695099
71,0.07270032912492752,0.024688610807061195,0.020344840362668037,0.045371972024440765,0.015272597782313824,0.042982932180166245,0.08525990694761276,0.33541157841682434,0.011088790372014046,0.020385753363370895,0.023739274591207504,0.0205096285790205,0.23847730457782745,0.010063965804874897,0.03370242938399315
72,0.14259308576583862,0.007116289809346199,0.03423244506120682,0.3154184818267822,0.007807647809386253,0.03511783108115196,0.06349597126245499,0.10355973243713379,0.006665617227554321,0.02635023184120655,0.03493591398000717,0.015676753595471382,0.17062386870384216,0.009902304038405418,0.0265037938952446
73,0.051596883684396744,0.014160113409161568,0.01899871975183487,0.03138502687215805,0.009776773862540722,0.014496326446533203,0.08322551101446152,0.5356689691543579,0.008327010087668896,0.0106632886454463,0.015474172309041023,0.023778019472956657,0.1268080621957779,0.014481215737760067,0.04115985706448555
74,0.20567837357521057,0.1101941466331482,0.024416780099272728,0.02775546908378601,0.04318512976169586,0.021707739681005478,0.007653180975466967,0.0378195084631443,0.006498835049569607,0.006187972147017717,0.017925994470715523,0.009150211699306965,0.4297056794166565,0.041120752692222595,0.011000225320458412
75,0.07142715156078339,0.006162325385957956,0.011906012892723083,0.008511895313858986,0.019353382289409637,0.008649018593132496,0.010465167462825775,0.0016537288902327418,0.023487653583288193,0.011554194614291191,0.005929300561547279,0.06440366804599762,0.7304090857505798,0.013607450760900974,0.01247994601726532
76,0.045399028807878494,0.048429131507873535,0.003587632207199931,0.007011211942881346,0.007241882383823395,0.01653406210243702,0.0022769086062908173,0.011836115270853043,0.005511170253157616,0.7678318619728088,0.006051018368452787,0.03131989762187004,0.02804878167808056,0.004631007090210915,0.014290179125964642
77,0.10260791331529617,0.010386614128947258,0.03039153665304184,0.06181183457374573,0.007008104119449854,0.009050337597727776,0.0076422845013439655,0.0014177077682688832,0.015598669648170471,0.029890306293964386,0.008095551282167435,0.04848640039563179,0.6433179974555969,0.004232148639857769,0.02006257325410843
78,0.07470501959323883,0.009434033185243607,0.05010771378874779,0.012541858479380608,0.009206278249621391,0.01392347551882267,0.002373248338699341,0.003160883439704776,0.03136657178401947,0.0051080575212836266,0.01176712941378355,0.6486248970031738,0.10341344028711319,0.009594754315912724,0.014672632329165936
79,0.10967034101486206,0.015245407819747925,0.029011592268943787,0.01930271089076996,0.005624806974083185,0.004890959244221449,0.028180772438645363,0.022616267204284668,0.025081992149353027,0.0183404628187418,0.02130117639899254,0.46184369921684265,0.13138410449028015,0.00854404829442501,0.09896165132522583
80,0.14613373577594757,0.011619179509580135,0.025745021179318428,0.015544057823717594,0.021938523277640343,0.012889555655419827,0.2746294140815735,0.0397152379155159,0.008808374404907227,0.18295980989933014,0.041581347584724426,0.06245489418506622,0.11682984232902527,0.015964889898896217,0.023186182603240013
81,0.13876037299633026,0.01230895146727562,0.03410610184073448,0.03979549556970596,0.0194703359156847,0.010598236694931984,0.36605748534202576,0.15281669795513153,0.008950453251600266,0.022950107231736183,0.03285294026136398,0.0470440573990345,0.06004513055086136,0.01868898794054985,0.035554543137550354
82,0.17657727003097534,0.02005474828183651,0.043365705758333206,0.13362343609333038,0.061390407383441925,0.013768862932920456,0.034885473549366,0.00831649824976921,0.01503404788672924,0.06341821700334549,0.012919597327709198,0.06091342121362686,0.31390875577926636,0.007656319532543421,0.034167151898145676
83,0.08276288956403732,0.02002195082604885,0.04052666202187538,0.32525718212127686,0.01108227763324976,0.007450436241924763,0.02471514604985714,0.0073594022542238235,0.01120573841035366,0.09685669839382172,0.03349114954471588,0.11525757610797882,0.15231962502002716,0.03287452459335327,0.03881877660751343
84,0.02898818626999855,0.0159893985837698,0.019267970696091652,0.048364609479904175,0.008876287378370762,0.021687978878617287,0.009215190075337887,0.04814574122428894,0.005186847411096096,0.43889257311820984,0.0073790522292256355,0.03122902475297451,0.2837066352367401,0.003848282853141427,0.029222119599580765
85,0.009328116662800312,0.012067260220646858,0.00906324665993452,0.01828281208872795,0.004086886532604694,0.04445524886250496,0.008649389259517193,0.04355001077055931,0.008375069126486778,0.40615057945251465,0.019499128684401512,0.027221007272601128,0.3613743185997009,0.003315434791147709,0.024581508710980415
86,0.03242824599146843,0.028591202571988106,0.23512385785579681,0.027841033414006233,0.03112945146858692,0.026680229231715202,0.01331263966858387,0.00856782216578722,0.007538309786468744,0.021810956299304962,0.33514049649238586,0.04320541396737099,0.1438232809305191,0.006605893839150667,0.038201164454221725
87,0.023877734318375587,0.032111167907714844,0.06164282560348511,0.022684600204229355,0.019510990008711815,0.013153654523193836,0.019517607986927032,0.020650427788496017,0.008296092040836811,0.024815622717142105,0.38142722845077515,0.0400080531835556,0.269916832447052,0.024758346378803253,0.03762878477573395
88,0.017713239416480064,0.007740322966128588,0.013662814162671566,0.02773304097354412,0.01394703146070242,0.006560620851814747,0.02438925765454769,0.002912615891546011,0.018706215545535088,0.004503200296312571,0.7285580039024353,0.023030484095215797,0.0677579939365387,0.015359009616076946,0.02742617391049862
89,0.017278917133808136,0.049443867057561874,0.017215708270668983,0.008336500264704227,0.013587268069386482,0.02731788158416748,0.033896468579769135,0.16697973012924194,0.006992194801568985,0.007851002737879753,0.46503981947898865,0.08984266966581345,0.05819996818900108,0.011870425194501877,0.02614760398864746
90,0.025330370292067528,0.015160215087234974,0.08002282679080963,0.046459801495075226,0.034339938312768936,0.010890322737395763,0.04339289665222168,0.3172019124031067,0.06933625042438507,0.023266049101948738,0.020802833139896393,0.03028195910155773,0.23795141279697418,0.016972646117210388,0.02859058789908886
91,0.059229254722595215,0.160039022564888,0.022584447637200356,0.024098586291074753,0.013388179242610931,0.11682166904211044,0.06444447487592697,0.001819414901547134,0.003986590541899204,0.0017371262656524777,0.01133575290441513,0.08015177398920059,0.0878225713968277,0.33120062947273254,0.021340463310480118
92,0.1258397102355957,0.011662369593977928,0.01631295680999756,0.10359279811382294,0.011364844627678394,0.01356230117380619,0.014840060845017433,0.33410656452178955,0.009651985950767994,0.003458813764154911,0.04578988254070282,0.02446959912776947,0.23698323965072632,0.020311232656240463,0.028053555637598038
93,0.06640329957008362,0.0018368035089224577,0.029700992628932,0.017385333776474,0.022778837010264397,0.0033639217726886272,0.0054877265356481075,0.0810433104634285,0.008751959539949894,0.0003633062879089266,0.01014499831944704,0.22511589527130127,0.44024157524108887,0.07928752899169922,0.008094451390206814
94,0.021389517933130264,0.02394413761794567,0.04613541066646576,0.021242497488856316,0.005336845759302378,0.018050212413072586,0.003837606869637966,0.011899190954864025,0.10252580046653748,0.005860260687768459,0.008602483198046684,0.5827519297599792,0.0989595279097557,0.010762368328869343,0.038702141493558884
95,0.06836071610450745,0.08340679854154587,0.009964742697775364,0.04181741923093796,0.03136591240763664,0.003825194900855422,0.05715322121977806,0.004329978954046965,0.023658758029341698,0.43533003330230713,0.010261749848723412,0.05652964115142822,0.11999358236789703,0.013049331493675709,0.040952958166599274
96,0.021633261814713478,0.027885979041457176,0.014285867102444172,0.022826936095952988,0.01859699934720993,0.011790038086473942,0.005222715437412262,0.003711719298735261,0.043897420167922974,0.01549544557929039,0.010242030024528503,0.25839316844940186,0.4934057295322418,0.010891953483223915,0.04172060266137123
97,0.013598221354186535,0.0014783431543037295,0.008563242852687836,0.002334148157387972,0.0031105729285627604,0.003036303911358118,0.003655408276244998,0.003536445088684559,0.014082374051213264,0.0069914017803967,0.017894642427563667,0.6941538453102112,0.19413936138153076,0.0057684509083628654,0.027657264843583107
98,0.05301671102643013,0.0037480725441128016,0.022146806120872498,0.013798341155052185,0.019180167466402054,0.0054417685605585575,0.047092560678720474,0.10169024765491486,0.05595295503735542,0.06239908188581467,0.012334614992141724,0.3681783378124237,0.1995101422071457,0.0049867588095366955,0.030523428693413734
99,0.06363009661436081,0.007459834683686495,0.018368452787399292,0.007538863457739353,0.011680451221764088,0.008285453543066978,0.4737967550754547,0.05828797072172165,0.01082264631986618,0.08987603336572647,0.030941883102059364,0.09899492561817169,0.02746535837650299,0.01652107574045658,0.07633015513420105
100,0.03917962685227394,0.025392770767211914,0.020314401015639305,0.1399209201335907,0.01478959433734417,0.02515253983438015,0.18896923959255219,0.018502701073884964,0.030491922050714493,0.03457999229431152,0.06144025921821594,0.07660157978534698,0.2838388681411743,0.0076425098814070225,0.03318303823471069
101,0.10441857576370239,0.029943477362394333,0.18098866939544678,0.052582453936338425,0.003584114834666252,0.01583794318139553,0.2324528992176056,0.029408050701022148,0.008447418920695782,0.059880126267671585,0.02071503922343254,0.0861951932311058,0.07344333827495575,0.014627659693360329,0.0874750018119812
102,0.13318166136741638,0.03568530082702637,0.16880454123020172,0.029573963955044746,0.021884286776185036,0.010086334310472012,0.023708617314696312,0.02351978048682213,0.00932774692773819,0.05948156863451004,0.0748017430305481,0.05271697789430618,0.2935655415058136,0.010838345624506474,0.052823640406131744
103,0.10236275941133499,0.028956247493624687,0.042768824845552444,0.08365671336650848,0.03190157189965248,0.01399683952331543,0.06458909064531326,0.02296622283756733,0.01898479275405407,0.18733569979667664,0.020666291937232018,0.03092304803431034,0.31593456864356995,0.016161536797881126,0.01879590004682541
104,0.07948329299688339,0.09667588770389557,0.05442780628800392,0.08560480922460556,0.004530222620815039,0.03588249906897545,0.11439431458711624,0.054841261357069016,0.007924763485789299,0.11306340992450714,0.05308600887656212,0.14371244609355927,0.08507692068815231,0.018292324617505074,0.05300407111644745
105,0.029682569205760956,0.03522064909338951,0.04734295234084129,0.053230687975883484,0.018504993990063667,0.015055534429848194,0.01582944393157959,0.009111491963267326,0.01090947911143303,0.006834694184362888,0.40060991048812866,0.031778935343027115,0.29051828384399414,0.010531346313655376,0.024839060381054878
106,0.018362045288085938,0.040834542363882065,0.044873449951410294,0.09196265786886215,0.01902468316257,0.011443999595940113,0.012027869001030922,0.0104220574721694,0.007559204939752817,0.019966885447502136,0.48435547947883606,0.03166571259498596,0.17040057480335236,0.014338811859488487,0.02276194468140602
107,0.02899279072880745,0.013068622909486294,0.10643299669027328,0.051391538232564926,0.015802564099431038,0.015520535409450531,0.0400431789457798,0.014414027333259583,0.007270347326993942,0.012933478690683842,0.5057771801948547,0.01890636421740055,0.11629168689250946,0.013116983696818352,0.040037695318460464
108,0.08782012015581131,0.009989900514483452,0.041269395500421524,0.089848592877388,0.01381699275225401,0.03324427455663681,0.11611735820770264,0.11168970912694931,0.013782131485641003,0.014996816404163837,0.1501810997724533,0.017470672726631165,0.2296874076128006,0.012352502904832363,0.05773290619254112
109,0.12294495850801468,0.01972169615328312,0.0644776001572609,0.0824371874332428,0.02421131171286106,0.014942018315196037,0.010942734777927399,0.18427269160747528,0.015025376342236996,0.036054980009794235,0.17851898074150085,0.026635605841875076,0.16539178788661957,0.010948148556053638,0.043474920094013214
110,0.2218647450208664,0.027533510699868202,0.022579554468393326,0.04539026692509651,0.010846457444131374,0.019875768572092056,0.024377036839723587,0.2803024649620056,0.01177009753882885,0.0707736387848854,0.0966004729270935,0.04221400246024132,0.05767824128270149,0.02351188100874424,0.0446818582713604
111,0.10081439465284348,0.02894517593085766,0.024716483429074287,0.06364879012107849,0.005027176346629858,0.017192140221595764,0.04714299738407135,0.43829330801963806,0.008920794352889061,0.02180674858391285,0.04566996917128563,0.0228069219738245,0.11234394460916519,0.030818959698081017,0.031852178275585175
112,0.12866826355457306,0.006389646790921688,0.012529538944363594,0.04441795498132706,0.05775965750217438,0.01799902133643627,0.014957181178033352,0.1094672754406929,0.027685055509209633,0.015832237899303436,0.05793879181146622,0.06877686083316803,0.4121328294277191,0.006230583880096674,0.01921512745320797
113,0.019420543685555458,0.20941931009292603,0.053719159215688705,0.3664548695087433,0.04917782545089722,0.031550172716379166,0.006557011976838112,0.0017730501713231206,0.01186855137348175,0.007757134269922972,0.0005803899839520454,0.007305982988327742,0.16652609407901764,0.02538559027016163,0.042504359036684036
114,0.03512822836637497,0.0033924560993909836,0.01653047651052475,0.02766319550573826,0.005492988973855972,0.00439089722931385,0.00361651717685163,0.007103427778929472,0.015266642905771732,0.04116592928767204,0.004544164519757032,0.3595488965511322,0.42686229944229126,0.010406925342977047,0.03888701647520065
115,0.028202056884765625,0.007917032577097416,0.013391358777880669,0.008320598863065243,0.008268403820693493,0.00679019745439291,0.014103671535849571,0.010999706573784351,0.017243551090359688,0.019245322793722153,0.02454352006316185,0.7127121686935425,0.07731930911540985,0.0034727768506854773,0.047470446676015854
116,0.03254023566842079,0.005340977571904659,0.01557106152176857,0.0202113538980484,0.024771949276328087,0.003669316414743662,0.19483356177806854,0.05629255250096321,0.02072637528181076,0.0636998638510704,0.05079644173383713,0.39422327280044556,0.0364057682454586,0.014310724101960659,0.06660644710063934
117,0.02298923023045063,0.02198856882750988,0.012516831047832966,0.01846921257674694,0.008387633599340916,0.010963919572532177,0.593441903591156,0.012280488386750221,0.019807226955890656,0.03861436992883682,0.06649971008300781,0.08969752490520477,0.05602756515145302,0.007845418527722359,0.02047044411301613
118,0.02990821748971939,0.007763192057609558,0.008938489481806755,0.05865684151649475,0.008825057186186314,0.013578511774539948,0.4969519078731537,0.026283396407961845,0.009074922651052475,0.039793435484170914,0.0798070952296257,0.05526755005121231,0.1334632933139801,0.012985738925635815,0.01870238035917282
119,0.03822799026966095,0.011209512129426003,0.033718422055244446,0.02085789479315281,0.020127566531300545,0.011780648492276669,0.40665000677108765,0.036113888025283813,0.018019698560237885,0.09410359710454941,0.02871476113796234,0.10275720059871674,0.0928705483675003,0.030935274437069893,0.05391303822398186
120,0.038629237562417984,0.008810062892735004,0.04550191015005112,0.0817834883928299,0.01147480122745037,0.005099208559840918,0.00857656542211771,0.016326885670423508,0.014061031863093376,0.29357093572616577,0.011817015707492828,0.3816870450973511,0.03594658896327019,0.023289497941732407,0.02342562936246395
121,0.15478582680225372,0.04043024778366089,0.03510206565260887,0.15512299537658691,0.01057992409914732,0.018722794950008392,0.07594479620456696,0.02900719828903675,0.02588757500052452,0.21783305704593658,0.046809107065200806,0.06690028309822083,0.07338022440671921,0.018141217529773712,0.031352702528238297
122,0.10886366665363312,0.027878861874341965,0.05061784386634827,0.01916421391069889,0.015034557320177555,0.030658433213829994,0.029723377898335457,0.07657599449157715,0.006193881388753653,0.13878214359283447,0.22206947207450867,0.04868562892079353,0.1519610583782196,0.03067339025437832,0.04311741515994072
123,0.010531307198107243,0.04115971177816391,0.04685371369123459,0.025020375847816467,0.025676967576146126,0.011050526052713394,0.014195694588124752,0.01935765892267227,0.008225453086197376,0.008193010464310646,0.47472068667411804,0.04180033504962921,0.2458229660987854,0.00796760618686676,0.019424032419919968
124,0.026022450998425484,0.017740633338689804,0.15957757830619812,0.019567329436540604,0.028574075549840927,0.008128038607537746,0.014632374048233032,0.003428997006267309,0.013238204643130302,0.030631156638264656,0.42630186676979065,0.05302581563591957,0.17024262249469757,0.007801142521202564,0.02108769491314888
125,0.04199850931763649,0.019035644829273224,0.04667767882347107,0.05577174574136734,0.019903363659977913,0.0229660551995039,0.06151222810149193,0.19306115806102753,0.0037364931777119637,0.0851646140217781,0.18754233419895172,0.03577735647559166,0.1447099894285202,0.039042070508003235,0.043100763112306595
126,0.04540045186877251,0.20268291234970093,0.044111467897892,0.07067893445491791,0.03000619448721409,0.03731399402022362,0.21978545188903809,0.018667137250304222,0.01961314119398594,0.00936128105968237,0.02460714988410473,0.08358967304229736,0.16420117020606995,0.0025266651064157486,0.02745441533625126
127,0.13331638276576996,0.06149531900882721,0.07911141216754913,0.2182587832212448,0.03299584612250328,0.013547603040933609,0.015399460680782795,0.13641463220119476,0.011564204469323158,0.04487290978431702,0.017155321314930916,0.030969174578785896,0.1641373187303543,0.006334730889648199,0.03442690148949623
128,0.10695574432611465,0.0425439327955246,0.040707629173994064,0.04877781122922897,0.01965407468378544,0.014265988022089005,0.049400534480810165,0.20095662772655487,0.010318378917872906,0.017689891159534454,0.07538733631372452,0.025250162929296494,0.2813909947872162,0.011126643978059292,0.05557415261864662
129,0.3461715281009674,0.030111094936728477,0.05245627090334892,0.04097847640514374,0.03767695650458336,0.019867951050400734,0.008346349000930786,0.12066703289747238,0.005304333288222551,0.02103785052895546,0.14394284784793854,0.04311029985547066,0.06119558960199356,0.026781389489769936,0.04235205054283142
130,0.22575685381889343,0.08369091153144836,0.0222355704754591,0.04988687485456467,0.10589005053043365,0.12267107516527176,0.0727979838848114,0.05615456402301788,0.019130220636725426,0.018395237624645233,0.003459762316197157,0.08326195180416107,0.031096946448087692,0.02326795645058155,0.08230405300855637
131,0.05601216107606888,0.5363720655441284,0.016446860507130623,0.09040187299251556,0.022505341097712517,0.01999259926378727,0.020914778113365173,0.002863049739971757,0.015191563405096531,0.004430109169334173,0.004374679643660784,0.048266876488924026,0.08946105092763901,0.0076488321647048,0.06511811167001724
132,0.13117633759975433,0.008520938456058502,0.1960120052099228,0.1213424876332283,0.009758573025465012,0.030477726832032204,0.003206511028110981,0.011833073571324348,0.019221177324652672,0.010946356691420078,0.015494491904973984,0.04223374277353287,0.3530753254890442,0.015135244466364384,0.03156600892543793
133,0.10786044597625732,0.034285128116607666,0.2502050995826721,0.03852713480591774,0.005560283083468676,0.012361145578324795,0.019835572689771652,0.02692730352282524,0.015055929310619831,0.03373308107256889,0.009126427583396435,0.3083582818508148,0.08673224598169327,0.013040753081440926,0.03839116916060448
134,0.014214261434972286,0.004780734423547983,0.005043073557317257,0.0028292082715779543,0.006904188543558121,0.004950649105012417,0.011245204135775566,0.003789421170949936,0.00877821072936058,0.021828537806868553,0.011943529359996319,0.8499476313591003,0.014514870010316372,0.005584428086876869,0.03364596515893936
135,0.033640068024396896,0.023674344643950462,0.04273223504424095,0.013125616125762463,0.02154023014008999,0.019105229526758194,0.25141358375549316,0.03000633791089058,0.018458858132362366,0.0414113886654377,0.03162064030766487,0.2101387232542038,0.1613256335258484,0.01327151246368885,0.08853570371866226
136,0.062341976910829544,0.024056334048509598,0.011927047744393349,0.09731552004814148,0.012326231226325035,0.013216620311141014,0.4864548444747925,0.0076895407401025295,0.012769706547260284,0.04905470833182335,0.0929017886519432,0.03642652556300163,0.07165157794952393,0.005250777117908001,0.01661679893732071
137,0.05651088431477547,0.014064122922718525,0.038448236882686615,0.13403117656707764,0.036249805241823196,0.014352081343531609,0.2571875751018524,0.026600219309329987,0.01978280581533909,0.08722009509801865,0.01911831460893154,0.09009493142366409,0.11372246593236923,0.03178384155035019,0.060833368450403214
138,0.03976551070809364,0.026167303323745728,0.0034252514597028494,0.02792569063603878,0.015381362289190292,0.015999091789126396,0.39851489663124084,0.023500598967075348,0.004636285360902548,0.10686265677213669,0.03045290894806385,0.06442010402679443,0.1965315341949463,0.01663951575756073,0.029777267947793007
139,0.01940065063536167,0.038958676159381866,0.0382470078766346,0.15877707302570343,0.010461730882525444,0.0033384247217327356,0.088154636323452,0.06601019203662872,0.054361049085855484,0.194168820977211,0.003865520702674985,0.16522444784641266,0.09267689287662506,0.012935864739120007,0.053418975323438644
140,0.016836460679769516,0.04182210564613342,0.019340064376592636,0.1325327455997467,0.008950299583375454,0.002617482328787446,0.013048671185970306,0.030957400798797607,0.006993925664573908,0.5791002511978149,0.05287758633494377,0.04893694445490837,0.026390496641397476,0.0038438665214926004,0.01575164869427681
141,0.05459468066692352,0.015788450837135315,0.06448926031589508,0.054229941219091415,0.0038277183193713427,0.055923961102962494,0.022974928840994835,0.04269856587052345,0.01744261011481285,0.03412903472781181,0.28826552629470825,0.006319889333099127,0.2682588994503021,0.017947135493159294,0.053109295666217804
142,0.022627241909503937,0.027998322620987892,0.02123047038912773,0.043640896677970886,0.026311444118618965,0.03932690992951393,0.01695142313838005,0.009616493247449398,0.021856384351849556,0.05844531208276749,0.09049013257026672,0.019763009622693062,0.5616103410720825,0.009791051037609577,0.030340583994984627
143,0.016015280038118362,0.022584570571780205,0.03333321213722229,0.012243576347827911,0.014927021227777004,0.006804984528571367,0.011136814951896667,0.05565920099616051,0.011851313523948193,0.03201938793063164,0.5570892691612244,0.030844546854496002,0.15771092474460602,0.012423078529536724,0.025356775149703026
144,0.06855998933315277,0.033944059163331985,0.05085824057459831,0.08846917748451233,0.01535781566053629,0.02041122131049633,0.04547430947422981,0.12023454904556274,0.014323347248136997,0.04532148316502571,0.16561073064804077,0.046316035091876984,0.23204930126667023,0.017203988507390022,0.03586583584547043
145,0.13505299389362335,0.024058748036623,0.048675164580345154,0.04365742206573486,0.012668736279010773,0.03440063074231148,0.03787170350551605,0.16325229406356812,0.004884056281298399,0.04683965444564819,0.0942591205239296,0.0366942323744297,0.23294469714164734,0.013725774362683296,0.07101483643054962
146,0.1327579766511917,0.03026287816464901,0.0789731815457344,0.09810150414705276,0.01863996312022209,0.017235562205314636,0.07503858953714371,0.23219917714595795,0.0047346968203783035,0.016052063554525375,0.04893621802330017,0.02129708230495453,0.19616511464118958,0.008712905459105968,0.020892998203635216
147,0.054508764296770096,0.01630350761115551,0.023470526561141014,0.10157297551631927,0.015856502577662468,0.018094107508659363,0.06423094123601913,0.25386497378349304,0.009084824472665787,0.015156608074903488,0.06981714814901352,0.024825386703014374,0.29012688994407654,0.015005786903202534,0.0280810184776783
148,0.12454702705144882,0.0068497187457978725,0.010353597812354565,0.04848574474453926,0.029489461332559586,0.014892744831740856,0.03230488300323486,0.5162644982337952,0.002724237507209182,0.019557228311896324,0.0015514178667217493,0.02150128223001957,0.14309722185134888,0.004787391051650047,0.023593494668602943
149,0.03391716256737709,0.07445628941059113,0.09602487087249756,0.01616235263645649,0.0551166869699955,0.03585593029856682,0.0392630398273468,0.019578842446208,0.005115392152220011,0.0009484970942139626,0.0035938762594014406,0.18496021628379822,0.38411563634872437,0.010141747072339058,0.04074941575527191
150,0.04494259133934975,0.020356349647045135,0.007924695499241352,0.021635398268699646,0.05050058662891388,0.013458503410220146,0.0037198769859969616,0.009053993970155716,0.016739679500460625,0.012909977696835995,0.00892284419387579,0.043341170996427536,0.7287800908088684,0.007471660617738962,0.010242586955428123
151,0.03420434892177582,0.011604152619838715,0.10479159653186798,0.033142637461423874,0.015523363836109638,0.11245716363191605,0.0173205453902483,0.00463089207187295,0.020217658951878548,0.0025266229640692472,0.00492470059543848,0.17434222996234894,0.4141024351119995,0.035422876477241516,0.014788798056542873
152,0.05045865848660469,0.005377392750233412,0.04041166976094246,0.008003643713891506,0.007039069663733244,0.028895655646920204,0.006618534214794636,0.008152068592607975,0.028314299881458282,0.009604623541235924,0.01295227650552988,0.3728136420249939,0.3850547969341278,0.01148662157356739,0.024816969409585
153,0.017536330968141556,0.008151451125741005,0.010155453346669674,0.006506233476102352,0.008877688087522984,0.009332926012575626,0.014286349527537823,0.01535850390791893,0.022855471819639206,0.01914399489760399,0.0068491180427372456,0.7850292921066284,0.029194803908467293,0.006759173236787319,0.03996317461133003
154,0.06450355052947998,0.016571231186389923,0.03631521016359329,0.01853187382221222,0.01362918596714735,0.010166916064918041,0.319286584854126,0.037626661360263824,0.06646404415369034,0.02170783095061779,0.04386793449521065,0.1383986920118332,0.1428867131471634,0.013001730665564537,0.057041727006435394
155,0.11792924255132675,0.049257270991802216,0.08328202366828918,0.06994189321994781,0.017261067405343056,0.03395240753889084,0.23626253008842468,0.03196893259882927,0.010073077864944935,0.01936883106827736,0.09748327732086182,0.048215582966804504,0.11019209027290344,0.0075388276018202305,0.06727281212806702
156,0.05109596997499466,0.024956567212939262,0.03703868389129639,0.041132375597953796,0.017764149233698845,0.027176633477211,0.33523669838905334,0.007627667393535376,0.024091381579637527,0.19672594964504242,0.010712106712162495,0.03965047746896744,0.13713596761226654,0.017491284757852554,0.03216412290930748
157,0.057357847690582275,0.014536016620695591,0.021977676078677177,0.25431638956069946,0.006278657354414463,0.006802804302424192,0.048754118382930756,0.007614969275891781,0.019773133099079132,0.105496346950531,0.07302165776491165,0.03072667121887207,0.2999404966831207,0.014538262039422989,0.03886493667960167
158,0.048934996128082275,0.01393491867929697,0.005917536094784737,0.03312886133790016,0.009056597016751766,0.008023195900022984,0.005429539829492569,0.0031035891734063625,0.024718616157770157,0.26273635029792786,0.011529621668159962,0.04085571691393852,0.5117031931877136,0.004649150185286999,0.016278106719255447
159,0.057499006390571594,0.017929209396243095,0.07392153143882751,0.10256190598011017,0.026172054931521416,0.014675124548375607,0.03134973719716072,0.019231783226132393,0.013913866132497787,0.16212210059165955,0.03239598125219345,0.030365891754627228,0.3369896113872528,0.011450412683188915,0.06942179799079895
160,0.04058929905295372,0.04105236381292343,0.1402347981929779,0.04489795118570328,0.056695982813835144,0.041833944618701935,0.03128288313746452,0.02926960401237011,0.004516442772001028,0.1054578348994255,0.1805085986852646,0.03294626623392105,0.17132852971553802,0.017612146213650703,0.06177329644560814
161,0.03535039722919464,0.023739013820886612,0.0956592857837677,0.033733997493982315,0.023487592115998268,0.024168720468878746,0.03025725670158863,0.0056351907551288605,0.03197965398430824,0.04884056746959686,0.34132587909698486,0.04770448058843613,0.18974782526493073,0.009148073382675648,0.0592220276594162
162,0.03744084760546684,0.02599506638944149,0.0943472608923912,0.038207631558179855,0.025774436071515083,0.06963620334863663,0.04627189785242081,0.028873596340417862,0.010229667648673058,0.024918746203184128,0.3195818364620209,0.035745758563280106,0.16079026460647583,0.024883044883608818,0.05730374902486801
163,0.1261671632528305,0.02090230956673622,0.026527563109993935,0.1470978558063507,0.011889668181538582,0.026581579819321632,0.022331418469548225,0.04939784109592438,0.011813837103545666,0.025114307180047035,0.17325320839881897,0.028498826548457146,0.29345816373825073,0.008078772574663162,0.028887415304780006
164,0.09592636674642563,0.006814625114202499,0.03666747361421585,0.04467536136507988,0.01481392327696085,0.034384164959192276,0.08878729492425919,0.13884706795215607,0.008673173375427723,0.025361673906445503,0.18285448849201202,0.031015096232295036,0.23333527147769928,0.013375799171626568,0.044468097388744354
165,0.07547823339700699,0.006220259703695774,0.07941299676895142,0.06369773298501968,0.013722608797252178,0.028632936999201775,0.1358378827571869,0.2544175684452057,0.012629218399524689,0.019056038931012154,0.09324570745229721,0.011900199577212334,0.1452789306640625,0.0136722382158041,0.0467975027859211
166,0.2245357632637024,0.010735029354691505,0.08478099852800369,0.11670225113630295,0.02113591693341732,0.009460286237299442,0.008798795752227306,0.29896244406700134,0.00272825313732028,0.02104088105261326,0.055900126695632935,0.06167162209749222,0.031421367079019547,0.017394596710801125,0.03473171219229698
167,0.14896389842033386,0.004873840603977442,0.03129548951983452,0.04802173376083374,0.01144498772919178,0.01576765440404415,0.055602725595235825,0.40363451838493347,0.009633942507207394,0.015480726957321167,0.021091749891638756,0.028404761105775833,0.14555656909942627,0.028519831597805023,0.031707555055618286
168,0.27434641122817993,0.03726991266012192,0.017986923456192017,0.07826198637485504,0.03435181453824043,0.04298125207424164,0.09165006130933762,0.003431551856920123,0.03605782613158226,0.0014885453274473548,0.005817687138915062,0.0277608260512352,0.21948498487472534,0.06909020245075226,0.0600200891494751
169,0.09313719719648361,0.017205597832798958,0.1272871047258377,0.04093024879693985,0.009885767474770546,0.023763317614793777,0.05629761144518852,0.009881369769573212,0.004771651700139046,0.006891499273478985,0.019670216366648674,0.011698187328875065,0.4964100420475006,0.06419853121042252,0.01797167956829071
170,0.031542085111141205,0.012966259382665157,0.007925949990749359,0.00819544866681099,0.021720509976148605,0.0038607041351497173,0.004737208131700754,0.004028890747576952,0.016239017248153687,0.03360508382320404,0.0051704165525734425,0.365385502576828,0.46744439005851746,0.008951742202043533,0.008226842619478703
171,0.027695946395397186,0.011427831836044788,0.01739325188100338,0.004080028273165226,0.009069869294762611,0.009458202868700027,0.036065466701984406,0.007868575863540173,0.029848940670490265,0.0243440680205822,0.00548099260777235,0.6991562247276306,0.029330184683203697,0.010594927705824375,0.07818549126386642
172,0.012770314700901508,0.007055505644530058,0.008691958151757717,0.006837569642812014,0.00457465834915638,0.03146228566765785,0.12081203609704971,0.0027067880146205425,0.06570803374052048,0.005404785741120577,0.01969539187848568,0.6496750712394714,0.02706468105316162,0.006106263492256403,0.031434640288352966
173,0.12210188060998917,0.013136429712176323,0.028972288593649864,0.030560027807950974,0.0050936415791511536,0.04586717486381531,0.1835508644580841,0.01911056786775589,0.012242910452187061,0.01685398817062378,0.07101131230592728,0.09304869174957275,0.18629014492034912,0.024343689903616905,0.1478162556886673
174,0.1861167848110199,0.043877266347408295,0.017991039901971817,0.03321972116827965,0.026886291801929474,0.03816237673163414,0.22591039538383484,0.01654965616762638,0.014454415068030357,0.04642269387841225,0.047380100935697556,0.05446795001626015,0.21097558736801147,0.010777892544865608,0.026807863265275955
175,0.10052374005317688,0.10054761171340942,0.010276631452143192,0.07092650979757309,0.012972221709787846,0.053739018738269806,0.34761905670166016,0.05328457057476044,0.004572298843413591,0.009854159317910671,0.0323038212954998,0.02597888372838497,0.13140618801116943,0.021336272358894348,0.024658922106027603
176,0.021979687735438347,0.09126833081245422,0.019750339910387993,0.6687131524085999,0.013376343064010143,0.006853433791548014,0.0454062856733799,0.009920631535351276,0.00885311421006918,0.011589006520807743,0.011904031038284302,0.022579574957489967,0.02395446039736271,0.012333715334534645,0.031518008559942245
177,0.026894336566329002,0.26547950506210327,0.11126215755939484,0.07976855337619781,0.008010252378880978,0.01901179552078247,0.025104891508817673,0.009920239448547363,0.008586070500314236,0.29407379031181335,0.02295876480638981,0.027408471331000328,0.0327906608581543,0.022106021642684937,0.04662459343671799
178,0.02984543889760971,0.01494329422712326,0.37058955430984497,0.02678210474550724,0.00625012768432498,0.06612111628055573,0.03517244756221771,0.006625269539654255,0.006123501807451248,0.06693988293409348,0.03702918812632561,0.03975282981991768,0.16529062390327454,0.012940984219312668,0.11559359729290009
179,0.03244813531637192,0.05997148156166077,0.215271458029747,0.04121897369623184,0.004246911965310574,0.03978221118450165,0.07497015595436096,0.030191272497177124,0.008571690879762173,0.025402754545211792,0.0792129710316658,0.008690006099641323,0.29753342270851135,0.020855413749814034,0.061633095145225525
180,0.021288082003593445,0.0069864965043962,0.07318591326475143,0.045021675527095795,0.0054495069198310375,0.029000811278820038,0.019761646166443825,0.06466029584407806,0.007716821040958166,0.0184831153601408,0.23188835382461548,0.016943026334047318,0.35558077692985535,0.03618832305073738,0.06784509867429733
181,0.056763894855976105,0.02169402875006199,0.061130113899707794,0.0165619645267725,0.00807955116033554,0.02282273955643177,0.031615495681762695,0.03091474622488022,0.010055029764771461,0.003420950146391988,0.24040555953979492,0.013001730665564537,0.4033229649066925,0.019409503787755966,0.06080181896686554
182,0.026461845263838768,0.010522677563130856,0.05960521847009659,0.012713475152850151,0.004793896805495024,0.03705625236034393,0.06654342263936996,0.4155638515949249,0.005492046009749174,0.016218919306993484,0.1709599494934082,0.0706823393702507,0.07133780419826508,0.0037786185275763273,0.028269605711102486
183,0.2730730175971985,0.016163872554898262,0.024939561262726784,0.13451793789863586,0.012839769944548607,0.06528357416391373,0.08040008693933487,0.09786616265773773,0.014524922706186771,0.007820636965334415,0.07773617655038834,0.0520043671131134,0.09066142141819,0.016397487372159958,0.03577103838324547
184,0.09299475699663162,0.13375729322433472,0.025223473086953163,0.08454842865467072,0.018047550693154335,0.1190824955701828,0.0155629338696599,0.041303496807813644,0.0016927705146372318,0.07462448626756668,0.0791592225432396,0.02362987771630287,0.21871832013130188,0.006645046640187502,0.06500988453626633
185,0.18387368321418762,0.0061697401106357574,0.09156766533851624,0.015587634406983852,0.008177071809768677,0.013708140701055527,0.007166151888668537,0.33996912837028503,0.018239667639136314,0.011196780949831009,0.007958891801536083,0.028003783896565437,0.12070069462060928,0.011265636421740055,0.13641536235809326
186,0.36268290877342224,0.11590567231178284,0.020552027970552444,0.027792392298579216,0.033296141773462296,0.02543216571211815,0.020630382001399994,0.04861177131533623,0.009947163052856922,0.029060514643788338,0.03062213771045208,0.014077279716730118,0.15131932497024536,0.06874370574951172,0.041326411068439484
187,0.04616418480873108,0.010267844423651695,0.023988662287592888,0.032539088279008865,0.005190304014831781,0.0035301183816045523,0.02490072324872017,0.007396891713142395,0.008696252480149269,0.009811591356992722,0.00942275207489729,0.006107970606535673,0.7796585559844971,0.02522633597254753,0.007098677102476358
188,0.1190418228507042,0.06197575479745865,0.021986015141010284,0.027095019817352295,0.028558017686009407,0.3670007288455963,0.09758634120225906,0.008577419444918633,0.006057568360120058,0.0026346235536038876,0.022245002910494804,0.01924726366996765,0.10384298861026764,0.009454753249883652,0.10469663143157959
